#1


float Room-215 (4269,2)
0.0,0
29.5,1
29.75,0
30.75,1
31.0,0
33.0,1
33.25,0
33.5,1
34.0,0
34.25,1
36.25,0
36.5,1
37.5,0
37.75,1
38.25,0
38.5,1
39.0,0
39.75,1
40.75,0
41.0,1
41.25,0
45.5,1
45.75,0
56.5,1
56.75,0
57.5,1
58.25,0
58.5,1
58.75,0
59.0,1
61.0,0
61.25,1
62.75,0
63.25,1
63.5,0
63.75,1
64.5,0
64.75,1
65.0,0
65.5,1
65.75,0
68.75,1
69.25,0
78.75,1
79.0,0
79.25,1
79.5,0
80.0,1
80.25,0
81.0,1
83.0,0
83.25,1
83.5,0
83.75,1
87.25,0
87.75,1
88.0,0
88.25,1
88.5,0
88.75,1
89.0,0
90.25,1
90.5,0
105.0,1
107.75,0
108.0,1
109.25,0
109.5,1
111.5,0
112.0,1
112.75,0
116.75,1
117.0,0
128.5,1
128.75,0
129.25,1
132.5,0
133.25,1
133.75,0
134.25,1
135.0,0
135.25,1
135.5,0
135.75,1
136.25,0
136.75,1
137.25,0
137.5,1
138.0,0
200.75,1
201.0,0
201.25,1
202.25,0
202.5,1
204.5,0
204.75,1
207.25,0
207.5,1
209.0,0
212.75,1
213.0,0
224.75,1
227.25,0
227.5,1
228.5,0
229.0,1
229.5,0
230.0,1
231.75,0
232.0,1
232.5,0
232.75,1
233.0,0
237.0,1
237.25,0
246.75,1
247.0,0
247.25,1
247.5,0
247.75,1
248.0,0
248.25,1
248.75,0
249.0,1
249.25,0
249.75,1
250.75,0
251.0,1
251.25,0
251.75,1
253.25,0
253.75,1
254.25,0
254.75,1
257.25,0
270.5,1
271.0,0
272.25,1
272.5,0
273.0,1
274.0,0
274.25,1
275.25,0
275.5,1
276.0,0
276.25,1
276.75,0
277.0,1
277.25,0
277.5,1
280.75,0
281.0,1
281.25,0
287.5,1
287.75,0
295.25,1
295.5,0
296.75,1
297.25,0
297.5,1
299.25,0
299.5,1
300.0,0
300.75,1
303.5,0
303.75,1
304.25,0
304.5,1
304.75,0
366.0,1
366.5,0
368.5,1
368.75,0
369.0,1
369.25,0
369.5,1
369.75,0
370.25,1
374.0,0
374.25,1
375.0,0
375.25,1
376.0,0
376.25,1
377.75,0
381.75,1
382.0,0
389.75,1
390.0,0
392.25,1
392.5,0
393.25,1
393.5,0
394.0,1
395.5,0
395.75,1
396.0,0
396.25,1
396.5,0
396.75,1
397.0,0
397.25,1
397.5,0
397.75,1
398.0,0
398.25,1
398.5,0
399.0,1
401.25,0
405.75,1
406.0,0
406.75,1
407.0,0
438.25,1
438.75,0
439.25,1
439.5,0
440.5,1
440.75,0
441.25,1
441.75,0
442.0,1
443.25,0
443.5,1
444.75,0
445.25,1
445.5,0
446.0,1
446.5,0
447.0,1
447.25,0
447.5,1
448.0,0
448.25,1
449.0,0
452.5,1
452.75,0
462.75,1
463.0,0
464.75,1
465.0,0
465.75,1
466.25,0
466.5,1
467.25,0
467.75,1
468.0,0
468.5,1
469.0,0
469.25,1
470.25,0
470.5,1
471.5,0
471.75,1
473.0,0
535.0,1
535.25,0
535.75,1
536.25,0
536.75,1
538.0,0
538.25,1
540.5,0
540.75,1
542.5,0
542.75,1
544.5,0
548.75,1
549.0,0
560.5,1
560.75,0
561.0,1
562.5,0
562.75,1
563.75,0
564.25,1
566.0,0
566.5,1
567.75,0
568.0,1
568.25,0
568.5,1
569.25,0
585.25,1
585.5,0
585.75,1
586.5,0
586.75,1
587.75,0
588.0,1
588.5,0
588.75,1
589.0,0
589.5,1
592.5,0
593.25,1
593.5,0
596.0,1
596.25,0
608.5,1
608.75,0
609.0,1
609.25,0
609.5,1
613.0,0
613.25,1
613.5,0
613.75,1
614.25,0
615.5,1
616.0,0
616.25,1
616.5,0
617.5,1
617.75,0
621.75,1
622.0,0
623.0,1
623.25,0
631.25,1
631.5,0
633.25,1
633.5,0
634.0,1
635.5,0
635.75,1
636.25,0
636.5,1
637.75,0
638.25,1
639.5,0
639.75,1
641.0,0
704.25,1
704.75,0
705.0,1
705.25,0
705.75,1
708.25,0
708.5,1
709.75,0
710.5,1
711.5,0
711.75,1
712.25,0
712.5,1
713.5,0
728.75,1
729.0,0
729.25,1
730.75,0
731.0,1
734.0,0
734.75,1
735.5,0
736.0,1
737.0,0
741.5,1
741.75,0
753.25,1
754.0,0
754.25,1
757.25,0
757.75,1
759.75,0
760.25,1
760.75,0
761.25,1
761.5,0
764.0,1
764.25,0
765.0,1
765.25,0
774.0,1
774.25,0
774.75,1
775.0,0
776.25,1
776.5,0
777.0,1
777.5,0
777.75,1
778.0,0
778.5,1
778.75,0
779.25,1
779.5,0
779.75,1
783.75,0
784.0,1
784.75,0
789.75,1
790.0,0
798.75,1
799.5,0
800.0,1
800.25,0
801.0,1
802.5,0
802.75,1
803.75,0
804.0,1
804.75,0
805.25,1
806.75,0
807.25,1
807.5,0
807.75,1
808.25,0
808.5,1
810.0,0
813.5,1
813.75,0
870.0,1
870.25,0
870.75,1
871.0,0
872.25,1
872.5,0
873.0,1
873.25,0
873.75,1
875.0,0
875.25,1
875.75,0
876.0,1
876.25,0
876.5,1
877.0,0
877.25,1
877.75,0
878.0,1
878.5,0
879.0,1
880.5,0
880.75,1
881.0,0
894.0,1
894.25,0
895.0,1
895.5,0
895.75,1
896.0,0
896.25,1
896.5,0
896.75,1
898.25,0
898.5,1
900.5,0
901.25,1
901.5,0
901.75,1
902.75,0
903.0,1
903.5,0
903.75,1
905.25,0
905.5,1
905.75,0
909.0,1
909.25,0
918.75,1
919.0,0
919.25,1
919.5,0
920.75,1
921.0,0
921.25,1
921.5,0
921.75,1
922.0,0
922.25,1
922.5,0
922.75,1
923.0,0
923.25,1
924.5,0
924.75,1
925.0,0
925.5,1
925.75,0
926.25,1
928.5,0
928.75,1
929.0,0
932.75,1
933.0,0
944.75,1
945.0,0
945.25,1
945.5,0
945.75,1
946.0,0
946.25,1
947.75,0
948.0,1
948.5,0
949.0,1
949.25,0
949.5,1
949.75,0
950.25,1
950.5,0
950.75,1
951.0,0
951.25,1
953.0,0
966.75,1
967.0,0
968.75,1
969.0,0
969.25,1
971.0,0
971.25,1
972.0,0
972.25,1
973.75,0
974.0,1
976.75,0
977.0,1
977.25,0
980.0,1
980.25,0
982.5,1
982.75,0
1039.75,1
1040.25,0
1041.25,1
1041.5,0
1042.25,1
1043.75,0
1044.0,1
1044.75,0
1045.0,1
1045.5,0
1045.75,1
1046.5,0
1046.75,1
1048.25,0
1048.5,1
1049.0,0
1049.25,1
1049.75,0
1065.0,1
1065.5,0
1066.25,1
1066.5,0
1067.0,1
1067.25,0
1067.75,1
1070.0,0
1070.25,1
1070.5,0
1071.0,1
1071.25,0
1071.5,1
1072.5,0
1072.75,1
1073.0,0
1077.0,1
1077.25,0
1110.5,1
1110.75,0
1113.0,1
1114.25,0
1114.5,1
1115.25,0
1115.5,1
1116.25,0
1116.5,1
1119.25,0
1119.5,1
1121.5,0
1135.0,1
1135.25,0
1137.25,1
1138.25,0
1138.5,1
1140.25,0
1140.5,1
1140.75,0
1141.25,1
1141.5,0
1142.25,1
1144.25,0
1144.5,1
1145.0,0
1148.5,1
1148.75,0
1208.25,1
1208.5,0
1209.25,1
1210.25,0
1210.5,1
1213.5,0
1214.0,1
1215.25,0
1215.5,1
1216.75,0
1217.25,1
1217.5,0
1221.0,1
1221.25,0
1231.5,1
1231.75,0
1233.25,1
1235.5,0
1235.75,1
1236.25,0
1236.5,1
1237.25,0
1237.5,1
1240.25,0
1240.75,1
1241.0,0
1241.25,1
1241.5,0
1246.25,1
1246.5,0
1254.0,1
1254.25,0
1255.25,1
1255.5,0
1256.75,1
1257.75,0
1258.0,1
1260.25,0
1260.5,1
1261.75,0
1262.0,1
1262.25,0
1262.5,1
1263.75,0
1264.25,1
1265.5,0
1278.75,1
1279.25,0
1281.25,1
1281.75,0
1282.0,1
1283.5,0
1283.75,1
1285.25,0
1285.5,1
1286.75,0
1287.0,1
1287.75,0
1288.0,1
1288.75,0
1302.5,1
1302.75,0
1303.25,1
1303.5,0
1303.75,1
1304.0,0
1304.75,1
1306.5,0
1306.75,1
1307.25,0
1307.75,1
1308.25,0
1309.0,1
1309.75,0
1310.0,1
1311.0,0
1311.25,1
1312.75,0
1313.5,1
1313.75,0
1375.25,1
1375.5,0
1377.0,1
1377.25,0
1377.5,1
1379.5,0
1379.75,1
1380.5,0
1380.75,1
1381.0,0
1381.25,1
1382.5,0
1382.75,1
1383.0,0
1383.25,1
1384.5,0
1385.0,1
1385.25,0
1388.5,1
1389.25,0
1399.0,1
1399.75,0
1400.75,1
1404.25,0
1404.75,1
1405.0,0
1405.25,1
1405.75,0
1406.25,1
1406.75,0
1407.0,1
1409.0,0
1413.5,1
1413.75,0
1424.5,1
1426.0,0
1426.25,1
1427.75,0
1428.0,1
1430.25,0
1430.5,1
1430.75,0
1431.0,1
1431.75,0
1432.0,1
1433.0,0
1448.75,1
1449.0,0
1449.25,1
1450.5,0
1450.75,1
1451.5,0
1451.75,1
1452.0,0
1452.75,1
1453.0,0
1453.25,1
1454.0,0
1454.25,1
1456.0,0
1456.5,1
1457.25,0
1460.0,1
1460.25,0
1469.75,1
1470.0,0
1473.0,1
1473.25,0
1473.5,1
1473.75,0
1474.25,1
1475.5,0
1475.75,1
1477.0,0
1477.25,1
1477.5,0
1477.75,1
1479.25,0
1479.5,1
1479.75,0
1480.0,1
1480.25,0
1480.75,1
1481.0,0
1485.75,1
1486.0,0
1544.75,1
1545.25,0
1545.5,1
1545.75,0
1546.25,1
1547.0,0
1547.25,1
1549.75,0
1550.25,1
1550.5,0
1550.75,1
1551.0,0
1551.5,1
1551.75,0
1552.0,1
1552.75,0
1553.0,1
1553.25,0
1553.5,1
1553.75,0
1556.25,1
1556.5,0
1569.25,1
1569.75,0
1570.0,1
1570.25,0
1570.5,1
1571.75,0
1572.25,1
1572.75,0
1573.0,1
1575.25,0
1575.5,1
1575.75,0
1576.0,1
1577.0,0
1577.25,1
1577.75,0
1590.25,1
1590.5,0
1593.0,1
1593.25,0
1594.0,1
1595.25,0
1595.5,1
1596.25,0
1596.5,1
1597.5,0
1597.75,1
1599.0,0
1599.25,1
1600.0,0
1600.5,1
1600.75,0
1605.5,1
1605.75,0
1616.75,1
1619.5,0
1620.0,1
1621.0,0
1621.25,1
1622.5,0
1622.75,1
1623.0,0
1623.75,1
1625.0,0
1629.5,1
1629.75,0
1630.5,1
1630.75,0
1639.0,1
1639.5,0
1639.75,1
1640.0,0
1640.25,1
1640.5,0
1640.75,1
1642.0,0
1642.25,1
1642.75,0
1643.25,1
1643.75,0
1644.25,1
1645.25,0
1645.5,1
1646.25,0
1646.5,1
1646.75,0
1647.0,1
1648.0,0
1648.5,1
1649.0,0
1649.25,1
1649.5,0
1710.75,1
1711.0,0
1712.5,1
1712.75,0
1713.0,1
1713.25,0
1713.5,1
1714.5,0
1715.5,1
1716.25,0
1716.5,1
1717.75,0
1718.0,1
1719.5,0
1719.75,1
1721.0,0
1723.25,1
1723.5,0
1724.5,1
1724.75,0
1734.25,1
1734.5,0
1736.75,1
1737.25,0
1737.5,1
1738.75,0
1739.0,1
1739.5,0
1739.75,1
1740.25,0
1740.5,1
1740.75,0
1741.0,1
1741.25,0
1741.75,1
1742.25,0
1742.75,1
1745.25,0
1748.0,1
1748.25,0
1748.5,1
1748.75,0
1749.0,1
1749.25,0
1758.75,1
1759.0,0
1760.75,1
1761.0,0
1761.5,1
1762.5,0
1762.75,1
1763.0,0
1763.25,1
1763.75,0
1764.0,1
1764.25,0
1764.5,1
1764.75,0
1765.0,1
1766.0,0
1766.5,1
1766.75,0
1767.0,1
1767.75,0
1768.0,1
1769.5,0
1782.5,1
1782.75,0
1784.75,1
1785.0,0
1785.25,1
1785.75,0
1786.0,1
1786.25,0
1786.5,1
1790.0,0
1790.25,1
1790.5,0
1791.5,1
1791.75,0
1792.0,1
1792.25,0
1792.5,1
1793.0,0
1797.75,1
1798.0,0
1807.0,1
1807.25,0
1809.0,1
1809.25,0
1809.75,1
1810.5,0
1810.75,1
1811.25,0
1811.5,1
1814.75,0
1815.5,1
1816.0,0
1816.25,1
1817.25,0
1881.0,1
1881.25,0
1881.5,1
1883.5,0
1883.75,1
1885.25,0
1885.5,1
1886.75,0
1887.0,1
1888.25,0
1888.5,1
1889.25,0
1902.25,1
1902.75,0
1905.0,1
1906.0,0
1906.25,1
1906.75,0
1907.0,1
1910.0,0
1910.25,1
1911.0,0
1911.25,1
1913.0,0
1926.25,1
1926.5,0
1927.0,1
1927.75,0
1929.0,1
1929.5,0
1929.75,1
1930.25,0
1930.5,1
1930.75,0
1931.0,1
1931.5,0
1931.75,1
1932.0,0
1932.25,1
1933.0,0
1933.25,1
1935.5,0
1935.75,1
1937.5,0
1952.0,1
1952.25,0
1953.25,1
1955.75,0
1956.5,1
1957.25,0
1957.5,1
1958.0,0
1958.25,1
1961.0,0
1961.25,1
1961.5,0
1962.0,1
1962.25,0
1965.0,1
1965.25,0
1975.25,1
1975.5,0
1976.5,1
1977.5,0
1978.0,1
1982.25,0
1982.5,1
1983.25,0
1984.0,1
1984.5,0
1985.0,1
1985.25,0
1985.5,1
1985.75,0
2046.25,1
2046.5,0
2048.5,1
2048.75,0
2049.25,1
2049.5,0
2050.0,1
2050.5,0
2050.75,1
2052.0,0
2052.5,1
2053.0,0
2053.75,1
2054.25,0
2054.5,1
2056.75,0
2057.0,1
2057.25,0
2071.5,1
2071.75,0
2072.5,1
2072.75,0
2073.0,1
2073.5,0
2073.75,1
2074.5,0
2075.0,1
2075.25,0
2075.5,1
2078.5,0
2079.0,1
2079.75,0
2080.0,1
2080.75,0
2085.0,1
2085.25,0
2095.5,1
2095.75,0
2096.25,1
2096.5,0
2097.25,1
2097.75,0
2098.0,1
2098.75,0
2099.25,1
2099.75,0
2100.25,1
2101.0,0
2101.5,1
2102.75,0
2103.0,1
2105.0,0
2121.0,1
2123.0,0
2123.25,1
2125.25,0
2125.5,1
2126.5,0
2126.75,1
2127.75,0
2128.0,1
2128.25,0
2128.5,1
2128.75,0
2129.0,1
2129.25,0
2129.5,1
2129.75,0
2144.5,1
2145.25,0
2146.5,1
2148.75,0
2149.0,1
2150.25,0
2150.5,1
2150.75,0
2151.0,1
2152.0,0
2152.25,1
2153.0,0
2156.0,1
2156.25,0
2156.75,1
2157.0,0
2214.25,1
2214.5,0
2216.75,1
2220.25,0
2220.5,1
2220.75,0
2221.0,1
2221.25,0
2221.5,1
2222.0,0
2222.25,1
2225.0,0
2228.25,1
2228.5,0
2237.75,1
2238.0,0
2239.0,1
2239.5,0
2239.75,1
2240.0,0
2240.25,1
2240.5,0
2241.0,1
2242.25,0
2242.5,1
2243.5,0
2244.25,1
2246.25,0
2246.5,1
2247.0,0
2247.25,1
2248.5,0
2249.75,1
2250.0,0
2263.0,1
2263.25,0
2264.5,1
2265.0,0
2265.5,1
2266.0,0
2266.25,1
2266.75,0
2267.0,1
2268.75,0
2269.0,1
2270.25,0
2270.5,1
2272.75,0
2273.5,1
2273.75,0
2289.0,1
2291.25,0
2291.75,1
2292.0,0
2292.25,1
2292.5,0
2293.0,1
2295.5,0
2295.75,1
2296.0,0
2296.25,1
2297.0,0
2297.25,1
2297.5,0
2310.25,1
2310.75,0
2311.75,1
2312.0,0
2312.5,1
2312.75,0
2313.25,1
2313.5,0
2313.75,1
2315.25,0
2315.75,1
2316.5,0
2316.75,1
2317.25,0
2317.5,1
2318.25,0
2318.5,1
2318.75,0
2319.0,1
2320.5,0
2321.25,1
2321.5,0
2384.25,1
2384.5,0
2384.75,1
2385.25,0
2385.5,1
2386.0,0
2386.25,1
2388.25,0
2388.5,1
2389.0,0
2389.25,1
2389.5,0
2389.75,1
2391.0,0
2391.5,1
2393.5,0
2396.25,1
2396.5,0
2396.75,1
2397.0,0
2409.25,1
2409.75,0
2410.0,1
2410.5,0
2410.75,1
2411.75,0
2412.0,1
2415.0,0
2415.25,1
2416.0,0
2416.25,1
2416.75,0
2430.75,1
2431.0,0
2431.25,1
2432.0,0
2433.5,1
2434.0,0
2434.25,1
2434.5,0
2435.0,1
2436.25,0
2436.5,1
2438.75,0
2439.0,1
2439.75,0
2440.0,1
2441.0,0
2454.5,1
2454.75,0
2456.75,1
2457.75,0
2458.0,1
2459.25,0
2459.5,1
2460.75,0
2461.0,1
2461.25,0
2462.0,1
2463.25,0
2463.5,1
2463.75,0
2464.0,1
2464.25,0
2464.5,1
2465.5,0
2478.75,1
2479.0,0
2479.75,1
2480.0,0
2480.75,1
2481.0,0
2481.25,1
2481.5,0
2481.75,1
2483.0,0
2483.25,1
2485.0,0
2485.25,1
2486.0,0
2486.5,1
2489.25,0
2550.5,1
2550.75,0
2551.75,1
2552.0,0
2553.5,1
2553.75,0
2554.0,1
2554.75,0
2555.0,1
2557.0,0
2557.25,1
2557.5,0
2557.75,1
2559.25,0
2559.5,1
2561.5,0
2564.25,1
2564.5,0
2565.5,1
2565.75,0
2574.5,1
2574.75,0
2575.0,1
2575.5,0
2576.0,1
2576.25,0
2577.0,1
2577.25,0
2577.5,1
2578.25,0
2578.5,1
2578.75,0
2579.0,1
2579.25,0
2580.0,1
2580.5,0
2580.75,1
2581.5,0
2582.0,1
2584.25,0
2584.75,1
2586.0,0
2600.0,1
2600.25,0
2600.75,1
2603.25,0
2603.75,1
2605.5,0
2605.75,1
2607.0,0
2607.25,1
2609.0,0
2609.25,1
2609.5,0
2613.0,1
2613.25,0
2622.5,1
2622.75,0
2624.25,1
2625.0,0
2625.25,1
2627.25,0
2627.5,1
2629.5,0
2629.75,1
2631.75,0
2632.0,1
2632.75,0
2637.5,1
2637.75,0
2646.0,1
2646.25,0
2648.75,1
2649.0,0
2649.75,1
2650.0,0
2650.25,1
2651.25,0
2652.0,1
2652.75,0
2653.0,1
2654.75,0
2655.0,1
2656.0,0
2656.25,1
2657.0,0
2720.25,1
2720.5,0
2721.5,1
2722.0,0
2722.25,1
2724.0,0
2724.5,1
2725.0,0
2725.25,1
2728.5,0
2728.75,1
2729.0,0
2729.5,1
2729.75,0
2734.0,1
2734.25,0
2743.25,1
2743.5,0
2744.25,1
2744.5,0
2744.75,1
2746.25,0
2746.5,1
2747.0,0
2747.25,1
2749.25,0
2749.5,1
2750.5,0
2750.75,1
2751.0,0
2751.25,1
2752.0,0
2752.25,1
2752.5,0
2752.75,1
2753.0,0
2766.25,1
2766.5,0
2769.0,1
2772.25,0
2772.5,1
2773.0,0
2773.25,1
2773.75,0
2774.0,1
2774.25,0
2774.5,1
2775.0,0
2775.25,1
2775.75,0
2776.25,1
2777.25,0
2777.5,1
2777.75,0
2781.5,1
2781.75,0
2790.25,1
2790.5,0
2792.75,1
2794.25,0
2794.5,1
2794.75,0
2795.25,1
2796.25,0
2796.5,1
2798.0,0
2798.25,1
2800.0,0
2800.25,1
2801.5,0
2815.0,1
2815.25,0
2816.25,1
2816.5,0
2816.75,1
2817.0,0
2817.5,1
2817.75,0
2818.0,1
2819.0,0
2819.25,1
2820.75,0
2821.25,1
2822.5,0
2822.75,1
2823.0,0
2823.25,1
2823.5,0
2823.75,1
2824.25,0
2824.75,1
2825.25,0
2886.75,1
2887.0,0
2889.0,1
2890.75,0
2891.0,1
2891.75,0
2892.0,1
2892.25,0
2892.5,1
2892.75,0
2893.0,1
2893.5,0
2893.75,1
2894.0,0
2894.25,1
2895.75,0
2896.0,1
2897.0,0
2897.25,1
2897.5,0
2900.5,1
2900.75,0
2910.75,1
2911.0,0
2912.75,1
2913.0,0
2913.5,1
2913.75,0
2914.0,1
2915.25,0
2915.5,1
2916.5,0
2916.75,1
2918.0,0
2918.25,1
2920.0,0
2920.5,1
2921.25,0
2925.5,1
2925.75,0
2934.75,1
2935.0,0
2936.0,1
2936.25,0
2936.5,1
2936.75,0
2937.0,1
2938.75,0
2939.0,1
2940.75,0
2941.0,1
2943.25,0
2943.75,1
2945.5,0
2948.25,1
2948.5,0
2959.5,1
2959.75,0
2960.0,1
2960.25,0
2960.75,1
2961.0,0
2961.25,1
2962.5,0
2962.75,1
2964.0,0
2964.5,1
2965.5,0
2966.0,1
2966.25,0
2966.75,1
2967.25,0
2967.5,1
2969.25,0
2972.25,1
2972.5,0
2973.0,1
2973.25,0
2982.75,1
2983.0,0
2985.0,1
2988.25,0
2988.5,1
2988.75,0
2989.0,1
2989.5,0
2990.25,1
2993.75,0
3055.25,1
3055.75,0
3056.75,1
3057.0,0
3057.5,1
3058.5,0
3058.75,1
3060.0,0
3060.25,1
3060.75,0
3061.0,1
3061.75,0
3062.25,1
3062.5,0
3063.25,1
3063.5,0
3063.75,1
3065.0,0
3065.25,1
3065.5,0
3069.5,1
3069.75,0
3080.75,1
3081.0,0
3081.25,1
3083.75,0
3084.25,1
3087.0,0
3087.25,1
3087.75,0
3088.0,1
3089.25,0
3089.75,1
3090.0,0
3102.25,1
3102.5,0
3103.75,1
3104.0,0
3105.25,1
3106.0,0
3106.25,1
3107.25,0
3107.5,1
3110.0,0
3110.25,1
3110.75,0
3111.0,1
3112.0,0
3112.25,1
3112.5,0
3113.25,1
3113.75,0
3118.0,1
3118.25,0
3127.0,1
3127.25,0
3127.5,1
3127.75,0
3128.5,1
3128.75,0
3129.5,1
3133.25,0
3133.5,1
3134.5,0
3134.75,1
3135.5,0
3135.75,1
3136.0,0
3136.25,1
3137.25,0
3141.0,1
3141.25,0
3150.0,1
3150.25,0
3152.25,1
3152.5,0
3153.25,1
3153.5,0
3154.25,1
3154.5,0
3155.0,1
3155.5,0
3156.0,1
3157.5,0
3157.75,1
3158.0,0
3158.25,1
3159.25,0
3159.75,1
3160.75,0
3161.0,1
3161.25,0
3164.75,1
3165.0,0
3222.25,1
3222.5,0
3224.0,1
3224.25,0
3224.5,1
3225.25,0
3225.75,1
3226.75,0
3227.0,1
3228.25,0
3228.5,1
3229.0,0
3229.25,1
3229.5,0
3229.75,1
3231.5,0
3231.75,1
3232.0,0
3232.25,1
3233.0,0
3237.25,1
3237.5,0
3247.0,1
3247.25,0
3247.5,1
3247.75,0
3249.0,1
3249.25,0
3250.0,1
3252.5,0
3252.75,1
3253.25,0
3253.75,1
3255.25,0
3255.5,1
3256.5,0
3261.5,1
3261.75,0
3273.0,1
3274.75,0
3275.0,1
3275.5,0
3275.75,1
3277.75,0
3278.0,1
3278.25,0
3278.5,1
3278.75,0
3279.0,1
3280.25,0
3280.75,1
3281.5,0
3285.5,1
3285.75,0
3296.5,1
3298.5,0
3298.75,1
3299.0,0
3299.5,1
3300.5,0
3300.75,1
3301.25,0
3301.5,1
3301.75,0
3302.0,1
3303.5,0
3303.75,1
3305.0,0
3319.0,1
3319.25,0
3319.75,1
3320.0,0
3320.25,1
3320.5,0
3320.75,1
3322.75,0
3323.0,1
3323.5,0
3323.75,1
3325.25,0
3325.5,1
3327.75,0
3328.0,1
3328.25,0
3328.5,1
3328.75,0
3329.5,1
3329.75,0
3389.75,1
3390.0,0
3390.25,1
3390.5,0
3391.75,1
3392.0,0
3393.0,1
3393.25,0
3393.5,1
3395.5,0
3395.75,1
3396.0,0
3396.25,1
3397.5,0
3397.75,1
3398.5,0
3398.75,1
3399.0,0
3399.5,1
3401.0,0
3416.0,1
3417.0,0
3417.5,1
3418.0,0
3418.25,1
3418.75,0
3419.0,1
3421.75,0
3422.0,1
3422.25,0
3422.5,1
3423.25,0
3423.75,1
3424.5,0
3425.0,1
3425.25,0
3429.0,1
3429.25,0
3438.0,1
3438.25,0
3440.5,1
3440.75,0
3441.5,1
3441.75,0
3442.0,1
3444.25,0
3444.75,1
3446.0,0
3446.25,1
3447.5,0
3447.75,1
3448.0,0
3448.5,1
3449.5,0
3465.0,1
3466.25,0
3466.5,1
3468.25,0
3468.5,1
3468.75,0
3469.0,1
3469.25,0
3469.5,1
3470.0,0
3470.25,1
3470.75,0
3471.0,1
3471.25,0
3471.75,1
3472.25,0
3472.75,1
3473.0,0
3489.0,1
3490.5,0
3491.0,1
3491.25,0
3492.0,1
3493.75,0
3494.0,1
3495.0,0
3495.25,1
3496.5,0
3496.75,1
3497.0,0
3497.25,1
3497.5,0
3498.0,1
3498.25,0
3559.0,1
3559.5,0
3560.5,1
3560.75,0
3561.25,1
3561.75,0
3562.0,1
3563.25,0
3563.75,1
3565.75,0
3566.0,1
3569.5,0
3573.25,1
3573.5,0
3607.25,1
3607.5,0
3608.5,1
3608.75,0
3609.25,1
3609.5,0
3609.75,1
3610.5,0
3610.75,1
3612.25,0
3612.75,1
3615.0,0
3615.25,1
3615.5,0
3615.75,1
3617.0,0
3630.25,1
3630.5,0
3632.25,1
3632.5,0
3633.0,1
3633.25,0
3633.5,1
3636.0,0
3636.25,1
3637.75,0
3638.0,1
3639.25,0
3639.5,1
3641.5,0
3644.5,1
3644.75,0
3645.25,1
3645.5,0
3657.25,1
3658.0,0
3658.5,1
3661.25,0
3661.5,1
3662.5,0
3662.75,1
3663.75,0
3664.0,1
3665.0,0
3726.0,1
3726.25,0
3727.25,1
3727.5,0
3727.75,1
3728.0,0
3728.25,1
3728.5,0
3729.25,1
3730.75,0
3731.0,1
3732.25,0
3732.75,1
3733.75,0
3734.0,1
3735.25,0
3735.5,1
3737.0,0
3737.5,1
3737.75,0
3752.5,1
3752.75,0
3753.0,1
3753.5,0
3753.75,1
3756.75,0
3757.0,1
3757.25,0
3757.5,1
3758.0,0
3758.25,1
3759.25,0
3759.5,1
3760.0,0
3760.25,1
3761.25,0
3764.25,1
3764.5,0
3766.25,1
3766.5,0
3776.75,1
3777.5,0
3777.75,1
3780.0,0
3780.25,1
3782.25,0
3782.5,1
3783.0,0
3783.5,1
3784.0,0
3784.25,1
3785.0,0
3798.0,1
3798.75,0
3800.75,1
3801.5,0
3801.75,1
3802.5,0
3803.0,1
3803.25,0
3803.5,1
3804.25,0
3804.5,1
3805.0,0
3805.25,1
3809.0,0
3824.75,1
3825.0,0
3825.25,1
3826.0,0
3826.5,1
3828.5,0
3828.75,1
3829.0,0
3829.75,1
3831.75,0
3832.0,1
3832.5,0
3832.75,1
3833.25,0
3837.0,1
3837.5,0
3896.0,1
3896.25,0
3897.5,1
3898.25,0
3898.5,1
3899.0,0
3899.25,1
3900.0,0
3900.25,1
3901.5,0
3901.75,1
3903.0,0
3903.25,1
3903.75,0
3904.0,1
3904.25,0
3904.5,1
3905.0,0
3909.5,1
3909.75,0
3921.0,1
3922.5,0
3922.75,1
3923.25,0
3923.5,1
3923.75,0
3924.25,1
3928.0,0
3928.25,1
3928.5,0
3928.75,1
3929.0,0
3929.25,1
3929.5,0
3933.0,1
3933.25,0
3944.75,1
3945.0,0
3946.0,1
3946.25,0
3946.5,1
3947.5,0
3947.75,1
3948.0,0
3948.5,1
3949.0,0
3949.5,1
3950.0,0
3950.25,1
3950.5,0
3950.75,1
3951.0,0
3951.25,1
3953.0,0
3953.25,1
3953.5,0
3954.0,1
3954.25,0
3967.5,1
3968.0,0
3969.25,1
3970.0,0
3970.25,1
3972.25,0
3972.5,1
3973.0,0
3973.25,1
3975.25,0
3975.5,1
3976.75,0
3977.0,1
3977.25,0
3979.75,1
3980.0,0
3980.25,1
3980.5,0
3990.0,1
3990.25,0
3992.25,1
3993.0,0
3993.5,1
3997.5,0
3998.25,1
3999.0,0
3999.25,1
4001.25,0
4001.5,1
4001.75,0
4004.0,1
4004.5,0
4064.0,1
4064.25,0
4065.5,1
4066.5,0
4066.75,1
4069.0,0
4069.25,1
4070.25,0
4070.5,1
4072.0,0
4072.25,1
4073.25,0
4078.0,1
4078.25,0
4086.25,1
4086.5,0
4088.75,1
4089.0,0
4089.25,1
4089.75,0
4090.0,1
4091.0,0
4091.25,1
4091.75,0
4092.25,1
4092.5,0
4092.75,1
4093.0,0
4093.25,1
4097.0,0
4097.5,1
4097.75,0
4100.0,1
4100.25,0
4101.0,1
4101.25,0
4110.25,1
4110.5,0
4111.25,1
4111.5,0
4111.75,1
4112.0,0
4113.5,1
4114.0,0
4114.25,1
4116.0,0
4116.5,1
4117.25,0
4117.5,1
4119.0,0
4119.25,1
4121.25,0
4121.5,1
4121.75,0
4124.5,1
4124.75,0
4125.5,1
4125.75,0
4136.25,1
4136.5,0
4137.25,1
4138.0,0
4138.25,1
4140.25,0
4140.5,1
4141.0,0
4142.0,1
4142.75,0
4143.0,1
4143.75,0
4144.0,1
4145.0,0
4145.25,1
4145.5,0
4145.75,1
4146.0,0
4158.0,1
4158.25,0
4160.25,1
4160.5,0
4160.75,1
4161.25,0
4161.75,1
4162.5,0
4162.75,1
4163.25,0
4163.5,1
4165.75,0
4166.5,1
4167.0,0
4167.25,1
4168.5,0
4169.25,1
4169.5,0
4173.5,1
4173.75,0
4231.5,1
4232.0,0
4232.75,1
4233.25,0
4233.5,1
4233.75,0
4234.0,1
4238.25,0
4238.5,1
4238.75,0
4239.0,1
4241.0,0
4241.5,1
4242.0,0
4257.25,1
4259.25,0
4259.5,1
4260.0,0
4260.25,1
4261.25,0
4261.5,1
4261.75,0
4262.0,1
4262.25,0
4262.75,1
4263.5,0
4263.75,1
4264.0,0
4264.25,1
4264.5,0
4264.75,1
4265.0,0
4265.25,1
4265.75,0
4271.0,1
4271.25,0
4280.0,1
4280.5,0
4281.25,1
4281.75,0
4282.0,1
4282.25,0
4282.5,1
4284.0,0
4284.25,1
4286.0,0
4286.25,1
4289.25,0
4289.5,1
4289.75,0
4290.0,1
4290.25,0
4302.75,1
4303.0,0
4303.75,1
4304.0,0
4304.5,1
4304.75,0
4305.0,1
4306.75,0
4307.25,1
4311.0,0
4311.25,1
4311.5,0
4311.75,1
4313.25,0
4313.5,1
4314.0,0
4329.0,1
4331.5,0
4332.25,1
4332.75,0
4333.25,1
4333.5,0
4333.75,1
4334.5,0
4334.75,1
4335.5,0
4335.75,1
4336.25,0
4336.5,1
4336.75,0
4337.25,1
4337.5,0
4399.75,1
4400.0,0
4401.5,1
4402.5,0
4403.25,1
4404.25,0
4404.5,1
4405.5,0
4405.75,1
4406.25,0
4406.75,1
4408.0,0
4408.25,1
4408.5,0
4409.0,1
4409.25,0
4447.25,1
4447.5,0
4448.75,1
4449.0,0
4449.25,1
4451.0,0
4451.25,1
4453.75,0
4454.0,1
4454.25,0
4454.5,1
4456.5,0
4456.75,1
4457.0,0
4457.25,1
4457.5,0
4471.0,1
4471.25,0
4471.5,1
4471.75,0
4473.0,1
4473.5,0
4473.75,1
4474.25,0
4474.5,1
4474.75,0
4475.0,1
4476.25,0
4476.5,1
4478.0,0
4478.25,1
4479.5,0
4479.75,1
4480.25,0
4480.75,1
4481.0,0
4481.75,1
4482.0,0
4485.25,1
4485.5,0
4494.75,1
4495.0,0
4496.75,1
4497.0,0
4497.25,1
4497.75,0
4498.0,1
4498.75,0
4499.25,1
4500.75,0
4501.0,1
4501.75,0
4502.0,1
4502.25,0
4502.5,1
4503.75,0
4504.0,1
4505.0,0
4567.0,1
4567.25,0
4567.75,1
4568.0,0
4568.75,1
4570.5,0
4571.0,1
4575.5,0
4575.75,1
4576.75,0
4577.0,1
4577.25,0
4581.75,1
4582.0,0
4591.0,1
4591.25,0
4592.25,1
4592.5,0
4593.25,1
4593.5,0
4593.75,1
4596.25,0
4596.5,1
4597.0,0
4597.25,1
4598.0,0
4598.25,1
4601.5,0
4604.25,1
4604.5,0
4615.75,1
4616.0,0
4617.0,1
4617.25,0
4617.75,1
4618.0,0
4618.25,1
4619.5,0
4619.75,1
4621.5,0
4621.75,1
4622.25,0
4622.5,1
4624.5,0
4624.75,1
4625.0,0
4625.25,1
4625.75,0
4628.5,1
4629.0,0
4629.25,1
4629.5,0
4637.25,1
4637.5,0
4638.0,1
4638.25,0
4640.0,1
4640.25,0
4640.75,1
4641.0,0
4641.25,1
4642.75,0
4643.0,1
4643.75,0
4644.0,1
4644.75,0
4645.0,1
4645.5,0
4646.0,1
4646.25,0
4646.5,1
4647.25,0
4647.5,1
4648.75,0
4649.0,1
4649.25,0
4649.5,1
4649.75,0
4663.5,1
4663.75,0
4664.0,1
4664.5,0
4665.25,1
4668.25,0
4668.5,1
4669.5,0
4669.75,1
4670.25,0
4670.5,1
4671.0,0
4671.25,1
4672.75,0
4677.75,1
4678.0,0
4736.0,1
4736.5,0
4736.75,1
4737.0,0
4737.25,1
4738.25,0
4738.5,1
4739.0,0
4739.25,1
4741.0,0
4741.25,1
4741.5,0
4741.75,1
4742.75,0
4743.25,1
4745.25,0
4759.25,1
4759.5,0
4761.0,1
4761.5,0
4761.75,1
4762.0,0
4762.25,1
4763.25,0
4763.5,1
4764.5,0
4765.0,1
4765.25,0
4765.5,1
4765.75,0
4766.0,1
4768.75,0
4769.25,1
4769.5,0
4784.75,1
4785.0,0
4785.5,1
4786.75,0
4787.0,1
4787.75,0
4788.0,1
4789.0,0
4789.25,1
4790.0,0
4790.25,1
4790.75,0
4791.25,1
4792.75,0
4793.25,1
4793.5,0
4807.25,1
4807.75,0
4808.75,1
4809.25,0
4809.5,1
4812.0,0
4812.25,1
4812.5,0
4813.0,1
4813.25,0
4813.5,1
4814.0,0
4814.25,1
4815.75,0
4816.0,1
4817.0,0
4833.0,1
4833.5,0
4833.75,1
4834.0,0
4834.25,1
4835.5,0
4836.0,1
4837.0,0
4837.25,1
4837.5,0
4837.75,1
4838.75,0
4839.0,1
4841.25,0
4903.5,1
4903.75,0
4904.0,1
4904.25,0
4904.75,1
4905.0,0
4905.25,1
4908.25,0
4908.5,1
4910.5,0
4910.75,1
4911.5,0
4911.75,1
4912.75,0
4929.25,1
4930.75,0
4931.0,1
4932.25,0
4932.75,1
4933.0,0
4933.5,1
4933.75,0
4934.0,1
4936.0,0
4936.25,1
4937.25,0
4950.5,1
4950.75,0
4952.5,1
4952.75,0
4953.0,1
4956.25,0
4956.5,1
4958.75,0
4959.25,1
4959.75,0
4960.0,1
4961.0,0
4961.5,1
4961.75,0
4977.0,1
4977.25,0
4977.75,1
4978.25,0
4978.5,1
4980.75,0
4981.0,1
4982.0,0
4982.75,1
4985.25,0
4999.0,1
4999.25,0
5000.25,1
5000.5,0
5001.5,1
5002.25,0
5002.75,1
5004.75,0
5005.0,1
5005.75,0
5006.25,1
5008.0,0
5008.25,1
5009.25,0
5070.5,1
5071.0,0
5073.0,1
5073.75,0
5074.25,1
5076.0,0
5076.5,1
5079.5,0
5079.75,1
5080.25,0
5080.5,1
5081.0,0
5096.25,1
5096.5,0
5096.75,1
5100.25,0
5100.5,1
5102.0,0
5102.25,1
5105.5,0
5121.25,1
5121.75,0
5122.0,1
5122.5,0
5123.0,1
5124.0,0
5124.5,1
5128.5,0
5128.75,1
5129.0,0
5144.25,1
5144.5,0
5144.75,1
5145.0,0
5145.5,1
5146.25,0
5146.5,1
5147.0,0
5147.25,1
5147.5,0
5147.75,1
5148.5,0
5149.0,1
5150.75,0
5151.5,1
5152.75,0
5166.5,1
5166.75,0
5168.0,1
5168.25,0
5168.75,1
5169.0,0
5169.25,1
5170.25,0
5170.75,1
5171.5,0
5171.75,1
5172.75,0
5173.5,1
5176.75,0
5177.25,1
5177.5,0
5180.5,1
5180.75,0
5181.75,1
5182.0,0
5238.0,1
5238.25,0
5238.75,1
5239.0,0
5241.0,1
5242.0,0
5242.5,1
5243.5,0
5243.75,1
5246.5,0
5246.75,1
5247.0,0
5247.5,1
5248.25,0
5248.75,1
5249.0,0
5254.25,1
5254.5,0
5262.75,1
5263.0,0
5264.5,1
5264.75,0
5265.0,1
5266.0,0
5266.25,1
5268.5,0
5268.75,1
5269.5,0
5269.75,1
5270.25,0
5270.5,1
5271.0,0
5271.25,1
5273.25,0
5278.0,1
5278.25,0
5289.0,1
5296.5,0
5296.75,1
5297.0,0
5297.25,1
5297.5,0
5313.25,1
5315.75,0
5316.0,1
5318.25,0
5319.0,1
5320.5,0
5320.75,1
5321.0,0
5325.25,1
5325.5,0
5337.5,1
5339.0,0
5339.25,1
5339.75,0
5340.0,1
5340.25,0
5340.5,1
5342.5,0
5342.75,1
5343.0,0
5343.25,1
5344.0,0
5344.5,1
5345.0,0
5345.25,1
5345.75,0
5349.0,1
5349.25,0
5409.0,1
5409.25,0
5409.75,1
5410.5,0
5410.75,1
5411.0,0
5411.25,1
5413.25,0
5413.75,1
5415.0,0
5415.25,1
5416.0,0
5416.25,1
5416.5,0
5416.75,1
5417.0,0
5421.75,1
5422.0,0
5431.25,1
5431.5,0
5431.75,1
5432.0,0
5433.0,1
5435.5,0
5435.75,1
5437.75,0
5438.0,1
5439.5,0
5439.75,1
5441.0,0
5453.5,1
5453.75,0
5454.5,1
5454.75,0
5455.5,1
5455.75,0
5456.0,1
5456.25,0
5456.75,1
5457.25,0
5457.5,1
5460.5,0
5460.75,1
5461.0,0
5461.25,1
5463.25,0
5463.5,1
5463.75,0
5464.0,1
5464.25,0
5464.5,1
5465.25,0
5478.25,1
5478.5,0
5480.0,1
5480.25,0
5481.0,1
5481.5,0
5481.75,1
5482.25,0
5482.75,1
5483.75,0
5484.0,1
5488.5,0
5489.25,1
5489.5,0
5502.0,1
5502.25,0
5505.0,1
5505.75,0
5506.0,1
5506.25,0
5506.5,1
5507.75,0
5508.0,1
5509.25,0
5509.5,1
5510.75,0
5511.0,1
5511.5,0
5511.75,1
5512.0,0
5512.25,1
5512.75,0
5513.25,1
5513.5,0
5517.75,1
5518.0,0
5574.25,1
5574.75,0
5576.5,1
5576.75,0
5577.0,1
5579.25,0
5579.75,1
5580.0,0
5580.25,1
5580.5,0
5581.0,1
5581.25,0
5581.5,1
5582.0,0
5582.5,1
5583.0,0
5583.25,1
5583.75,0
5584.0,1
5585.5,0
5597.75,1
5598.0,0
5600.25,1
5600.5,0
5601.25,1
5601.5,0
5601.75,1
5604.0,0
5604.5,1
5604.75,0
5605.25,1
5605.5,0
5606.0,1
5606.5,0
5606.75,1
5608.25,0
5608.5,1
5609.5,0
5622.75,1
5623.0,0
5623.5,1
5624.0,0
5624.25,1
5624.75,0
5625.25,1
5625.5,0
5625.75,1
5627.5,0
5627.75,1
5628.0,0
5628.25,1
5629.75,0
5630.5,1
5633.0,0
5649.0,1
5650.0,0
5650.75,1
5651.25,0
5651.5,1
5654.25,0
5654.5,1
5654.75,0
5655.0,1
5657.5,0
5659.75,1
5660.0,0
5670.25,1
5670.5,0
5672.75,1
5673.0,0
5673.5,1
5674.5,0
5674.75,1
5675.5,0
5675.75,1
5676.5,0
5677.25,1
5679.0,0
5679.25,1
5680.75,0
5681.0,1
5681.5,0
5742.0,1
5742.25,0
5742.5,1
5743.0,0
5744.25,1
5745.0,0
5745.25,1
5745.5,0
5745.75,1
5747.25,0
5747.5,1
5753.25,0
5767.75,1
5768.0,0
5769.5,1
5772.0,0
5772.25,1
5775.75,0
5776.0,1
5777.0,0
5790.25,1
5790.75,0
5793.25,1
5795.75,0
5796.0,1
5796.75,0
5797.0,1
5797.75,0
5798.0,1
5798.25,0
5798.5,1
5800.0,0
5800.25,1
5800.75,0
5815.75,1
5816.0,0
5816.5,1
5816.75,0
5817.0,1
5817.25,0
5817.5,1
5821.0,0
5821.25,1
5823.0,0
5823.5,1
5824.25,0
5829.25,1
5829.5,0
5833.5,1
5833.75,0
5834.0,1
5834.25,0
5836.25,1
5836.5,0
5841.25,1
5841.5,0
5841.75,1
5844.0,0
5844.25,1
5846.5,0
5846.75,1
5847.75,0
5848.0,1
5848.5,0
5848.75,1
5849.0,0
5849.5,1
5850.0,0
5852.5,1
5852.75,0
5910.0,1
5910.25,0
5913.25,1
5913.5,0
5913.75,1
5915.75,0
5916.0,1
5918.25,0
5918.75,1
5919.25,0
5919.5,1
5919.75,0
5920.0,1
5920.25,0
5920.75,1
5921.0,0
5925.0,1
5925.25,0
5958.0,1
5958.25,0
5958.5,1
5958.75,0
5960.5,1
5960.75,0
5961.25,1
5962.5,0
5963.0,1
5965.25,0
5965.75,1
5966.0,0
5966.25,1
5967.25,0
5967.5,1
5968.25,0
5968.75,1
5969.0,0
5982.75,1
5983.25,0
5985.0,1
5985.25,0
5985.75,1
5986.25,0
5986.5,1
5991.0,0
5991.5,1
5992.25,0
5992.5,1
5992.75,0
5993.0,1
5993.5,0
6006.0,1
6006.25,0
6006.5,1
6007.0,0
6007.75,1
6008.0,0
6009.0,1
6011.25,0
6011.75,1
6012.0,0
6012.5,1
6012.75,0
6013.0,1
6013.5,0
6013.75,1
6016.25,0
6016.5,1
6017.0,0
6080.5,1
6080.75,0
6081.5,1
6081.75,0
6082.0,1
6082.25,0
6082.5,1
6082.75,0
6083.0,1
6085.0,0
6085.25,1
6086.0,0
6086.25,1
6089.0,0
6089.25,1
6089.5,0
6103.5,1
6103.75,0
6105.25,1
6105.5,0
6105.75,1
6106.25,0
6106.5,1
6107.5,0
6107.75,1
6109.0,0
6109.25,1
6111.0,0
6111.25,1
6111.5,0
6112.25,1
6112.5,0
6112.75,1
6113.0,0
6127.0,1
6127.25,0
6127.5,1
6127.75,0
6129.0,1
6129.5,0
6129.75,1
6130.25,0
6130.75,1
6131.25,0
6131.5,1
6133.0,0
6133.25,1
6133.5,0
6133.75,1
6134.75,0
6135.0,1
6136.25,0
6137.0,1
6137.25,0
6137.5,1
6137.75,0
6150.75,1
6151.25,0
6152.25,1
6152.5,0
6153.0,1
6153.5,0
6153.75,1
6155.0,0
6155.5,1
6155.75,0
6156.0,1
6157.5,0
6157.75,1
6158.75,0
6159.0,1
6160.0,0
6161.25,1
6161.5,0
6175.5,1
6176.0,0
6177.0,1
6178.0,0
6178.25,1
6181.25,0
6181.5,1
6182.0,0
6182.25,1
6182.5,0
6182.75,1
6183.25,0
6183.5,1
6184.75,0
6185.25,1
6185.5,0
6246.0,1
6246.25,0
6246.75,1
6247.0,0
6248.5,1
6248.75,0
6249.0,1
6251.0,0
6251.25,1
6251.5,0
6251.75,1
6252.5,0
6253.0,1
6253.25,0
6253.5,1
6255.5,0
6255.75,1
6256.75,0
6270.0,1
6270.25,0
6272.5,1
6273.0,0
6273.5,1
6273.75,0
6274.5,1
6275.5,0
6275.75,1
6278.0,0
6278.5,1
6278.75,0
6279.0,1
6279.25,0
6279.5,1
6280.5,0
6284.5,1
6284.75,0
6295.25,1
6295.5,0
6296.0,1
6296.25,0
6296.75,1
6303.0,0
6303.25,1
6304.0,0
6304.25,1
6305.25,0
6305.75,1
6306.0,0
6308.25,1
6308.5,0
6308.75,1
6309.0,0
6318.25,1
6318.5,0
6321.5,1
6322.25,0
6322.75,1
6323.5,0
6323.75,1
6324.0,0
6324.25,1
6324.75,0
6325.25,1
6327.25,0
6327.75,1
6328.5,0
6328.75,1
6329.25,0
6333.75,1
6334.0,0
6341.25,1
6341.5,0
6343.25,1
6343.5,0
6345.0,1
6345.25,0
6345.75,1
6348.0,0
6348.25,1
6348.5,0
6348.75,1
6352.5,0
6417.25,1
6419.5,0
6419.75,1
6421.25,0
6421.5,1
6422.25,0
6422.5,1
6423.75,0
6424.0,1
6424.75,0
6425.25,1
6425.5,0
6430.0,1
6430.25,0
6441.75,1
6442.0,0
6442.25,1
6444.5,0
6444.75,1
6446.5,0
6446.75,1
6449.25,0
6464.0,1
6464.5,0
6465.0,1
6466.5,0
6466.75,1
6467.5,0
6467.75,1
6468.0,0
6468.25,1
6468.5,0
6468.75,1
6469.0,0
6469.25,1
6471.0,0
6471.25,1
6472.75,0
6473.0,1
6473.25,0
6473.75,1
6474.0,0
6476.5,1
6476.75,0
6477.75,1
6478.0,0
6486.5,1
6486.75,0
6488.0,1
6488.5,0
6489.0,1
6489.25,0
6489.5,1
6489.75,0
6490.25,1
6491.25,0
6491.5,1
6492.25,0
6492.75,1
6493.75,0
6494.0,1
6494.75,0
6495.0,1
6496.0,0
6496.25,1
6497.0,0
6497.5,1
6497.75,0
6512.0,1
6512.5,0
6512.75,1
6513.5,0
6513.75,1
6514.75,0
6515.0,1
6515.25,0
6515.5,1
6517.0,0
6517.5,1
6518.25,0
6518.5,1
6519.75,0
6520.0,1
6520.25,0
6520.5,1
6521.0,0
6521.5,1
6521.75,0
6526.0,1
6526.25,0
6584.75,1
6586.25,0
6586.5,1
6587.25,0
6587.5,1
6588.75,0
6589.0,1
6589.25,0
6590.25,1
6592.5,0
6592.75,1
6593.0,0
6598.0,1
6598.25,0
6609.0,1
6609.25,0
6609.5,1
6611.75,0
6612.0,1
6612.25,0
6612.5,1
6615.25,0
6615.5,1
6615.75,0
6616.0,1
6616.25,0
6616.5,1
6617.25,0
6617.5,1
6617.75,0
6619.75,1
6620.0,0
6630.75,1
6631.0,0
6632.5,1
6632.75,0
6633.0,1
6638.5,0
6638.75,1
6640.25,0
6640.75,1
6641.25,0
6654.25,1
6654.5,0
6656.0,1
6656.5,0
6656.75,1
6657.0,0
6657.25,1
6657.5,0
6658.25,1
6660.0,0
6660.25,1
6660.5,0
6660.75,1
6661.0,0
6661.25,1
6664.25,0
6679.25,1
6680.0,0
6681.0,1
6681.25,0
6681.5,1
6682.25,0
6682.5,1
6685.25,0
6685.75,1
6687.25,0
6687.5,1
6688.5,0
6690.75,1
6691.0,0
6753.25,1
6754.25,0
6754.75,1
6755.5,0
6755.75,1
6757.0,0
6757.25,1
6758.25,0
6758.5,1
6759.25,0
6759.5,1
6760.75,0
6761.0,1
6761.5,0
6765.0,1
6765.25,0
6766.0,1
6766.25,0
6801.25,1
6801.5,0
6801.75,1
6802.25,0
6802.5,1
6803.75,0
6804.0,1
6804.5,0
6805.0,1
6805.25,0
6805.5,1
6806.0,0
6806.25,1
6807.0,0
6807.5,1
6808.0,0
6808.25,1
6808.5,0
6809.0,1
6809.25,0
6823.75,1
6824.0,0
6825.25,1
6825.75,0
6826.0,1
6826.25,0
6826.5,1
6827.0,0
6827.25,1
6827.75,0
6828.0,1
6828.25,0
6828.5,1
6830.25,0
6830.5,1
6830.75,0
6831.5,1
6833.25,0
6833.5,1
6833.75,0
6837.0,1
6837.25,0
6848.75,1
6849.25,0
6849.5,1
6850.25,0
6850.5,1
6850.75,0
6851.0,1
6853.0,0
6853.5,1
6854.75,0
6855.0,1
6855.75,0
6856.0,1
6856.5,0
6859.5,1
6859.75,0
6920.5,1
6920.75,0
6921.25,1
6921.75,0
6922.0,1
6923.75,0
6924.0,1
6925.25,0
6925.5,1
6926.0,0
6926.25,1
6926.75,0
6927.0,1
6927.5,0
6927.75,1
6928.0,0
6928.25,1
6928.5,0
6928.75,1
6929.0,0
6929.25,1
6929.5,0
6943.0,1
6943.25,0
6944.5,1
6944.75,0
6945.25,1
6945.5,0
6945.75,1
6947.25,0
6947.5,1
6949.0,0
6949.25,1
6950.5,0
6950.75,1
6951.25,0
6951.5,1
6953.0,0
6958.25,1
6958.5,0
6966.5,1
6966.75,0
6967.0,1
6967.25,0
6968.75,1
6969.0,0
6969.25,1
6971.5,0
6971.75,1
6972.5,0
6973.25,1
6973.75,0
6974.0,1
6974.5,0
6974.75,1
6975.0,0
6975.25,1
6976.75,0
6981.75,1
6982.0,0
6990.25,1
6990.5,0
6990.75,1
6991.0,0
6991.5,1
6991.75,0
6992.5,1
6993.0,0
6993.25,1
6994.5,0
6994.75,1
6995.0,0
6995.25,1
6996.0,0
6996.5,1
6996.75,0
6997.0,1
7000.5,0
7000.75,1
7001.25,0
7006.0,1
7006.25,0
7016.0,1
7016.25,0
7016.5,1
7017.5,0
7017.75,1
7018.25,0
7018.5,1
7020.25,0
7020.5,1
7021.25,0
7021.5,1
7025.5,0
7025.75,1
7026.0,0
7028.5,1
7028.75,0
7029.25,1
7029.5,0
7086.25,1
7086.5,0
7088.75,1
7091.0,0
7091.25,1
7091.75,0
7092.25,1
7094.0,0
7094.75,1
7097.75,0
7109.75,1
7110.0,0
7113.25,1
7113.5,0
7113.75,1
7114.25,0
7114.5,1
7115.5,0
7115.75,1
7116.75,0
7117.0,1
7117.5,0
7117.75,1
7118.5,0
7118.75,1
7120.5,0
7120.75,1
7121.25,0
7123.75,1
7124.25,0
7125.0,1
7125.25,0
7125.5,1
7125.75,0
7135.5,1
7136.0,0
7136.25,1
7136.5,0
7137.5,1
7137.75,0
7138.25,1
7141.75,0
7142.0,1
7143.25,0
7143.5,1
7145.25,0
7149.75,1
7150.0,0
7159.25,1
7159.5,0
7160.75,1
7161.0,0
7161.5,1
7161.75,0
7162.0,1
7163.5,0
7163.75,1
7164.0,0
7164.25,1
7165.25,0
7165.5,1
7166.0,0
7166.25,1
7166.75,0
7167.0,1
7168.5,0
7183.25,1
7183.75,0
7185.5,1
7186.0,0
7186.25,1
7187.25,0
7187.75,1
7188.25,0
7188.5,1
7190.5,0
7191.0,1
7192.0,0
7192.25,1
7193.0,0
7257.0,1
7257.25,0
7257.5,1
7259.25,0
7259.5,1
7260.0,0
7260.25,1
7261.0,0
7261.25,1
7262.5,0
7262.75,1
7263.25,0
7263.75,1
7265.0,0
7268.5,1
7268.75,0
7269.25,1
7269.5,0
7281.5,1
7281.75,0
7282.0,1
7282.75,0
7283.0,1
7283.75,0
7284.0,1
7285.0,0
7285.25,1
7285.75,0
7286.0,1
7286.25,0
7286.5,1
7287.0,0
7287.25,1
7288.5,0
7288.75,1
7289.0,0
7304.0,1
7304.5,0
7304.75,1
7305.25,0
7305.5,1
7306.25,0
7306.5,1
7309.0,0
7309.25,1
7310.5,0
7310.75,1
7312.0,0
7312.25,1
7312.5,0
7326.5,1
7326.75,0
7327.5,1
7327.75,0
7328.5,1
7328.75,0
7329.0,1
7331.0,0
7331.25,1
7333.5,0
7333.75,1
7334.5,0
7334.75,1
7336.5,0
7337.25,1
7337.75,0
7340.75,1
7341.0,0
7353.0,1
7353.25,0
7353.5,1
7354.0,0
7354.25,1
7355.25,0
7355.5,1
7356.25,0
7356.5,1
7356.75,0
7357.0,1
7357.25,0
7357.5,1
7359.0,0
7359.5,1
7359.75,0
7360.0,1
7361.25,0
7425.25,1
7425.5,0
7426.0,1
7428.0,0
7428.5,1
7429.75,0
7430.0,1
7433.0,0
7436.75,1
7437.0,0
7446.0,1
7446.25,0
7448.75,1
7450.0,0
7450.25,1
7453.25,0
7453.5,1
7453.75,0
7454.0,1
7456.25,0
7456.5,1
7456.75,0
7457.0,1
7457.25,0
7471.0,1
7471.25,0
7471.75,1
7472.0,0
7473.0,1
7476.0,0
7476.25,1
7476.5,0
7477.0,1
7477.5,0
7477.75,1
7479.0,0
7479.25,1
7481.0,0
7485.25,1
7485.5,0
7496.5,1
7496.75,0
7497.0,1
7497.25,0
7497.5,1
7498.0,0
7498.5,1
7501.5,0
7501.75,1
7502.5,0
7502.75,1
7503.25,0
7503.5,1
7504.5,0
7504.75,1
7505.0,0
7505.5,1
7505.75,0
7518.25,1
7518.5,0
7519.0,1
7519.25,0
7520.25,1
7520.5,0
7521.0,1
7522.5,0
7523.0,1
7523.25,0
7523.75,1
7524.0,0
7524.25,1
7525.25,0
7525.75,1
7528.25,0
7528.5,1
7528.75,0
7529.0,1
7529.5,0
7592.0,1
7592.5,0
7593.0,1
7596.0,0
7596.25,1
7597.0,0
7597.25,1
7597.5,0
7597.75,1
7598.0,0
7598.25,1
7599.0,0
7599.25,1
7600.0,0
7600.25,1
7600.75,0
7601.75,1
7602.0,0
7614.75,1
7615.0,0
7616.5,1
7616.75,0
7617.0,1
7617.25,0
7617.5,1
7620.0,0
7620.25,1
7624.75,0
7625.0,1
7625.25,0
7641.0,1
7642.75,0
7643.0,1
7643.5,0
7644.0,1
7646.5,0
7646.75,1
7647.25,0
7647.5,1
7648.75,0
7661.75,1
7662.0,0
7665.0,1
7665.25,0
7665.75,1
7666.75,0
7667.0,1
7669.5,0
7670.0,1
7670.25,0
7670.5,1
7672.5,0
7673.75,1
7674.0,0
7686.25,1
7686.5,0
7689.0,1
7691.25,0
7691.5,1
7692.0,0
7692.5,1
7693.0,0
7693.5,1
7694.0,0
7694.25,1
7694.75,0
7695.0,1
7695.25,0
7695.75,1
7697.0,0
7697.25,1
7697.5,0
7701.0,1
7701.25,0
7758.25,1
7759.25,0
7760.0,1
7760.25,0
7760.5,1
7760.75,0
7761.0,1
7762.25,0
7762.5,1
7765.25,0
7765.5,1
7768.0,0
7768.25,1
7768.5,0
7768.75,1
7769.0,0
7785.5,1
7786.0,0
7786.25,1
7786.75,0
7787.0,1
7787.5,0
7788.0,1
7788.5,0
7788.75,1
7789.75,0
7790.0,1
7792.5,0
7793.25,1
7793.5,0
7796.75,1
7797.0,0
7807.75,1
7808.0,0
7808.25,1
7808.75,0
7809.0,1
7809.25,0
7809.75,1
7812.0,0
7812.25,1
7812.5,0
7813.0,1
7813.25,0
7813.5,1
7813.75,0
7814.0,1
7815.0,0
7815.25,1
7816.25,0
7816.5,1
7817.0,0
7817.75,1
7818.0,0
7821.25,1
7821.5,0
7822.25,1
7822.5,0
7832.75,1
7834.0,0
7834.25,1
7834.75,0
7835.0,1
7837.0,0
7837.25,1
7837.5,0
7837.75,1
7838.0,0
7838.75,1
7839.25,0
7839.5,1
7840.25,0
7840.5,1
7841.0,0
7926.0,1
7926.25,0
7927.0,1
7927.5,0
7929.25,1
7931.75,0
7932.25,1
7933.0,0
7933.25,1
7933.75,0
7934.0,1
7934.5,0
7934.75,1
7935.75,0
7936.0,1
7937.0,0
7940.5,1
7940.75,0
7942.5,1
7942.75,0
7952.5,1
7954.5,0
7954.75,1
7955.25,0
7955.5,1
7956.5,0
7956.75,1
7957.0,0
7957.25,1
7957.75,0
7958.25,1
7959.0,0
7959.25,1
7961.25,0
7961.75,1
7962.0,0
7976.0,1
7976.25,0
7977.0,1
7979.0,0
7979.5,1
7981.5,0
7981.75,1
7982.25,0
7983.25,1
7983.75,0
7984.0,1
7985.75,0
7998.75,1
7999.0,0
8001.25,1
8003.25,0
8003.5,1
8004.5,0
8005.0,1
8005.75,0
8006.0,1
8007.75,0
8008.0,1
8008.75,0
8009.25,1
8009.5,0
8025.0,1
8025.25,0
8025.5,1
8026.25,0
8026.75,1
8029.0,0
8029.25,1
8029.5,0
8029.75,1
8030.5,0
8030.75,1
8033.25,0
8037.25,1
8037.5,0
8096.75,1
8099.0,0
8099.25,1
8100.25,0
8100.5,1
8101.0,0
8101.75,1
8105.0,0
8119.0,1
8119.25,0
8121.0,1
8124.75,0
8125.0,1
8126.25,0
8126.5,1
8126.75,0
8127.25,1
8128.75,0
8129.0,1
8129.25,0
8144.75,1
8145.5,0
8145.75,1
8148.0,0
8148.25,1
8149.5,0
8149.75,1
8150.75,0
8151.0,1
8153.0,0
8156.0,1
8156.25,0
8167.5,1
8167.75,0
8168.0,1
8168.5,0
8169.0,1
8169.75,0
8170.0,1
8172.25,0
8172.5,1
8173.5,0
8174.0,1
8174.25,0
8174.5,1
8175.25,0
8175.5,1
8177.25,0
8180.75,1
8181.0,0
8193.25,1
8193.5,0
8193.75,1
8194.25,0
8194.5,1
8196.0,0
8196.25,1
8196.5,0
8196.75,1
8198.0,0
8198.5,1
8198.75,0
8199.0,1
8199.75,0
8200.0,1
8200.75,0
8201.0,1
8201.25,0
8261.0,1
8261.25,0
8264.75,1
8265.75,0
8266.0,1
8268.75,0
8269.0,1
8269.5,0
8270.25,1
8271.0,0
8271.25,1
8271.5,0
8271.75,1
8272.0,0
8272.25,1
8273.25,0
8274.0,1
8274.25,0
8276.25,1
8276.5,0
8287.0,1
8287.25,0
8287.5,1
8287.75,0
8288.0,1
8288.25,0
8288.75,1
8290.5,0
8290.75,1
8292.0,0
8292.5,1
8293.0,0
8293.25,1
8295.5,0
8295.75,1
8297.0,0
8311.5,1
8311.75,0
8313.0,1
8316.0,0
8316.25,1
8318.75,0
8319.25,1
8320.25,0
8320.5,1
8321.5,0
8322.25,1
8322.5,0
8334.5,1
8334.75,0
8337.25,1
8338.0,0
8338.25,1
8340.75,0
8341.0,1
8342.0,0
8342.5,1
8342.75,0
8343.25,1
8343.5,0
8343.75,1
8344.75,0
8349.0,1
8349.5,0
8358.75,1
8359.0,0
8360.5,1
8360.75,0
8361.5,1
8361.75,0
8362.0,1
8362.25,0
8362.5,1
8363.0,0
8363.5,1
8367.25,0
8367.5,1
8367.75,0
8368.0,1
8369.0,0
8369.5,1
8369.75,0
8372.25,1
8372.5,0
8373.0,1
8373.25,0
8430.5,1
8430.75,0
8433.75,1
8434.0,0
8434.5,1
8435.0,0
8435.5,1
8435.75,0
8436.0,1
8437.25,0
8437.5,1
8438.0,0
8438.25,1
8438.75,0
8439.25,1
8441.0,0
8442.0,1
8442.25,0
8456.0,1
8456.25,0
8457.5,1
8458.5,0
8458.75,1
8459.5,0
8460.0,1
8462.25,0
8462.75,1
8463.25,0
8463.5,1
8464.25,0
8464.5,1
8464.75,0
8465.0,1
8465.5,0
8480.5,1
8480.75,0
8481.0,1
8481.75,0
8482.0,1
8483.75,0
8484.0,1
8485.25,0
8485.5,1
8486.5,0
8486.75,1
8487.5,0
8487.75,1
8488.0,0
8488.25,1
8488.75,0
8490.0,1
8490.25,0
8504.75,1
8505.75,0
8506.0,1
8506.25,0
8506.5,1
8507.25,0
8507.5,1
8508.75,0
8509.25,1
8509.75,0
8510.0,1
8511.25,0
8511.5,1
8512.0,0
8513.0,1
8513.25,0
8517.25,1
8517.5,0
8526.5,1
8526.75,0
8528.75,1
8529.25,0
8529.75,1
8531.75,0
8532.0,1
8532.25,0
8532.5,1
8532.75,0
8533.25,1
8534.0,0
8534.25,1
8534.5,0
8534.75,1
8535.25,0
8535.5,1
8537.5,0
8541.5,1
8541.75,0
8624.75,1
8625.75,0
8626.0,1
8628.75,0
8629.0,1
8629.75,0
8630.25,1
8630.5,0
8630.75,1
8632.5,0
8633.0,1
8633.25,0
8647.25,1
8647.5,0
8648.75,1
8649.25,0
8649.5,1
8650.0,0
8650.25,1
8651.25,0
8651.5,1
8651.75,0
8652.0,1
8652.5,0
8652.75,1
8654.75,0
8655.0,1
8655.5,0
8655.75,1
8656.0,0
8656.75,1
8657.5,0
8672.0,1
8672.25,0
8673.5,1
8676.5,0
8676.75,1
8677.0,0
8677.25,1
8679.0,0
8679.25,1
8680.5,0
8680.75,1
8681.0,0
8681.25,1
8681.5,0
8681.75,1
8682.0,0
8684.5,1
8685.0,0
8694.0,1
8694.25,0
8696.5,1
8696.75,0
8697.0,1
8697.5,0
8697.75,1
8698.0,0
8698.25,1
8699.5,0
8700.5,1
8703.0,0
8703.25,1
8703.75,0
8704.0,1
8704.5,0
8704.75,1
8705.0,0
8705.5,1
8705.75,0

float Room-214 (4303,2)
0.0,0
30.5,1
30.75,0
31.25,1
31.5,0
32.75,1
34.0,0
34.25,1
35.25,0
35.5,1
37.0,0
37.25,1
37.5,0
37.75,1
38.25,0
38.5,1
39.25,0
40.0,1
40.25,0
40.5,1
40.75,0
41.0,1
41.25,0
45.0,1
45.25,0
55.25,1
55.5,0
57.0,1
57.25,0
57.5,1
59.0,0
59.5,1
60.25,0
60.5,1
60.75,0
61.0,1
62.0,0
62.25,1
63.75,0
64.0,1
65.25,0
78.5,1
78.75,0
79.0,1
79.25,0
79.5,1
80.0,0
80.75,1
81.25,0
81.5,1
81.75,0
82.0,1
82.5,0
82.75,1
84.0,0
84.5,1
85.0,0
85.5,1
87.0,0
87.25,1
88.75,0
104.75,1
107.75,0
108.25,1
108.5,0
108.75,1
109.25,0
109.75,1
112.75,0
128.0,1
128.25,0
129.0,1
131.5,0
131.75,1
132.5,0
133.25,1
133.5,0
134.25,1
135.75,0
136.0,1
137.25,0
138.0,1
138.25,0
199.0,1
199.25,0
200.25,1
200.5,0
200.75,1
203.0,0
203.5,1
204.5,0
204.75,1
206.25,0
206.5,1
207.0,0
207.25,1
208.75,0
209.0,1
209.25,0
213.0,1
213.25,0
221.5,1
221.75,0
224.75,1
227.0,0
227.25,1
228.0,0
228.25,1
229.25,0
229.5,1
230.25,0
230.5,1
232.5,0
232.75,1
233.0,0
249.0,1
249.25,0
249.5,1
250.75,0
251.0,1
251.25,0
251.5,1
252.0,0
252.25,1
254.0,0
254.25,1
255.0,0
255.25,1
256.5,0
256.75,1
257.0,0
262.5,1
262.75,0
269.75,1
270.0,0
271.5,1
271.75,0
273.0,1
275.5,0
275.75,1
277.5,0
277.75,1
278.0,0
278.25,1
278.5,0
278.75,1
279.5,0
279.75,1
280.75,0
281.0,1
281.25,0
284.75,1
285.0,0
287.25,1
287.5,0
291.75,1
292.0,0
295.75,1
296.0,0
296.75,1
297.0,0
297.25,1
298.0,0
298.25,1
299.5,0
299.75,1
301.0,0
301.25,1
301.75,0
302.0,1
303.25,0
303.5,1
303.75,0
304.0,1
304.25,0
304.75,1
305.5,0
309.5,1
309.75,0
368.75,1
373.5,0
373.75,1
374.0,0
374.25,1
375.0,0
375.25,1
376.0,0
376.25,1
376.75,0
377.0,1
377.25,0
380.25,1
380.5,0
390.25,1
390.5,0
393.25,1
393.75,0
394.0,1
396.5,0
396.75,1
397.0,0
397.25,1
397.5,0
397.75,1
398.0,0
398.5,1
398.75,0
399.0,1
401.25,0
404.0,1
404.25,0
440.0,1
440.5,0
441.5,1
442.75,0
443.0,1
445.0,0
445.25,1
446.25,0
446.5,1
447.0,0
447.25,1
447.5,0
447.75,1
448.75,0
449.0,1
449.25,0
449.5,1
449.75,0
464.5,1
466.75,0
467.0,1
468.0,0
468.25,1
468.75,0
469.0,1
469.5,0
469.75,1
470.5,0
470.75,1
473.0,0
473.75,1
474.0,0
476.5,1
476.75,0
534.5,1
534.75,0
536.25,1
536.5,0
536.75,1
537.0,0
537.25,1
537.75,0
538.0,1
538.5,0
539.0,1
540.0,0
540.25,1
540.75,0
541.0,1
542.25,0
542.75,1
544.25,0
544.5,1
544.75,0
545.5,1
545.75,0
558.5,1
558.75,0
561.25,1
562.25,0
562.5,1
562.75,0
563.0,1
563.75,0
564.0,1
565.5,0
565.75,1
566.0,0
566.25,1
567.0,0
568.25,1
569.5,0
573.25,1
573.5,0
584.5,1
584.75,0
585.0,1
585.5,0
585.75,1
588.25,0
588.5,1
589.5,0
589.75,1
590.0,0
590.25,1
592.5,0
592.75,1
593.5,0
597.5,1
597.75,0
608.5,1
608.75,0
609.0,1
609.25,0
609.5,1
609.75,0
610.0,1
610.25,0
610.5,1
612.0,0
612.25,1
612.75,0
613.25,1
614.5,0
614.75,1
617.5,0
617.75,1
618.0,0
620.5,1
620.75,0
629.75,1
630.0,0
633.25,1
633.75,0
634.0,1
635.25,0
635.5,1
637.25,0
637.5,1
641.25,0
703.75,1
704.0,0
704.5,1
704.75,0
705.0,1
707.25,0
707.5,1
707.75,0
708.0,1
708.5,0
708.75,1
711.75,0
712.0,1
712.75,0
713.25,1
713.5,0
726.25,1
726.5,0
729.0,1
729.25,0
729.5,1
730.0,0
730.25,1
732.0,0
732.25,1
734.25,0
734.5,1
734.75,0
735.5,1
736.0,0
736.25,1
736.5,0
736.75,1
737.0,0
750.75,1
751.0,0
753.25,1
753.75,0
754.0,1
754.25,0
754.5,1
754.75,0
755.0,1
755.75,0
756.0,1
757.25,0
757.5,1
758.75,0
759.0,1
759.75,0
760.0,1
760.5,0
760.75,1
761.25,0
765.75,1
766.0,0
774.5,1
775.0,0
777.25,1
777.5,0
777.75,1
779.0,0
779.25,1
780.0,0
780.25,1
782.0,0
782.25,1
783.25,0
783.5,1
783.75,0
784.0,1
785.0,0
785.25,1
785.5,0
788.25,1
788.5,0
800.0,1
800.25,0
801.0,1
802.0,0
802.25,1
804.0,0
804.25,1
805.0,0
805.5,1
806.5,0
806.75,1
807.75,0
808.0,1
808.25,0
808.5,1
808.75,0
870.5,1
870.75,0
871.0,1
871.25,0
873.25,1
874.0,0
874.25,1
877.5,0
878.0,1
879.5,0
879.75,1
880.25,0
880.5,1
881.5,0
885.0,1
885.25,0
895.75,1
896.0,0
897.25,1
897.75,0
898.0,1
898.25,0
898.75,1
899.75,0
900.25,1
901.0,0
901.75,1
902.0,0
902.25,1
903.0,0
903.25,1
903.5,0
903.75,1
904.0,0
904.25,1
904.5,0
904.75,1
905.25,0
909.0,1
909.25,0
919.5,1
919.75,0
920.75,1
922.5,0
923.0,1
923.75,0
924.0,1
924.5,0
925.0,1
925.25,0
925.5,1
925.75,0
926.0,1
928.5,0
928.75,1
929.0,0
929.25,1
929.5,0
943.25,1
943.75,0
944.75,1
946.0,0
946.25,1
948.0,0
948.25,1
953.0,0
966.75,1
967.0,0
968.75,1
969.0,0
969.25,1
970.5,0
970.75,1
972.0,0
972.25,1
972.5,0
972.75,1
973.25,0
973.75,1
974.0,0
974.5,1
976.5,0
976.75,1
977.25,0
1038.0,1
1038.25,0
1038.5,1
1038.75,0
1039.0,1
1039.25,0
1041.5,1
1041.75,0
1042.0,1
1042.25,0
1042.5,1
1043.25,0
1043.5,1
1043.75,0
1044.0,1
1046.25,0
1046.5,1
1048.25,0
1048.5,1
1049.5,0
1052.75,1
1053.0,0
1062.0,1
1062.25,0
1062.75,1
1063.5,0
1064.75,1
1065.0,0
1065.25,1
1066.25,0
1066.5,1
1067.25,0
1067.75,1
1070.25,0
1070.5,1
1073.25,0
1077.0,1
1077.25,0
1110.5,1
1110.75,0
1112.5,1
1112.75,0
1113.0,1
1114.5,0
1114.75,1
1116.0,0
1116.25,1
1117.0,0
1117.25,1
1117.5,0
1117.75,1
1118.75,0
1119.25,1
1119.5,0
1119.75,1
1120.75,0
1121.75,1
1122.0,0
1124.75,1
1125.0,0
1126.75,1
1127.0,0
1136.75,1
1137.25,0
1137.5,1
1137.75,0
1138.0,1
1138.25,0
1138.5,1
1140.0,0
1140.25,1
1141.25,0
1141.5,1
1142.0,0
1142.5,1
1144.5,0
1145.0,1
1145.5,0
1148.25,1
1148.5,0
1208.5,1
1208.75,0
1209.0,1
1209.25,0
1209.75,1
1211.0,0
1211.5,1
1215.5,0
1215.75,1
1216.0,0
1216.25,1
1216.75,0
1217.0,1
1217.25,0
1217.5,1
1217.75,0
1222.25,1
1222.5,0
1230.75,1
1231.0,0
1231.25,1
1231.5,0
1232.0,1
1232.5,0
1232.75,1
1234.5,0
1234.75,1
1235.0,0
1235.25,1
1235.75,0
1236.25,1
1236.75,0
1237.0,1
1239.0,0
1239.25,1
1239.5,0
1239.75,1
1240.0,0
1240.25,1
1241.25,0
1254.25,1
1254.75,0
1256.5,1
1257.0,0
1257.25,1
1257.75,0
1258.0,1
1258.25,0
1258.5,1
1259.75,0
1260.0,1
1260.25,0
1260.75,1
1261.25,0
1262.0,1
1263.75,0
1264.0,1
1264.25,0
1264.5,1
1265.0,0
1270.25,1
1270.5,0
1279.25,1
1279.5,0
1280.5,1
1280.75,0
1281.5,1
1283.5,0
1283.75,1
1284.25,0
1284.5,1
1284.75,0
1285.0,1
1285.25,0
1285.75,1
1286.5,0
1287.0,1
1287.75,0
1288.0,1
1289.0,0
1303.0,1
1303.25,0
1303.5,1
1303.75,0
1305.0,1
1305.25,0
1305.5,1
1307.0,0
1307.25,1
1309.25,0
1309.5,1
1311.75,0
1312.0,1
1312.5,0
1312.75,1
1313.25,0
1317.5,1
1317.75,0
1374.25,1
1374.75,0
1375.25,1
1375.5,0
1377.0,1
1378.75,0
1379.0,1
1379.5,0
1379.75,1
1380.25,0
1380.5,1
1381.0,0
1381.25,1
1381.75,0
1382.25,1
1382.5,0
1382.75,1
1385.0,0
1389.75,1
1390.0,0
1399.25,1
1399.5,0
1401.5,1
1401.75,0
1402.0,1
1407.75,0
1408.25,1
1409.5,0
1413.25,1
1413.5,0
1413.75,1
1414.0,0
1422.5,1
1422.75,0
1423.0,1
1423.5,0
1424.5,1
1425.25,0
1425.5,1
1426.75,0
1427.0,1
1427.25,0
1427.5,1
1428.5,0
1428.75,1
1431.0,0
1431.25,1
1432.0,0
1432.25,1
1432.5,0
1433.0,1
1433.25,0
1437.25,1
1437.5,0
1446.5,1
1447.0,0
1448.75,1
1449.0,0
1449.25,1
1451.75,0
1452.0,1
1452.75,0
1453.5,1
1453.75,0
1454.25,1
1454.5,0
1454.75,1
1455.75,0
1456.0,1
1457.5,0
1472.75,1
1473.0,0
1473.25,1
1474.5,0
1474.75,1
1476.0,0
1476.25,1
1477.75,0
1478.0,1
1478.25,0
1478.5,1
1479.0,0
1479.5,1
1480.5,0
1481.25,1
1481.5,0
1544.25,1
1544.75,0
1545.25,1
1545.5,0
1545.75,1
1546.25,0
1546.75,1
1547.0,0
1547.25,1
1548.0,0
1549.0,1
1549.25,0
1549.5,1
1550.25,0
1550.5,1
1552.5,0
1553.0,1
1553.75,0
1555.75,1
1556.0,0
1567.0,1
1567.5,0
1569.25,1
1569.75,0
1570.0,1
1576.25,0
1576.75,1
1577.25,0
1580.0,1
1580.25,0
1591.0,1
1591.5,0
1593.25,1
1593.5,0
1593.75,1
1595.75,0
1596.0,1
1597.25,0
1597.75,1
1598.75,0
1599.0,1
1599.5,0
1599.75,1
1600.0,0
1600.25,1
1600.5,0
1600.75,1
1601.0,0
1605.5,1
1605.75,0
1614.5,1
1614.75,0
1615.0,1
1615.25,0
1616.0,1
1616.25,0
1616.75,1
1617.0,0
1617.5,1
1617.75,0
1618.25,1
1618.75,0
1619.0,1
1619.5,0
1619.75,1
1621.0,0
1621.5,1
1621.75,0
1622.25,1
1622.75,0
1623.0,1
1624.0,0
1624.25,1
1624.5,0
1625.0,1
1625.25,0
1628.0,1
1628.25,0
1629.75,1
1630.0,0
1640.25,1
1640.75,0
1641.25,1
1641.75,0
1642.0,1
1643.25,0
1643.5,1
1643.75,0
1644.0,1
1644.25,0
1644.5,1
1645.0,0
1645.25,1
1645.75,0
1646.25,1
1647.0,0
1647.25,1
1648.0,0
1648.5,1
1648.75,0
1713.0,1
1714.5,0
1714.75,1
1715.25,0
1715.5,1
1715.75,0
1716.0,1
1717.5,0
1717.75,1
1718.0,0
1718.25,1
1720.5,0
1720.75,1
1721.25,0
1721.5,1
1721.75,0
1736.75,1
1738.5,0
1738.75,1
1739.25,0
1739.5,1
1741.0,0
1741.25,1
1741.75,0
1742.5,1
1743.5,0
1743.75,1
1744.5,0
1744.75,1
1745.0,0
1750.25,1
1750.5,0
1758.25,1
1758.5,0
1760.75,1
1761.25,0
1761.5,1
1764.5,0
1764.75,1
1765.25,0
1765.5,1
1766.5,0
1766.75,1
1767.25,0
1767.75,1
1768.0,0
1768.5,1
1769.0,0
1782.75,1
1783.0,0
1783.25,1
1783.5,0
1784.75,1
1786.5,0
1787.0,1
1787.25,0
1787.5,1
1787.75,0
1788.0,1
1788.25,0
1788.5,1
1789.5,0
1789.75,1
1790.0,0
1790.25,1
1790.75,0
1791.0,1
1791.25,0
1792.0,1
1792.5,0
1792.75,1
1793.0,0
1806.25,1
1806.75,0
1808.75,1
1809.0,0
1809.25,1
1809.75,0
1810.0,1
1811.5,0
1811.75,1
1812.25,0
1812.75,1
1814.25,0
1814.5,1
1814.75,0
1815.0,1
1815.75,0
1816.25,1
1817.25,0
1819.5,1
1819.75,0
1822.0,1
1822.25,0
1882.0,1
1883.75,0
1884.0,1
1884.75,0
1885.5,1
1885.75,0
1886.0,1
1886.25,0
1886.5,1
1887.25,0
1887.5,1
1888.25,0
1888.5,1
1888.75,0
1889.0,1
1889.5,0
1895.25,1
1895.5,0
1905.25,1
1906.5,0
1906.75,1
1907.25,0
1907.75,1
1908.25,0
1908.5,1
1909.5,0
1909.75,1
1910.0,0
1910.25,1
1911.25,0
1912.25,1
1912.75,0
1926.25,1
1926.5,0
1927.25,1
1927.5,0
1929.0,1
1929.75,0
1930.0,1
1930.25,0
1930.5,1
1932.0,0
1932.25,1
1932.75,0
1933.0,1
1933.25,0
1933.5,1
1933.75,0
1934.0,1
1934.75,0
1935.0,1
1935.75,0
1936.0,1
1936.75,0
1937.0,1
1937.25,0
1941.25,1
1941.5,0
1951.0,1
1951.25,0
1953.0,1
1954.0,0
1954.25,1
1955.75,0
1956.0,1
1957.25,0
1957.5,1
1958.5,0
1959.0,1
1960.25,0
1960.5,1
1961.25,0
1963.75,1
1964.0,0
1975.0,1
1975.25,0
1977.0,1
1978.0,0
1978.25,1
1980.0,0
1980.25,1
1980.5,0
1980.75,1
1982.0,0
1982.25,1
1984.75,0
1985.0,1
1985.25,0
1990.5,1
1991.0,0
2048.5,1
2048.75,0
2049.0,1
2050.75,0
2051.0,1
2052.5,0
2052.75,1
2053.5,0
2054.0,1
2056.25,0
2056.5,1
2056.75,0
2060.5,1
2060.75,0
2070.75,1
2071.25,0
2072.5,1
2072.75,0
2073.5,1
2073.75,0
2074.25,1
2075.75,0
2076.0,1
2077.0,0
2077.5,1
2078.25,0
2078.5,1
2078.75,0
2079.75,1
2080.75,0
2081.0,1
2081.25,0
2085.0,1
2085.25,0
2095.5,1
2095.75,0
2097.0,1
2098.5,0
2098.75,1
2099.5,0
2099.75,1
2100.0,0
2100.5,1
2100.75,0
2101.0,1
2101.5,0
2102.0,1
2102.75,0
2103.0,1
2104.25,0
2104.5,1
2105.0,0
2121.5,1
2124.25,0
2124.5,1
2125.0,0
2125.25,1
2125.75,0
2126.25,1
2127.25,0
2127.5,1
2127.75,0
2128.0,1
2128.25,0
2128.5,1
2128.75,0
2134.75,1
2135.0,0
2143.75,1
2144.0,0
2145.0,1
2147.25,0
2147.5,1
2148.5,0
2148.75,1
2150.0,0
2150.25,1
2153.0,0
2156.75,1
2157.0,0
2217.25,1
2218.25,0
2218.5,1
2219.0,0
2219.5,1
2220.5,0
2220.75,1
2222.25,0
2222.5,1
2225.25,0
2240.0,1
2240.25,0
2241.0,1
2241.5,0
2241.75,1
2242.0,0
2242.25,1
2242.5,0
2243.25,1
2244.5,0
2244.75,1
2246.5,0
2246.75,1
2248.0,0
2248.25,1
2248.5,0
2249.75,1
2250.0,0
2263.25,1
2263.5,0
2265.0,1
2265.75,0
2266.0,1
2267.75,0
2268.5,1
2269.0,0
2269.25,1
2269.75,0
2270.0,1
2270.5,0
2270.75,1
2272.25,0
2272.5,1
2273.0,0
2289.0,1
2289.25,0
2289.5,1
2289.75,0
2290.0,1
2291.25,0
2291.5,1
2291.75,0
2292.0,1
2292.25,0
2292.75,1
2294.0,0
2294.5,1
2295.75,0
2296.25,1
2296.5,0
2296.75,1
2297.25,0
2300.5,1
2300.75,0
2301.5,1
2301.75,0
2309.5,1
2309.75,0
2310.0,1
2310.25,0
2313.0,1
2315.0,0
2315.25,1
2316.0,0
2316.25,1
2317.5,0
2317.75,1
2320.25,0
2320.5,1
2321.5,0
2384.75,1
2385.0,0
2385.25,1
2388.0,0
2388.5,1
2388.75,0
2389.0,1
2389.25,0
2389.5,1
2390.25,0
2390.5,1
2391.75,0
2392.0,1
2392.75,0
2393.0,1
2393.25,0
2408.75,1
2409.0,0
2409.25,1
2409.5,0
2409.75,1
2411.0,0
2411.25,1
2412.0,0
2412.5,1
2414.0,0
2414.25,1
2416.75,0
2417.0,1
2417.5,0
2430.25,1
2430.5,0
2431.0,1
2431.25,0
2433.0,1
2433.25,0
2433.5,1
2434.0,0
2434.25,1
2434.5,0
2435.0,1
2436.0,0
2436.25,1
2438.0,0
2438.25,1
2439.0,0
2439.25,1
2439.5,0
2439.75,1
2440.25,0
2440.5,1
2441.25,0
2455.5,1
2456.0,0
2456.5,1
2458.5,0
2458.75,1
2460.25,0
2461.5,1
2462.5,0
2462.75,1
2465.0,0
2479.0,1
2479.25,0
2481.5,1
2484.75,0
2485.0,1
2486.5,0
2486.75,1
2488.0,0
2488.25,1
2489.5,0
2553.0,1
2553.5,0
2553.75,1
2554.0,0
2554.25,1
2555.5,0
2555.75,1
2556.75,0
2557.5,1
2557.75,0
2558.25,1
2560.5,0
2560.75,1
2561.0,0
2561.25,1
2561.5,0
2565.25,1
2565.75,0
2577.0,1
2577.75,0
2578.0,1
2578.25,0
2578.5,1
2580.25,0
2581.0,1
2581.25,0
2581.75,1
2583.0,0
2583.25,1
2584.5,0
2598.5,1
2598.75,0
2599.5,1
2599.75,0
2601.25,1
2603.0,0
2603.25,1
2603.75,0
2604.0,1
2604.25,0
2604.5,1
2604.75,0
2605.0,1
2607.75,0
2608.0,1
2608.25,0
2608.5,1
2609.0,0
2623.75,1
2624.0,0
2624.5,1
2624.75,0
2625.0,1
2629.25,0
2629.75,1
2630.25,0
2630.5,1
2631.75,0
2632.0,1
2632.75,0
2636.0,1
2636.25,0
2637.25,1
2637.5,0
2647.5,1
2647.75,0
2648.0,1
2648.5,0
2649.5,1
2649.75,0
2650.0,1
2650.5,0
2650.75,1
2651.25,0
2651.5,1
2652.25,0
2652.5,1
2653.0,0
2653.25,1
2654.0,0
2654.25,1
2655.25,0
2655.5,1
2655.75,0
2656.0,1
2657.25,0
2661.75,1
2662.0,0
2719.75,1
2720.0,0
2721.5,1
2722.0,0
2722.25,1
2722.75,0
2723.0,1
2723.75,0
2724.0,1
2726.75,0
2727.0,1
2729.25,0
2729.75,1
2730.0,0
2732.75,1
2733.0,0
2733.75,1
2734.0,0
2742.25,1
2742.5,0
2742.75,1
2743.0,0
2743.5,1
2743.75,0
2745.0,1
2749.0,0
2749.25,1
2749.5,0
2749.75,1
2751.0,0
2751.5,1
2752.0,0
2752.25,1
2752.75,0
2753.0,1
2753.25,0
2753.75,1
2754.0,0
2757.5,1
2758.0,0
2766.0,1
2766.25,0
2766.5,1
2766.75,0
2768.25,1
2768.5,0
2769.25,1
2770.0,0
2770.25,1
2771.5,0
2771.75,1
2774.0,0
2774.25,1
2774.5,0
2775.25,1
2777.0,0
2777.25,1
2777.5,0
2789.75,1
2790.0,0
2792.5,1
2792.75,0
2793.0,1
2793.5,0
2793.75,1
2794.0,0
2794.25,1
2795.75,0
2796.25,1
2797.25,0
2798.0,1
2799.0,0
2799.25,1
2801.25,0
2816.25,1
2817.0,0
2817.5,1
2817.75,0
2818.0,1
2818.25,0
2819.25,1
2820.0,0
2820.25,1
2820.5,0
2820.75,1
2821.5,0
2821.75,1
2822.0,0
2822.25,1
2824.5,0
2824.75,1
2825.0,0
2888.25,1
2890.5,0
2890.75,1
2891.0,0
2891.25,1
2891.75,0
2892.0,1
2893.75,0
2894.0,1
2894.25,0
2894.5,1
2894.75,0
2895.0,1
2895.5,0
2895.75,1
2897.25,0
2912.75,1
2913.75,0
2914.25,1
2914.5,0
2915.0,1
2917.0,0
2917.25,1
2917.5,0
2917.75,1
2919.0,0
2919.25,1
2920.0,0
2920.25,1
2921.5,0
2921.75,1
2922.0,0
2926.0,1
2926.25,0
2934.25,1
2934.5,0
2935.25,1
2935.5,0
2936.0,1
2936.25,0
2936.75,1
2937.75,0
2938.25,1
2939.0,0
2939.25,1
2940.5,0
2940.75,1
2942.25,0
2942.5,1
2942.75,0
2943.0,1
2943.5,0
2943.75,1
2945.0,0
2945.25,1
2945.5,0
2945.75,1
2946.0,0
2960.25,1
2960.5,0
2961.0,1
2961.75,0
2962.0,1
2962.25,0
2962.75,1
2964.25,0
2964.5,1
2967.0,0
2967.25,1
2967.75,0
2968.0,1
2968.5,0
2973.25,1
2973.5,0
2981.75,1
2982.0,0
2985.0,1
2987.0,0
2987.25,1
2987.5,0
2987.75,1
2988.5,0
2988.75,1
2989.0,0
2989.25,1
2989.75,0
2990.75,1
2991.0,0
2991.5,1
2992.0,0
2992.75,1
2993.0,0
2996.75,1
2997.0,0
2997.75,1
2998.0,0
3054.75,1
3055.0,0
3057.5,1
3060.25,0
3060.5,1
3062.25,0
3062.5,1
3063.25,0
3063.5,1
3064.0,0
3064.5,1
3065.25,0
3077.75,1
3078.0,0
3078.25,1
3078.5,0
3081.0,1
3082.25,0
3082.5,1
3083.25,0
3083.5,1
3086.5,0
3086.75,1
3087.0,0
3087.25,1
3088.5,0
3089.0,1
3089.5,0
3092.75,1
3093.0,0
3103.0,1
3103.5,0
3105.0,1
3105.5,0
3105.75,1
3106.25,0
3106.5,1
3106.75,0
3107.0,1
3108.25,0
3109.25,1
3110.0,0
3110.25,1
3111.5,0
3111.75,1
3112.0,0
3112.25,1
3113.25,0
3127.0,1
3127.25,0
3129.0,1
3130.0,0
3130.25,1
3131.0,0
3131.5,1
3133.75,0
3134.0,1
3134.25,0
3134.5,1
3134.75,0
3135.0,1
3136.5,0
3136.75,1
3137.25,0
3140.5,1
3140.75,0
3142.0,1
3142.25,0
3150.0,1
3150.25,0
3151.25,1
3151.5,0
3152.5,1
3152.75,0
3153.0,1
3153.75,0
3154.0,1
3156.5,0
3156.75,1
3157.75,0
3158.25,1
3160.0,0
3160.25,1
3160.5,0
3160.75,1
3161.25,0
3223.25,1
3223.5,0
3224.0,1
3224.25,0
3224.75,1
3227.75,0
3228.0,1
3230.0,0
3230.5,1
3231.5,0
3231.75,1
3232.5,0
3232.75,1
3233.25,0
3236.75,1
3237.0,0
3237.25,1
3237.5,0
3246.5,1
3246.75,0
3247.0,1
3247.25,0
3249.0,1
3250.0,0
3250.5,1
3252.0,0
3252.25,1
3252.5,0
3252.75,1
3253.25,0
3253.5,1
3254.25,0
3254.5,1
3257.25,0
3271.5,1
3271.75,0
3273.0,1
3277.5,0
3277.75,1
3278.5,0
3278.75,1
3279.25,0
3280.25,1
3281.0,0
3282.0,1
3282.25,0
3284.75,1
3285.0,0
3286.0,1
3286.25,0
3296.75,1
3297.0,0
3297.25,1
3297.5,0
3297.75,1
3298.25,0
3298.75,1
3299.0,0
3299.25,1
3300.25,0
3300.75,1
3301.0,0
3301.25,1
3302.0,0
3302.5,1
3303.0,0
3303.25,1
3304.75,0
3305.0,1
3305.25,0
3318.25,1
3318.75,0
3319.25,1
3319.5,0
3319.75,1
3320.0,0
3320.25,1
3320.75,0
3321.0,1
3323.25,0
3323.5,1
3324.0,0
3325.0,1
3325.25,0
3325.5,1
3327.25,0
3327.5,1
3329.0,0
3389.75,1
3390.0,0
3392.25,1
3392.5,0
3393.0,1
3395.0,0
3395.25,1
3396.0,0
3396.25,1
3397.25,0
3397.5,1
3399.0,0
3399.5,1
3400.5,0
3400.75,1
3401.25,0
3404.5,1
3404.75,0
3414.75,1
3415.25,0
3416.5,1
3416.75,0
3417.0,1
3417.25,0
3417.75,1
3418.75,0
3419.0,1
3420.75,0
3421.0,1
3421.5,0
3421.75,1
3422.0,0
3422.25,1
3423.25,0
3423.5,1
3424.75,0
3428.25,1
3428.5,0
3440.75,1
3441.75,0
3442.0,1
3444.25,0
3444.5,1
3444.75,0
3445.0,1
3445.25,0
3445.5,1
3446.5,0
3446.75,1
3447.5,0
3447.75,1
3449.25,0
3464.75,1
3465.0,0
3465.25,1
3466.75,0
3467.0,1
3467.75,0
3468.0,1
3468.5,0
3468.75,1
3469.75,0
3470.25,1
3472.0,0
3472.5,1
3473.0,0
3486.5,1
3486.75,0
3488.75,1
3489.75,0
3490.0,1
3490.25,0
3490.5,1
3492.0,0
3492.25,1
3492.5,0
3492.75,1
3493.75,0
3494.0,1
3495.0,0
3495.25,1
3497.5,0
3558.5,1
3558.75,0
3560.0,1
3560.5,0
3561.0,1
3561.25,0
3561.5,1
3561.75,0
3562.5,1
3564.5,0
3564.75,1
3566.75,0
3567.25,1
3568.0,0
3568.25,1
3569.5,0
3609.0,1
3614.75,0
3615.0,1
3615.25,0
3615.5,1
3616.5,0
3616.75,1
3617.25,0
3630.5,1
3630.75,0
3632.25,1
3632.75,0
3633.5,1
3633.75,0
3634.0,1
3636.5,0
3636.75,1
3637.0,0
3637.25,1
3637.75,0
3638.0,1
3638.75,0
3639.0,1
3641.0,0
3645.75,1
3646.0,0
3646.25,1
3646.5,0
3657.0,1
3657.25,0
3657.5,1
3658.0,0
3658.25,1
3659.0,0
3659.25,1
3660.0,0
3660.5,1
3660.75,0
3661.0,1
3661.25,0
3661.75,1
3664.5,0
3664.75,1
3665.0,0
3665.25,1
3665.5,0
3669.5,1
3669.75,0
3726.25,1
3726.5,0
3727.0,1
3727.25,0
3728.75,1
3729.0,0
3729.25,1
3731.75,0
3732.25,1
3733.25,0
3733.5,1
3736.5,0
3736.75,1
3737.25,0
3737.5,1
3737.75,0
3752.75,1
3753.0,0
3753.25,1
3753.5,0
3754.5,1
3756.25,0
3756.5,1
3756.75,0
3757.0,1
3757.75,0
3758.0,1
3758.75,0
3759.0,1
3759.5,0
3759.75,1
3761.25,0
3774.0,1
3774.25,0
3776.5,1
3776.75,0
3777.25,1
3777.75,0
3778.0,1
3778.5,0
3779.25,1
3779.75,0
3780.0,1
3781.0,0
3781.25,1
3781.5,0
3782.0,1
3782.5,0
3783.25,1
3784.0,0
3784.25,1
3785.25,0
3785.5,1
3785.75,0
3799.0,1
3799.25,0
3800.25,1
3801.25,0
3802.25,1
3803.25,0
3803.5,1
3804.5,0
3805.25,1
3806.0,0
3806.25,1
3807.0,0
3807.5,1
3808.25,0
3808.5,1
3809.0,0
3809.25,1
3809.5,0
3814.0,1
3814.25,0
3822.75,1
3823.0,0
3824.75,1
3825.0,0
3825.25,1
3825.5,0
3825.75,1
3826.0,0
3826.25,1
3827.25,0
3827.5,1
3827.75,0
3828.0,1
3828.5,0
3829.0,1
3829.5,0
3830.0,1
3830.5,0
3830.75,1
3831.0,0
3831.25,1
3831.75,0
3832.0,1
3832.75,0
3833.0,1
3833.25,0
3894.25,1
3894.5,0
3895.25,1
3895.5,0
3895.75,1
3896.0,0
3897.25,1
3897.5,0
3897.75,1
3898.25,0
3898.5,1
3899.25,0
3899.5,1
3901.5,0
3901.75,1
3903.75,0
3904.25,1
3905.0,0
3921.0,1
3921.5,0
3921.75,1
3923.5,0
3923.75,1
3924.75,0
3925.0,1
3925.5,0
3925.75,1
3928.0,0
3928.25,1
3928.5,0
3928.75,1
3929.25,0
3942.75,1
3943.25,0
3944.25,1
3944.5,0
3945.0,1
3945.25,0
3946.0,1
3946.25,0
3946.5,1
3948.0,0
3948.5,1
3949.5,0
3949.75,1
3952.0,0
3952.25,1
3953.0,0
3953.25,1
3953.5,0
3956.5,1
3956.75,0
3968.75,1
3969.0,0
3969.5,1
3970.5,0
3970.75,1
3972.25,0
3972.5,1
3972.75,0
3973.0,1
3975.0,0
3975.25,1
3976.75,0
3993.25,1
3994.75,0
3995.0,1
3995.25,0
3995.5,1
3995.75,0
3996.25,1
3996.75,0
3997.0,1
3998.25,0
3998.75,1
4000.0,0
4000.25,1
4000.75,0
4004.25,1
4004.5,0
4064.0,1
4064.25,0
4064.75,1
4065.0,0
4065.25,1
4065.75,0
4066.5,1
4067.0,0
4067.25,1
4068.25,0
4068.5,1
4068.75,0
4069.5,1
4070.0,0
4070.25,1
4073.5,0
4088.5,1
4088.75,0
4089.5,1
4090.0,0
4090.25,1
4091.25,0
4091.5,1
4091.75,0
4092.0,1
4092.25,0
4092.5,1
4095.75,0
4110.75,1
4111.0,0
4112.75,1
4113.0,0
4113.5,1
4113.75,0
4114.0,1
4114.5,0
4114.75,1
4115.75,0
4116.0,1
4118.5,0
4119.25,1
4120.0,0
4120.25,1
4120.5,0
4120.75,1
4121.5,0
4123.5,1
4123.75,0
4134.5,1
4134.75,0
4136.5,1
4136.75,0
4137.0,1
4140.0,0
4140.25,1
4143.25,0
4143.5,1
4145.25,0
4160.25,1
4160.5,0
4161.25,1
4161.75,0
4162.0,1
4163.75,0
4164.0,1
4165.0,0
4165.25,1
4166.0,0
4166.25,1
4167.0,0
4167.25,1
4169.0,0
4169.25,1
4169.5,0
4173.0,1
4173.25,0
4230.5,1
4230.75,0
4231.25,1
4231.5,0
4232.75,1
4233.0,0
4233.25,1
4233.75,0
4234.25,1
4234.75,0
4235.0,1
4235.5,0
4235.75,1
4236.5,0
4236.75,1
4237.0,0
4237.25,1
4237.5,0
4237.75,1
4238.25,0
4238.5,1
4239.25,0
4239.75,1
4241.0,0
4241.25,1
4241.5,0
4256.25,1
4256.5,0
4257.0,1
4258.75,0
4259.0,1
4259.75,0
4260.25,1
4261.75,0
4262.25,1
4262.5,0
4262.75,1
4265.5,0
4269.0,1
4269.25,0
4278.5,1
4278.75,0
4279.25,1
4279.5,0
4279.75,1
4280.0,0
4281.0,1
4281.5,0
4281.75,1
4283.25,0
4283.5,1
4283.75,0
4284.0,1
4284.25,0
4284.5,1
4286.5,0
4287.0,1
4287.75,0
4288.0,1
4289.0,0
4293.25,1
4293.5,0
4302.5,1
4302.75,0
4303.5,1
4303.75,0
4304.25,1
4304.5,0
4304.75,1
4305.25,0
4305.5,1
4305.75,0
4306.0,1
4306.25,0
4306.5,1
4307.5,0
4307.75,1
4310.0,0
4310.25,1
4311.0,0
4311.25,1
4312.5,0
4313.0,1
4313.25,0
4313.5,1
4313.75,0
4326.75,1
4327.0,0
4329.0,1
4329.25,0
4329.5,1
4330.0,0
4330.25,1
4331.0,0
4331.25,1
4331.5,0
4331.75,1
4334.25,0
4334.5,1
4334.75,0
4335.0,1
4335.25,0
4335.5,1
4337.25,0
4398.25,1
4398.5,0
4401.25,1
4405.0,0
4405.5,1
4406.75,0
4407.0,1
4407.5,0
4407.75,1
4409.0,0
4446.5,1
4446.75,0
4448.25,1
4448.5,0
4449.0,1
4449.25,0
4449.5,1
4451.75,0
4452.0,1
4454.25,0
4454.75,1
4455.25,0
4455.5,1
4457.0,0
4457.25,1
4457.5,0
4460.0,1
4460.25,0
4471.0,1
4471.25,0
4472.75,1
4473.0,0
4473.25,1
4474.0,0
4474.25,1
4474.5,0
4474.75,1
4475.75,0
4476.0,1
4477.5,0
4477.75,1
4480.0,0
4480.25,1
4481.0,0
4484.75,1
4485.25,0
4496.0,1
4496.25,0
4497.0,1
4497.5,0
4498.0,1
4498.25,0
4498.75,1
4500.5,0
4501.0,1
4501.75,0
4502.0,1
4503.0,0
4503.25,1
4505.25,0
4569.5,1
4570.25,0
4570.5,1
4572.5,0
4572.75,1
4574.0,0
4574.25,1
4575.25,0
4575.5,1
4577.25,0
4581.0,1
4581.25,0
4592.25,1
4593.25,0
4593.5,1
4595.0,0
4595.25,1
4596.5,0
4596.75,1
4597.5,0
4597.75,1
4598.5,0
4599.0,1
4601.25,0
4617.0,1
4617.25,0
4617.75,1
4619.75,0
4620.25,1
4620.75,0
4621.75,1
4622.0,0
4622.5,1
4623.5,0
4624.0,1
4625.25,0
4628.75,1
4629.0,0
4629.75,1
4630.0,0
4639.75,1
4640.0,0
4640.75,1
4641.25,0
4641.75,1
4642.0,0
4642.5,1
4643.5,0
4643.75,1
4644.25,0
4644.5,1
4646.25,0
4646.5,1
4647.25,0
4647.75,1
4648.5,0
4652.5,1
4652.75,0
4663.75,1
4664.0,0
4664.5,1
4664.75,0
4665.0,1
4665.5,0
4665.75,1
4667.0,0
4667.25,1
4668.25,0
4668.5,1
4669.25,0
4669.5,1
4669.75,0
4670.25,1
4671.75,0
4672.0,1
4672.75,0
4676.0,1
4676.25,0
4677.25,1
4677.5,0
4736.25,1
4736.5,0
4736.75,1
4737.5,0
4738.0,1
4739.25,0
4739.5,1
4742.25,0
4742.5,1
4742.75,0
4743.0,1
4744.0,0
4744.25,1
4744.5,0
4744.75,1
4745.25,0
4761.5,1
4764.0,0
4764.25,1
4764.75,0
4765.0,1
4765.5,0
4765.75,1
4766.25,0
4766.5,1
4769.25,0
4771.5,1
4771.75,0
4785.0,1
4785.5,0
4785.75,1
4786.25,0
4786.5,1
4787.0,0
4787.25,1
4787.75,0
4788.25,1
4789.0,0
4789.25,1
4790.25,0
4790.5,1
4791.25,0
4791.5,1
4792.0,0
4792.25,1
4792.5,0
4793.0,1
4793.5,0
4796.0,1
4796.25,0
4806.25,1
4806.5,0
4809.25,1
4809.75,0
4810.5,1
4811.25,0
4811.75,1
4814.5,0
4814.75,1
4815.5,0
4815.75,1
4817.75,0
4832.5,1
4832.75,0
4833.0,1
4833.25,0
4833.5,1
4833.75,0
4834.0,1
4834.25,0
4834.5,1
4834.75,0
4835.0,1
4836.0,0
4836.25,1
4836.5,0
4836.75,1
4840.0,0
4840.25,1
4841.5,0
4902.5,1
4902.75,0
4903.0,1
4903.25,0
4903.5,1
4904.5,0
4904.75,1
4906.0,0
4906.25,1
4908.25,0
4908.5,1
4908.75,0
4909.0,1
4909.5,0
4909.75,1
4910.0,0
4910.25,1
4911.0,0
4911.25,1
4913.25,0
4929.25,1
4931.25,0
4931.5,1
4932.25,0
4933.25,1
4933.5,0
4933.75,1
4936.0,0
4936.75,1
4937.0,0
4940.5,1
4940.75,0
4950.25,1
4950.5,0
4953.5,1
4954.25,0
4954.5,1
4954.75,0
4955.0,1
4956.0,0
4956.25,1
4957.75,0
4958.0,1
4958.25,0
4958.5,1
4958.75,0
4959.0,1
4960.25,0
4976.25,1
4976.75,0
4977.0,1
4979.5,0
4979.75,1
4980.0,0
4980.25,1
4981.0,0
4981.25,1
4981.75,0
4982.0,1
4982.5,0
4982.75,1
4984.75,0
4985.0,1
4985.25,0
4988.75,1
4989.0,0
5000.75,1
5001.0,0
5001.5,1
5002.25,0
5002.5,1
5002.75,0
5003.0,1
5006.0,0
5006.5,1
5007.5,0
5007.75,1
5008.25,0
5008.5,1
5009.25,0
5071.0,1
5071.25,0
5072.0,1
5072.25,0
5072.75,1
5073.0,0
5073.5,1
5075.5,0
5075.75,1
5077.75,0
5078.5,1
5079.0,0
5079.25,1
5081.25,0
5094.25,1
5094.5,0
5096.75,1
5097.75,0
5098.0,1
5099.0,0
5099.25,1
5099.75,0
5100.0,1
5101.0,0
5101.25,1
5102.0,0
5102.25,1
5102.5,0
5103.0,1
5104.75,0
5105.0,1
5105.25,0
5105.5,1
5105.75,0
5119.0,1
5119.5,0
5120.25,1
5120.5,0
5120.75,1
5121.0,0
5121.25,1
5122.0,0
5122.25,1
5123.25,0
5123.75,1
5124.75,0
5125.0,1
5125.5,0
5126.5,1
5127.25,0
5127.5,1
5127.75,0
5128.0,1
5129.5,0
5131.75,1
5132.0,0
5144.5,1
5145.75,0
5146.0,1
5146.5,0
5146.75,1
5149.5,0
5150.0,1
5151.75,0
5152.0,1
5152.25,0
5153.0,1
5153.25,0
5154.25,1
5154.5,0
5157.25,1
5157.5,0
5168.0,1
5168.5,0
5169.0,1
5169.75,0
5170.0,1
5171.25,0
5171.5,1
5171.75,0
5172.25,1
5172.75,0
5173.0,1
5177.0,0
5177.5,1
5177.75,0
5238.25,1
5238.5,0
5240.75,1
5241.0,0
5241.75,1
5242.0,0
5242.25,1
5243.0,0
5243.25,1
5243.5,0
5243.75,1
5245.0,0
5245.25,1
5245.5,0
5246.0,1
5247.5,0
5248.0,1
5248.25,0
5248.75,1
5249.5,0
5262.5,1
5263.0,0
5265.0,1
5265.25,0
5265.5,1
5268.0,0
5268.5,1
5269.25,0
5269.5,1
5271.0,0
5271.25,1
5272.75,0
5273.0,1
5273.25,0
5286.5,1
5286.75,0
5287.25,1
5287.5,0
5288.75,1
5289.5,0
5290.0,1
5290.5,0
5290.75,1
5293.25,0
5293.5,1
5294.75,0
5295.0,1
5295.5,0
5295.75,1
5296.75,0
5297.0,1
5297.5,0
5310.75,1
5311.0,0
5312.5,1
5313.5,0
5313.75,1
5314.25,0
5315.25,1
5316.0,0
5316.75,1
5317.25,0
5317.5,1
5318.0,0
5318.5,1
5319.75,0
5320.0,1
5320.75,0
5321.0,1
5321.25,0
5336.25,1
5336.5,0
5337.0,1
5338.75,0
5339.0,1
5340.75,0
5341.0,1
5342.75,0
5343.0,1
5343.25,0
5343.5,1
5345.0,0
5349.5,1
5349.75,0
5406.25,1
5406.5,0
5409.0,1
5410.5,0
5410.75,1
5412.0,0
5412.25,1
5413.25,0
5413.5,1
5414.25,0
5414.75,1
5416.5,0
5417.0,1
5417.5,0
5431.25,1
5431.75,0
5432.25,1
5432.5,0
5433.0,1
5436.0,0
5436.25,1
5436.75,0
5437.0,1
5439.5,0
5439.75,1
5441.5,0
5456.75,1
5457.0,0
5457.25,1
5457.5,0
5457.75,1
5459.75,0
5460.0,1
5461.25,0
5461.5,1
5462.25,0
5462.75,1
5463.75,0
5464.0,1
5464.25,0
5464.75,1
5465.25,0
5467.75,1
5468.0,0
5469.75,1
5470.0,0
5478.75,1
5479.0,0
5481.0,1
5482.0,0
5482.25,1
5484.5,0
5484.75,1
5485.75,0
5486.5,1
5487.0,0
5487.25,1
5488.25,0
5488.5,1
5489.0,0
5489.25,1
5489.5,0
5493.0,1
5493.25,0
5502.75,1
5503.25,0
5504.5,1
5504.75,0
5505.0,1
5505.25,0
5505.5,1
5507.75,0
5508.0,1
5508.25,0
5509.0,1
5510.25,0
5510.5,1
5513.5,0
5513.75,1
5514.0,0
5574.75,1
5575.5,0
5576.25,1
5577.25,0
5577.5,1
5578.0,0
5578.25,1
5578.75,0
5579.0,1
5582.0,0
5582.25,1
5583.25,0
5583.5,1
5584.5,0
5584.75,1
5585.25,0
5601.0,1
5601.25,0
5602.0,1
5604.0,0
5604.5,1
5607.75,0
5608.0,1
5608.5,0
5609.0,1
5609.5,0
5623.5,1
5623.75,0
5624.75,1
5625.5,0
5625.75,1
5626.5,0
5626.75,1
5630.0,0
5630.5,1
5630.75,0
5631.25,1
5632.25,0
5632.5,1
5632.75,0
5633.25,1
5633.75,0
5635.75,1
5636.0,0
5645.75,1
5646.0,0
5648.5,1
5648.75,0
5649.0,1
5651.75,0
5652.0,1
5654.0,0
5654.25,1
5656.0,0
5656.25,1
5657.25,0
5660.75,1
5661.0,0
5662.0,1
5662.25,0
5670.25,1
5670.5,0
5673.25,1
5673.75,0
5674.25,1
5675.25,0
5675.5,1
5676.5,0
5677.0,1
5677.5,0
5677.75,1
5679.75,0
5680.5,1
5681.25,0
5685.25,1
5685.5,0
5744.5,1
5744.75,0
5745.25,1
5748.0,0
5748.5,1
5749.5,0
5749.75,1
5750.5,0
5750.75,1
5751.0,0
5751.25,1
5753.25,0
5758.5,1
5758.75,0
5769.0,1
5769.25,0
5769.5,1
5770.0,0
5770.25,1
5772.25,0
5772.5,1
5772.75,0
5773.0,1
5773.25,0
5774.0,1
5774.5,0
5774.75,1
5775.75,0
5776.0,1
5776.25,0
5777.25,1
5778.0,0
5789.5,1
5789.75,0
5791.25,1
5791.5,0
5792.75,1
5793.0,0
5793.25,1
5797.0,0
5797.25,1
5801.0,0
5806.0,1
5806.25,0
5813.25,1
5813.5,0
5814.25,1
5814.75,0
5817.0,1
5819.75,0
5820.0,1
5820.5,0
5820.75,1
5821.5,0
5821.75,1
5824.75,0
5825.0,1
5825.25,0
5828.5,1
5828.75,0
5829.0,1
5829.25,0
5834.75,1
5835.0,0
5838.0,1
5838.25,0
5838.5,1
5838.75,0
5841.0,1
5841.25,0
5841.5,1
5845.25,0
5846.0,1
5847.75,0
5848.0,1
5848.75,0
5849.0,1
5849.5,0
5850.0,1
5850.25,0
5851.5,1
5851.75,0
5907.75,1
5908.25,0
5909.5,1
5909.75,0
5910.0,1
5910.5,0
5910.75,1
5911.5,0
5912.5,1
5912.75,0
5913.25,1
5913.5,0
5913.75,1
5915.75,0
5916.25,1
5916.5,0
5916.75,1
5920.75,0
5921.0,1
5921.25,0
5922.5,1
5922.75,0
5957.75,1
5958.0,0
5959.75,1
5960.0,0
5961.0,1
5961.5,0
5961.75,1
5963.5,0
5963.75,1
5964.5,0
5964.75,1
5965.0,0
5965.25,1
5966.0,0
5966.25,1
5966.5,0
5966.75,1
5967.0,0
5967.25,1
5969.0,0
5983.5,1
5984.0,0
5985.25,1
5985.5,0
5985.75,1
5987.75,0
5988.0,1
5988.5,0
5988.75,1
5989.5,0
5990.0,1
5992.25,0
5992.5,1
5992.75,0
5993.25,1
5993.5,0
5997.5,1
5997.75,0
6007.0,1
6007.25,0
6009.0,1
6009.75,0
6010.5,1
6011.75,0
6012.25,1
6013.5,0
6014.0,1
6014.5,0
6014.75,1
6016.25,0
6017.0,1
6017.25,0
6021.25,1
6021.5,0
6079.0,1
6079.25,0
6080.75,1
6081.0,0
6081.25,1
6082.5,0
6082.75,1
6083.0,0
6083.25,1
6083.75,0
6084.0,1
6086.0,0
6086.25,1
6088.0,0
6088.5,1
6088.75,0
6089.25,1
6089.5,0
6104.0,1
6104.75,0
6105.0,1
6106.75,0
6107.0,1
6110.0,0
6110.25,1
6110.75,0
6111.0,1
6113.25,0
6127.0,1
6127.25,0
6127.5,1
6127.75,0
6128.75,1
6129.0,0
6129.25,1
6129.5,0
6129.75,1
6130.25,0
6130.5,1
6132.25,0
6132.5,1
6132.75,0
6133.0,1
6134.25,0
6134.5,1
6135.25,0
6135.5,1
6136.75,0
6137.75,1
6138.25,0
6139.75,1
6140.0,0
6152.75,1
6153.0,0
6153.25,1
6155.25,0
6155.5,1
6156.25,0
6156.5,1
6157.75,0
6158.25,1
6160.5,0
6160.75,1
6161.5,0
6164.75,1
6165.25,0
6174.5,1
6174.75,0
6175.0,1
6175.75,0
6176.0,1
6176.25,0
6176.75,1
6177.5,0
6177.75,1
6178.0,0
6178.25,1
6178.75,0
6179.0,1
6180.0,0
6180.25,1
6181.25,0
6181.5,1
6182.5,0
6182.75,1
6184.25,0
6184.5,1
6184.75,0
6246.5,1
6246.75,0
6248.75,1
6249.5,0
6249.75,1
6252.0,0
6252.25,1
6253.25,0
6253.5,1
6256.25,0
6256.5,1
6256.75,0
6272.75,1
6273.0,0
6273.25,1
6274.75,0
6275.0,1
6277.25,0
6277.5,1
6278.25,0
6278.5,1
6280.5,0
6280.75,1
6281.0,0
6281.5,1
6281.75,0
6296.25,1
6296.75,0
6297.25,1
6299.5,0
6299.75,1
6300.0,0
6300.25,1
6302.75,0
6303.0,1
6303.5,0
6303.75,1
6305.5,0
6308.75,1
6309.0,0
6318.75,1
6319.0,0
6321.75,1
6322.5,0
6322.75,1
6323.75,0
6324.25,1
6324.5,0
6324.75,1
6325.0,0
6325.25,1
6325.5,0
6326.0,1
6326.25,0
6326.5,1
6327.5,0
6327.75,1
6329.0,0
6344.25,1
6344.75,0
6345.0,1
6346.0,0
6346.25,1
6346.5,0
6346.75,1
6352.0,0
6352.25,1
6352.5,0
6352.75,1
6353.25,0
6353.75,1
6354.0,0
6416.25,1
6416.5,0
6417.25,1
6418.0,0
6418.25,1
6420.0,0
6420.5,1
6423.75,0
6424.0,1
6425.5,0
6441.0,1
6442.5,0
6442.75,1
6443.25,0
6443.5,1
6445.0,0
6445.25,1
6445.5,0
6445.75,1
6447.25,0
6447.5,1
6447.75,0
6448.25,1
6448.75,0
6449.0,1
6449.25,0
6452.75,1
6453.0,0
6453.5,1
6453.75,0
6465.0,1
6465.25,0
6465.5,1
6469.0,0
6469.25,1
6473.5,0
6477.0,1
6477.25,0
6488.0,1
6488.25,0
6488.5,1
6491.25,0
6491.5,1
6492.25,0
6492.5,1
6493.0,0
6493.25,1
6495.0,0
6495.25,1
6497.0,0
6497.5,1
6498.0,0
6512.25,1
6512.5,0
6512.75,1
6513.0,0
6513.25,1
6515.0,0
6515.25,1
6515.5,0
6515.75,1
6516.0,0
6516.25,1
6517.5,0
6517.75,1
6518.25,0
6518.5,1
6521.25,0
6521.5,1
6521.75,0
6523.75,1
6524.0,0
6526.0,1
6526.25,0
6583.5,1
6583.75,0
6585.0,1
6586.5,0
6586.75,1
6588.25,0
6588.5,1
6590.0,0
6590.25,1
6593.0,0
6593.25,1
6593.5,0
6594.25,1
6594.5,0
6598.25,1
6598.5,0
6607.0,1
6607.25,0
6609.0,1
6609.25,0
6609.5,1
6609.75,0
6610.25,1
6611.5,0
6612.25,1
6612.5,0
6612.75,1
6613.25,0
6613.5,1
6614.5,0
6615.25,1
6615.5,0
6615.75,1
6616.5,0
6616.75,1
6617.0,0
6617.25,1
6617.5,0
6630.5,1
6631.0,0
6631.75,1
6632.0,0
6632.5,1
6632.75,0
6633.0,1
6633.5,0
6633.75,1
6634.0,0
6634.25,1
6634.5,0
6634.75,1
6636.25,0
6636.5,1
6637.75,0
6638.25,1
6639.25,0
6639.5,1
6640.0,0
6640.25,1
6641.0,0
6641.25,1
6641.5,0
6657.5,1
6658.75,0
6659.0,1
6661.0,0
6661.75,1
6662.75,0
6663.0,1
6663.5,0
6663.75,1
6665.0,0
6665.25,1
6665.5,0
6678.5,1
6678.75,0
6679.75,1
6680.0,0
6681.0,1
6681.25,0
6681.5,1
6682.5,0
6682.75,1
6685.5,0
6685.75,1
6686.0,0
6686.25,1
6686.75,0
6687.25,1
6688.75,0
6689.0,1
6689.25,0
6750.25,1
6750.5,0
6751.25,1
6751.5,0
6753.0,1
6756.25,0
6756.5,1
6756.75,0
6757.0,1
6757.25,0
6757.5,1
6757.75,0
6758.25,1
6760.5,0
6760.75,1
6761.5,0
6797.5,1
6797.75,0
6800.75,1
6801.0,0
6801.25,1
6801.75,0
6802.0,1
6803.0,0
6803.25,1
6804.75,0
6805.25,1
6806.0,0
6806.25,1
6806.5,0
6807.0,1
6807.5,0
6807.75,1
6809.5,0
6823.25,1
6823.5,0
6825.0,1
6826.25,0
6826.5,1
6828.25,0
6828.5,1
6829.75,0
6830.0,1
6830.75,0
6831.0,1
6831.5,0
6831.75,1
6833.0,0
6837.0,1
6837.25,0
6846.5,1
6846.75,0
6849.25,1
6850.0,0
6850.25,1
6851.25,0
6851.5,1
6851.75,0
6852.0,1
6853.5,0
6853.75,1
6854.75,0
6855.0,1
6855.25,0
6855.75,1
6857.25,0
6860.5,1
6860.75,0
6861.25,1
6861.5,0
6919.0,1
6919.25,0
6921.0,1
6921.25,0
6921.5,1
6921.75,0
6922.0,1
6922.25,0
6922.5,1
6922.75,0
6923.0,1
6924.0,0
6924.25,1
6924.5,0
6924.75,1
6925.25,0
6925.75,1
6927.25,0
6927.75,1
6929.25,0
6932.75,1
6933.0,0
6942.25,1
6942.5,0
6944.75,1
6945.25,0
6945.5,1
6945.75,0
6946.0,1
6946.5,0
6946.75,1
6949.0,0
6949.25,1
6950.0,0
6950.25,1
6950.5,0
6950.75,1
6951.75,0
6952.0,1
6952.5,0
6952.75,1
6953.25,0
6958.0,1
6958.25,0
6967.0,1
6967.5,0
6968.75,1
6969.0,0
6969.25,1
6971.5,0
6972.0,1
6972.25,0
6972.5,1
6973.75,0
6974.0,1
6974.75,0
6975.0,1
6976.25,0
6976.5,1
6976.75,0
6977.25,1
6977.5,0
6990.25,1
6990.5,0
6990.75,1
6991.0,0
6991.25,1
6991.5,0
6992.25,1
6992.5,0
6993.0,1
6995.25,0
6995.5,1
6998.5,0
6998.75,1
6999.5,0
6999.75,1
7000.5,0
7000.75,1
7001.0,0
7016.0,1
7018.0,0
7018.5,1
7021.75,0
7022.0,1
7023.75,0
7024.0,1
7024.75,0
7025.0,1
7025.5,0
7088.25,1
7088.5,0
7089.25,1
7091.0,0
7091.5,1
7095.5,0
7095.75,1
7097.25,0
7110.25,1
7110.5,0
7113.75,1
7114.75,0
7115.0,1
7115.5,0
7115.75,1
7116.0,0
7116.25,1
7116.5,0
7116.75,1
7117.5,0
7117.75,1
7118.0,0
7118.25,1
7118.75,0
7119.0,1
7120.5,0
7120.75,1
7121.0,0
7124.75,1
7125.0,0
7137.0,1
7137.25,0
7137.75,1
7138.0,0
7138.25,1
7138.5,0
7138.75,1
7139.25,0
7139.5,1
7140.0,0
7141.0,1
7141.25,0
7141.5,1
7143.25,0
7143.75,1
7144.75,0
7145.0,1
7145.5,0
7159.5,1
7159.75,0
7160.75,1
7161.0,0
7161.25,1
7163.5,0
7163.75,1
7165.75,0
7166.0,1
7167.0,0
7167.5,1
7168.0,0
7168.25,1
7169.0,0
7169.5,1
7169.75,0
7172.5,1
7172.75,0
7184.75,1
7185.0,0
7185.25,1
7185.5,0
7185.75,1
7186.0,0
7186.25,1
7187.25,0
7187.75,1
7188.0,0
7188.25,1
7188.5,0
7188.75,1
7189.25,0
7189.5,1
7192.25,0
7192.5,1
7192.75,0
7193.0,1
7193.25,0
7254.0,1
7254.25,0
7255.5,1
7256.25,0
7257.25,1
7259.25,0
7259.5,1
7260.0,0
7260.25,1
7261.5,0
7261.75,1
7262.0,0
7262.5,1
7265.0,0
7269.0,1
7269.25,0
7278.0,1
7278.25,0
7280.5,1
7280.75,0
7281.0,1
7284.0,0
7284.25,1
7287.5,0
7287.75,1
7288.75,0
7292.25,1
7292.5,0
7293.25,1
7293.5,0
7304.0,1
7304.25,0
7305.0,1
7306.25,0
7306.5,1
7307.25,0
7307.5,1
7307.75,0
7308.25,1
7310.5,0
7310.75,1
7311.0,0
7311.25,1
7311.75,0
7312.0,1
7312.5,0
7313.25,1
7313.5,0
7326.0,1
7326.25,0
7327.5,1
7327.75,0
7328.25,1
7328.75,0
7329.25,1
7331.75,0
7332.0,1
7332.5,0
7333.0,1
7336.75,0
7337.25,1
7337.5,0
7342.25,1
7342.5,0
7350.75,1
7351.0,0
7352.25,1
7352.5,0
7353.75,1
7354.5,0
7354.75,1
7355.0,0
7355.5,1
7358.0,0
7358.25,1
7360.75,0
7422.5,1
7423.0,0
7424.5,1
7424.75,0
7425.25,1
7427.75,0
7428.0,1
7428.75,0
7429.0,1
7431.25,0
7431.5,1
7431.75,0
7432.0,1
7433.0,0
7433.25,1
7433.5,0
7437.5,1
7437.75,0
7449.25,1
7449.75,0
7450.0,1
7451.25,0
7451.5,1
7452.5,0
7452.75,1
7454.75,0
7455.25,1
7455.75,0
7456.0,1
7456.25,0
7456.5,1
7457.0,0
7457.25,1
7457.5,0
7472.25,1
7472.5,0
7473.0,1
7473.25,0
7473.5,1
7474.25,0
7474.5,1
7475.0,0
7475.25,1
7476.0,0
7476.25,1
7476.5,0
7476.75,1
7477.25,0
7477.75,1
7479.0,0
7479.25,1
7479.5,0
7479.75,1
7481.0,0
7481.25,1
7481.5,0
7497.0,1
7497.75,0
7498.0,1
7498.75,0
7499.0,1
7501.5,0
7501.75,1
7503.5,0
7503.75,1
7504.25,0
7504.75,1
7505.5,0
7509.0,1
7509.75,0
7519.5,1
7519.75,0
7520.5,1
7522.75,0
7523.0,1
7523.75,0
7524.25,1
7525.0,0
7525.25,1
7526.0,0
7526.25,1
7527.0,0
7527.5,1
7529.5,0
7529.75,1
7530.0,0
7533.25,1
7533.5,0
7533.75,1
7534.0,0
7591.0,1
7591.25,0
7592.0,1
7592.25,0
7592.5,1
7592.75,0
7593.0,1
7597.25,0
7597.5,1
7601.25,0
7616.75,1
7617.5,0
7617.75,1
7620.25,0
7621.0,1
7621.25,0
7621.75,1
7622.25,0
7622.75,1
7624.75,0
7625.0,1
7625.25,0
7641.25,1
7641.5,0
7641.75,1
7643.5,0
7643.75,1
7644.5,0
7645.5,1
7647.0,0
7647.25,1
7647.5,0
7647.75,1
7648.25,0
7648.75,1
7649.5,0
7664.75,1
7665.0,0
7665.75,1
7667.5,0
7667.75,1
7669.75,0
7670.25,1
7670.5,0
7670.75,1
7671.0,0
7671.5,1
7673.0,0
7673.5,1
7673.75,0
7686.0,1
7686.25,0
7689.0,1
7689.25,0
7689.75,1
7690.0,0
7690.25,1
7691.5,0
7692.5,1
7693.0,0
7693.5,1
7694.25,0
7694.75,1
7697.75,0
7700.75,1
7701.0,0
7758.5,1
7758.75,0
7759.0,1
7759.25,0
7760.25,1
7761.25,0
7761.75,1
7762.25,0
7762.5,1
7764.25,0
7764.5,1
7765.25,0
7765.5,1
7766.75,0
7767.0,1
7767.75,0
7768.0,1
7769.0,0
7773.75,1
7774.0,0
7783.75,1
7784.0,0
7784.75,1
7788.75,0
7789.0,1
7790.25,0
7790.5,1
7792.0,0
7792.25,1
7793.0,0
7793.25,1
7793.75,0
7796.5,1
7796.75,0
7797.5,1
7797.75,0
7805.5,1
7805.75,0
7808.75,1
7809.25,0
7809.5,1
7810.75,0
7811.0,1
7813.75,0
7814.0,1
7814.25,0
7814.5,1
7814.75,0
7815.0,1
7815.25,0
7815.5,1
7816.25,0
7816.5,1
7816.75,0
7833.25,1
7833.5,0
7834.0,1
7836.0,0
7836.5,1
7836.75,0
7837.0,1
7837.75,0
7838.0,1
7839.5,0
7839.75,1
7841.0,0
7844.75,1
7845.0,0
7845.75,1
7846.0,0
7927.0,1
7927.25,0
7928.5,1
7928.75,0
7929.0,1
7930.75,0
7931.0,1
7932.0,0
7932.25,1
7932.5,0
7932.75,1
7933.0,0
7933.25,1
7933.5,0
7934.5,1
7936.0,0
7936.25,1
7936.5,0
7936.75,1
7937.5,0
7950.0,1
7950.5,0
7951.0,1
7951.25,0
7953.0,1
7953.5,0
7953.75,1
7954.75,0
7955.0,1
7955.5,0
7956.0,1
7956.75,0
7957.0,1
7957.5,0
7957.75,1
7958.0,0
7958.25,1
7958.5,0
7958.75,1
7960.25,0
7960.5,1
7960.75,0
7961.75,1
7962.0,0
7964.75,1
7965.0,0
7966.25,1
7966.5,0
7976.25,1
7976.5,0
7977.0,1
7978.75,0
7979.25,1
7979.75,0
7980.0,1
7982.25,0
7982.5,1
7984.75,0
7985.25,1
7985.5,0
7989.75,1
7990.0,0
8000.75,1
8001.25,0
8001.5,1
8007.25,0
8007.75,1
8008.25,0
8008.5,1
8008.75,0
8009.0,1
8009.25,0
8009.75,1
8010.0,0
8025.0,1
8026.75,0
8027.0,1
8027.5,0
8027.75,1
8028.25,0
8028.5,1
8029.0,0
8029.25,1
8030.5,0
8031.25,1
8033.75,0
8096.25,1
8096.5,0
8096.75,1
8098.0,0
8098.25,1
8098.5,0
8099.0,1
8099.5,0
8099.75,1
8102.0,0
8102.25,1
8102.75,0
8103.25,1
8103.75,0
8104.0,1
8105.0,0
8109.25,1
8109.5,0
8119.25,1
8119.5,0
8121.0,1
8124.0,0
8124.75,1
8125.25,0
8125.5,1
8127.5,0
8127.75,1
8128.25,0
8128.75,1
8129.0,0
8145.0,1
8146.0,0
8146.25,1
8148.75,0
8149.0,1
8149.25,0
8149.75,1
8152.5,0
8152.75,1
8153.0,0
8156.75,1
8157.0,0
8168.75,1
8169.0,0
8169.25,1
8172.25,0
8172.75,1
8175.75,0
8176.0,1
8176.25,0
8176.5,1
8177.0,0
8193.25,1
8193.5,0
8193.75,1
8196.0,0
8196.5,1
8197.0,0
8197.5,1
8198.5,0
8198.75,1
8201.0,0
8201.25,1
8201.5,0
8260.0,1
8260.25,0
8260.75,1
8261.0,0
8261.5,1
8261.75,0
8263.25,1
8263.5,0
8263.75,1
8264.0,0
8264.25,1
8264.5,0
8264.75,1
8265.0,0
8265.25,1
8265.5,0
8265.75,1
8271.25,0
8271.5,1
8273.0,0
8276.75,1
8277.0,0
8287.5,1
8287.75,0
8288.25,1
8288.5,0
8288.75,1
8289.0,0
8289.25,1
8291.25,0
8291.5,1
8292.0,0
8292.75,1
8293.25,0
8293.5,1
8293.75,0
8294.0,1
8294.5,0
8294.75,1
8295.0,0
8295.25,1
8296.5,0
8296.75,1
8297.25,0
8310.5,1
8310.75,0
8313.25,1
8316.0,0
8316.25,1
8316.75,0
8317.0,1
8319.0,0
8319.25,1
8321.25,0
8324.25,1
8324.5,0
8334.75,1
8335.25,0
8337.0,1
8337.75,0
8338.25,1
8339.0,0
8339.5,1
8339.75,0
8340.0,1
8343.25,0
8343.5,1
8343.75,0
8344.25,1
8344.75,0
8345.25,1
8345.5,0
8358.5,1
8358.75,0
8359.75,1
8360.0,0
8360.5,1
8360.75,0
8361.0,1
8363.75,0
8364.0,1
8364.25,0
8364.75,1
8365.0,0
8365.25,1
8365.75,0
8366.0,1
8366.25,0
8366.5,1
8366.75,0
8367.0,1
8367.75,0
8368.0,1
8368.75,0
8369.0,1
8369.25,0
8373.25,1
8373.5,0
8430.5,1
8431.0,0
8433.0,1
8433.5,0
8433.75,1
8434.75,0
8435.0,1
8435.25,0
8435.5,1
8437.0,0
8437.25,1
8437.75,0
8438.0,1
8438.5,0
8438.75,1
8439.25,0
8439.5,1
8439.75,0
8440.0,1
8441.0,0
8441.25,1
8441.75,0
8457.0,1
8458.0,0
8458.75,1
8460.75,0
8461.0,1
8461.25,0
8461.5,1
8463.5,0
8463.75,1
8464.0,0
8464.25,1
8464.5,0
8464.75,1
8465.0,0
8478.25,1
8478.5,0
8480.75,1
8485.25,0
8485.5,1
8487.0,0
8487.25,1
8489.0,0
8491.5,1
8491.75,0
8502.25,1
8502.5,0
8504.25,1
8504.5,0
8505.25,1
8505.5,0
8506.0,1
8507.75,0
8508.0,1
8508.5,0
8508.75,1
8509.75,0
8510.0,1
8511.0,0
8511.25,1
8512.0,0
8512.25,1
8512.75,0
8513.0,1
8513.5,0
8526.0,1
8526.25,0
8528.75,1
8529.25,0
8529.75,1
8530.25,0
8530.5,1
8531.0,0
8531.25,1
8531.5,0
8532.0,1
8533.5,0
8533.75,1
8534.75,0
8535.0,1
8536.25,0
8536.5,1
8537.25,0
8538.0,1
8538.25,0
8625.0,1
8625.5,0
8625.75,1
8626.25,0
8626.5,1
8626.75,0
8627.0,1
8628.5,0
8629.25,1
8629.5,0
8629.75,1
8633.0,0
8647.5,1
8648.0,0
8648.25,1
8648.5,0
8649.75,1
8653.0,0
8653.25,1
8655.75,0
8656.0,1
8657.0,0
8672.25,1
8672.5,0
8673.25,1
8673.5,0
8674.0,1
8674.5,0
8674.75,1
8675.25,0
8675.75,1
8676.0,0
8676.25,1
8676.5,0
8676.75,1
8677.0,0
8677.25,1
8677.5,0
8678.0,1
8679.25,0
8679.5,1
8681.0,0
8681.25,1
8681.5,0
8694.5,1
8694.75,0
8695.5,1
8695.75,0
8697.0,1
8698.0,0
8698.5,1
8698.75,0
8699.0,1
8699.75,0
8700.25,1
8700.5,0
8700.75,1
8701.0,0
8701.25,1
8701.5,0
8701.75,1
8704.25,0
8704.5,1
8704.75,0
8705.5,1
8705.75,0
8709.0,1
8709.25,0

float Room-227B (1101,2)
0.0,0
32.0,1
41.5,0
42.0,1
42.25,0
54.25,1
54.5,0
54.75,1
55.0,0
56.25,1
66.0,0
70.0,1
70.25,0
80.0,1
89.75,0
104.0,1
113.5,0
115.75,1
116.0,0
128.25,1
137.75,0
138.0,1
138.25,0
199.5,1
209.75,0
212.0,1
212.25,0
223.0,1
223.25,0
224.0,1
233.5,0
246.75,1
247.5,0
248.0,1
258.0,0
272.25,1
282.25,0
291.75,1
292.25,0
294.25,1
294.5,0
295.75,1
305.75,0
308.25,1
308.5,0
368.0,1
378.5,0
381.5,1
381.75,0
392.25,1
402.25,0
440.0,1
449.75,0
462.25,1
462.5,0
463.0,1
463.25,0
464.25,1
474.25,0
533.5,1
533.75,0
536.0,1
546.0,0
549.25,1
549.5,0
560.0,1
570.0,0
584.25,1
594.0,0
597.5,1
597.75,0
608.75,1
618.25,0
631.75,1
641.75,0
645.0,1
645.25,0
703.0,1
703.25,0
703.5,1
703.75,0
704.5,1
713.25,0
714.0,1
714.25,0
716.5,1
716.75,0
726.25,1
726.5,0
727.75,1
737.75,0
752.25,1
761.75,0
774.75,1
775.0,0
775.25,1
775.5,0
776.25,1
786.25,0
799.0,1
799.25,0
800.25,1
810.5,0
870.25,1
870.5,0
871.75,1
882.5,0
883.25,1
883.5,0
886.5,1
886.75,0
887.0,1
887.25,0
896.0,1
906.0,0
920.0,1
930.25,0
943.0,1
943.25,0
944.25,1
954.5,0
956.5,1
956.75,0
968.5,1
978.0,0
1040.25,1
1040.5,0
1040.75,1
1049.75,0
1051.25,1
1051.5,0
1062.0,1
1062.25,0
1064.0,1
1064.25,0
1064.5,1
1074.25,0
1111.25,1
1111.5,0
1112.0,1
1122.0,0
1133.25,1
1133.5,0
1136.5,1
1145.5,0
1145.75,1
1146.0,0
1208.25,1
1218.0,0
1231.25,1
1231.5,0
1232.0,1
1241.75,0
1255.25,1
1255.5,0
1256.0,1
1265.75,0
1276.25,1
1276.5,0
1277.75,1
1278.0,0
1280.25,1
1290.0,0
1301.25,1
1301.5,0
1301.75,1
1302.0,0
1303.0,1
1303.5,0
1304.5,1
1313.75,0
1316.75,1
1317.25,0
1375.0,1
1375.25,0
1376.25,1
1385.75,0
1388.75,1
1389.0,0
1399.75,1
1400.5,0
1400.75,1
1410.0,0
1424.25,1
1434.5,0
1436.75,1
1437.0,0
1447.5,1
1447.75,0
1448.25,1
1457.75,0
1460.5,1
1460.75,0
1472.0,1
1482.0,0
1483.75,1
1484.0,0
1544.25,1
1554.0,0
1567.75,1
1568.0,0
1568.25,1
1577.5,0
1592.25,1
1602.0,0
1616.5,1
1625.75,0
1639.75,1
1650.0,0
1652.75,1
1653.25,0
1712.25,1
1721.75,0
1722.0,1
1722.25,0
1724.0,1
1724.25,0
1725.25,1
1725.5,0
1725.75,1
1726.0,0
1735.75,1
1745.75,0
1746.25,1
1746.5,0
1750.5,1
1750.75,0
1757.75,1
1758.0,0
1760.0,1
1770.0,0
1784.0,1
1793.75,0
1808.25,1
1818.25,0
1879.5,1
1880.0,0
1880.5,1
1889.75,0
1894.75,1
1895.0,0
1904.25,1
1904.5,0
1904.75,1
1914.0,0
1928.5,1
1938.0,0
1952.25,1
1962.0,0
1964.5,1
1964.75,0
1965.75,1
1966.0,0
1976.25,1
1986.0,0
1988.5,1
1988.75,0
2048.25,1
2057.5,0
2072.0,1
2081.75,0
2082.75,1
2083.0,0
2096.0,1
2106.0,0
2110.0,1
2110.25,0
2120.25,1
2130.25,0
2144.0,1
2153.75,0
2215.75,1
2216.0,0
2216.25,1
2225.75,0
2226.0,1
2226.5,0
2239.25,1
2239.5,0
2240.0,1
2249.5,0
2253.25,1
2253.5,0
2263.75,1
2273.75,0
2277.25,1
2277.5,0
2288.25,1
2298.25,0
2300.0,1
2300.25,0
2312.0,1
2322.25,0
2382.25,1
2382.5,0
2384.0,1
2394.0,0
2394.25,1
2394.5,0
2398.75,1
2399.0,0
2408.25,1
2417.75,0
2420.25,1
2420.5,0
2432.0,1
2441.75,0
2455.0,1
2455.25,0
2456.0,1
2465.75,0
2466.0,1
2466.25,0
2469.5,1
2469.75,0
2478.25,1
2479.0,0
2480.5,1
2490.0,0
2552.25,1
2561.5,0
2576.25,1
2585.75,0
2586.0,1
2586.25,0
2588.75,1
2589.0,0
2599.5,1
2609.75,0
2612.75,1
2613.0,0
2624.0,1
2624.5,0
2624.75,1
2634.5,0
2636.75,1
2637.0,0
2647.0,1
2647.25,0
2648.75,1
2658.25,0
2719.75,1
2730.0,0
2732.5,1
2732.75,0
2744.0,1
2744.25,0
2744.5,1
2753.5,0
2758.5,1
2758.75,0
2766.75,1
2767.0,0
2768.0,1
2777.75,0
2778.0,1
2778.25,0
2790.75,1
2791.0,0
2791.75,1
2792.0,0
2792.25,1
2801.75,0
2804.25,1
2804.5,0
2806.25,1
2806.5,0
2815.5,1
2825.75,0
2828.0,1
2828.25,0
2888.0,1
2888.5,0
2888.75,1
2898.0,0
2902.5,1
2902.75,0
2910.25,1
2910.5,0
2912.25,1
2921.75,0
2934.0,1
2934.25,0
2935.5,1
2946.0,0
2959.0,1
2959.25,0
2960.25,1
2970.0,0
2972.0,1
2972.25,0
2973.5,1
2973.75,0
2983.75,1
2994.0,0
3055.75,1
3056.0,0
3056.25,1
3065.75,0
3074.75,1
3075.0,0
3079.5,1
3090.0,0
3094.5,1
3094.75,0
3104.25,1
3113.75,0
3115.75,1
3116.0,0
3116.75,1
3117.0,0
3127.75,1
3138.0,0
3142.0,1
3142.25,0
3152.0,1
3162.5,0
3224.0,1
3233.75,0
3236.75,1
3237.0,0
3237.25,1
3237.5,0
3248.0,1
3258.5,0
3261.25,1
3261.5,0
3271.75,1
3272.0,0
3272.5,1
3282.25,0
3296.0,1
3306.25,0
3319.75,1
3330.25,0
3391.25,1
3391.5,0
3392.25,1
3401.75,0
3404.5,1
3404.75,0
3416.25,1
3426.75,0
3440.25,1
3449.75,0
3450.0,1
3450.25,0
3453.75,1
3454.0,0
3463.5,1
3464.0,0
3464.25,1
3473.75,0
3488.25,1
3497.5,0
3560.0,1
3569.5,0
3607.75,1
3617.75,0
3621.0,1
3621.25,0
3631.0,1
3631.25,0
3632.0,1
3641.75,0
3645.5,1
3645.75,0
3646.0,1
3646.25,0
3656.0,1
3666.0,0
3727.75,1
3728.0,0
3728.25,1
3738.0,0
3740.75,1
3741.0,0
3741.25,1
3741.5,0
3752.0,1
3761.75,0
3764.5,1
3764.75,0
3765.0,1
3765.25,0
3775.75,1
3776.0,0
3776.25,1
3785.5,0
3799.5,1
3810.0,0
3824.25,1
3833.75,0
3837.5,1
3837.75,0
3838.75,1
3839.0,0
3896.0,1
3905.75,0
3906.0,1
3906.25,0
3909.0,1
3909.5,0
3920.25,1
3930.0,0
3944.5,1
3954.0,0
3967.5,1
3968.0,0
3968.25,1
3977.75,0
3991.5,1
4002.0,0
4064.0,1
4073.75,0
4077.75,1
4078.0,0
4088.5,1
4097.75,0
4111.5,1
4111.75,0
4112.25,1
4122.25,0
4136.25,1
4145.75,0
4149.0,1
4149.25,0
4160.25,1
4170.0,0
4232.5,1
4242.0,0
4245.5,1
4245.75,0
4255.75,1
4256.0,0
4256.25,1
4266.0,0
4270.5,1
4270.75,0
4279.75,1
4289.75,0
4302.75,1
4303.0,0
4303.25,1
4303.5,0
4304.0,1
4313.75,0
4328.25,1
4338.0,0
4341.0,1
4341.25,0
4398.25,1
4398.5,0
4400.25,1
4409.75,0
4412.0,1
4412.25,0
4413.0,1
4413.25,0
4447.5,1
4447.75,0
4448.0,1
4458.25,0
4472.0,1
4481.75,0
4494.0,1
4494.25,0
4495.75,1
4506.5,0
4568.5,1
4577.75,0
4592.0,1
4602.0,0
4614.5,1
4614.75,0
4616.25,1
4626.0,0
4628.5,1
4628.75,0
4640.25,1
4649.75,0
4664.0,1
4664.25,0
4664.75,1
4673.75,0
4735.0,1
4735.25,0
4736.5,1
4745.25,0
4759.0,1
4759.25,0
4760.0,1
4769.75,0
4782.5,1
4782.75,0
4784.0,1
4793.5,0
4794.0,1
4794.25,0
4796.0,1
4796.25,0
4797.25,1
4797.5,0
4808.0,1
4818.0,0
4819.75,1
4820.0,0
4832.25,1
4842.0,0
4903.25,1
4903.5,0
4904.25,1
4913.5,0
4917.75,1
4918.0,0
4925.75,1
4926.0,0
4928.25,1
4937.75,0
4952.0,1
4962.0,0
4976.25,1
4986.0,0
4999.75,1
5009.75,0
5072.0,1
5072.25,0
5072.5,1
5082.0,0
5096.5,1
5105.5,0
5108.75,1
5109.0,0
5119.5,1
5119.75,0
5120.25,1
5129.5,0
5142.5,1
5142.75,0
5144.0,1
5153.5,0
5168.25,1
5178.25,0
5179.75,1
5180.0,0
5239.75,1
5240.0,0
5240.25,1
5249.75,0
5250.0,1
5250.25,0
5252.5,1
5252.75,0
5264.25,1
5274.25,0
5288.0,1
5298.5,0
5311.5,1
5321.75,0
5325.25,1
5325.5,0
5336.0,1
5345.5,0
5346.0,1
5346.25,0
5408.0,1
5417.75,0
5430.0,1
5430.25,0
5432.5,1
5441.75,0
5444.5,1
5444.75,0
5454.5,1
5454.75,0
5455.75,1
5456.0,0
5456.25,1
5465.75,0
5466.0,1
5466.25,0
5468.25,1
5468.5,0
5469.5,1
5469.75,0
5480.0,1
5490.5,0
5503.75,1
5504.0,0
5504.5,1
5514.0,0
5517.5,1
5517.75,0
5576.25,1
5585.75,0
5600.5,1
5609.75,0
5622.5,1
5622.75,0
5624.25,1
5634.75,0
5648.25,1
5658.25,0
5663.0,1
5663.25,0
5672.0,1
5682.5,0
5742.25,1
5742.75,0
5744.0,1
5753.75,0
5757.0,1
5757.25,0
5768.0,1
5778.0,0
5779.25,1
5779.5,0
5780.5,1
5780.75,0
5781.25,1
5781.5,0
5792.5,1
5802.0,0
5815.5,1
5825.75,0
5835.75,1
5836.0,0
5840.0,1
5850.0,0
5909.25,1
5909.5,0
5910.25,1
5910.75,0
5912.0,1
5921.5,0
5960.0,1
5969.5,0
5984.0,1
5994.0,0
6007.5,1
6018.25,0
6020.5,1
6020.75,0
6080.25,1
6090.25,0
6103.5,1
6113.75,0
6116.75,1
6117.0,0
6126.75,1
6127.0,0
6128.5,1
6137.75,0
6140.75,1
6141.0,0
6142.75,1
6143.0,0
6150.25,1
6150.5,0
6150.75,1
6151.25,0
6152.25,1
6162.25,0
6164.25,1
6164.5,0
6176.25,1
6185.5,0
6188.5,1
6189.0,0
6248.25,1
6257.25,0
6257.5,1
6257.75,0
6272.25,1
6282.0,0
6285.5,1
6285.75,0
6296.0,1
6305.75,0
6306.0,1
6306.25,0
6319.5,1
6329.75,0
6332.0,1
6332.25,0
6344.0,1
6354.0,0
6357.5,1
6357.75,0
6416.25,1
6426.0,0
6437.75,1
6438.0,0
6440.25,1
6450.0,0
6464.0,1
6474.25,0
6488.0,1
6498.0,0
6512.0,1
6522.5,0
6524.5,1
6524.75,0
6526.25,1
6526.5,0
6583.25,1
6583.5,0
6584.0,1
6593.5,0
6608.0,1
6617.75,0
6618.0,1
6618.25,0
6621.5,1
6621.75,0
6630.75,1
6631.0,0
6632.0,1
6642.25,0
6643.75,1
6644.0,0
6654.0,1
6654.25,0
6656.25,1
6666.0,0
6674.25,1
6674.5,0
6680.0,1
6680.25,0
6680.5,1
6689.5,0
6692.0,1
6692.25,0
6751.75,1
6761.75,0
6762.0,1
6762.25,0
6765.25,1
6765.5,0
6797.75,1
6798.0,0
6799.0,1
6799.25,0
6799.75,1
6800.0,0
6800.5,1
6810.0,0
6813.0,1
6813.25,0
6823.5,1
6833.25,0
6833.5,1
6833.75,0
6846.75,1
6847.0,0
6848.0,1
6858.0,0
6862.25,1
6862.5,0
6919.75,1
6920.0,0
6920.25,1
6930.0,0
6933.25,1
6933.5,0
6942.25,1
6942.5,0
6943.0,1
6943.25,0
6944.0,1
6953.25,0
6953.5,1
6953.75,0
6967.75,1
6968.0,0
6968.5,1
6977.5,0
6980.75,1
6981.0,0
6992.5,1
7002.0,0
7015.5,1
7015.75,0
7016.25,1
7026.25,0
7087.75,1
7098.0,0
7099.25,1
7099.5,0
7112.75,1
7121.75,0
7125.75,1
7126.0,0
7136.25,1
7136.5,0
7136.75,1
7145.75,0
7146.0,1
7146.25,0
7159.5,1
7159.75,0
7160.25,1
7169.75,0
7172.25,1
7172.5,0
7173.25,1
7173.5,0
7183.5,1
7193.75,0
7194.0,1
7194.25,0
7197.0,1
7197.25,0
7256.0,1
7265.75,0
7269.75,1
7270.0,0
7280.5,1
7289.5,0
7289.75,1
7290.0,0
7292.75,1
7293.25,0
7295.0,1
7295.25,0
7303.75,1
7304.0,0
7304.25,1
7313.75,0
7328.0,1
7337.75,0
7340.5,1
7340.75,0
7342.5,1
7342.75,0
7350.75,1
7351.0,0
7352.5,1
7361.75,0
7365.75,1
7366.25,0
7423.25,1
7423.5,0
7424.5,1
7433.75,0
7448.25,1
7457.75,0
7469.75,1
7470.0,0
7471.5,1
7471.75,0
7472.25,1
7482.25,0
7496.25,1
7506.0,0
7508.25,1
7508.5,0
7518.75,1
7519.0,0
7520.25,1
7520.5,0
7520.75,1
7530.0,0
7531.75,1
7532.0,0
7533.25,1
7533.75,0
7534.0,1
7534.25,0
7592.0,1
7602.0,0
7616.0,1
7625.5,0
7628.25,1
7628.5,0
7629.5,1
7629.75,0
7637.5,1
7637.75,0
7640.25,1
7650.0,0
7664.0,1
7674.25,0
7677.75,1
7678.0,0
7688.0,1
7698.0,0
7760.25,1
7770.0,0
7784.0,1
7793.75,0
7794.0,1
7794.25,0
7807.5,1
7808.0,0
7808.25,1
7817.75,0
7831.75,1
7832.0,0
7832.5,1
7841.25,0
7841.5,1
7842.0,0
7928.0,1
7937.75,0
7952.75,1
7961.75,0
7973.75,1
7974.0,0
7974.75,1
7975.0,0
7976.25,1
7986.0,0
7989.0,1
7989.5,0
8000.25,1
8010.0,0
8013.0,1
8013.25,0
8024.5,1
8034.25,0
8037.0,1
8037.25,0
8038.5,1
8038.75,0
8095.75,1
8106.0,0
8108.5,1
8108.75,0
8109.75,1
8110.0,0
8120.25,1
8130.0,0
8143.75,1
8153.5,0
8153.75,1
8154.25,0
8155.0,1
8155.25,0
8158.0,1
8158.25,0
8168.0,1
8177.5,0
8178.0,1
8178.25,0
8192.25,1
8202.0,0
8206.75,1
8207.0,0
8256.5,1
8256.75,0
8263.0,1
8263.25,0
8264.25,1
8273.75,0
8276.5,1
8276.75,0
8287.75,1
8288.0,0
8288.25,1
8297.75,0
8302.0,1
8302.25,0
8309.5,1
8309.75,0
8313.0,1
8321.75,0
8336.0,1
8346.0,0
8348.0,1
8348.25,0
8360.0,1
8370.0,0
8373.25,1
8373.5,0
8432.0,1
8442.0,0
8444.75,1
8445.25,0
8455.5,1
8465.75,0
8480.5,1
8490.25,0
8504.0,1
8513.75,0
8516.25,1
8516.5,0
8528.5,1
8538.25,0
8539.75,1
8540.0,0
8540.25,1
8540.5,0
8624.25,1
8634.0,0
8648.0,1
8657.5,0
8671.75,1
8681.75,0
8696.0,1
8705.75,0

float Room-222 (1945,2)
0.0,0
33.25,1
41.5,0
46.25,1
46.5,0
56.5,1
56.75,0
57.0,1
60.0,0
60.25,1
63.0,0
63.25,1
65.5,0
66.0,1
66.25,0
79.5,1
79.75,0
80.75,1
81.25,0
81.5,1
89.75,0
93.5,1
93.75,0
104.75,1
108.75,0
109.0,1
113.0,0
113.25,1
113.5,0
115.25,1
115.5,0
116.5,1
116.75,0
128.75,1
137.75,0
140.75,1
141.0,0
141.25,1
141.5,0
200.75,1
203.5,0
203.75,1
205.75,0
206.0,1
209.25,0
225.0,1
231.25,0
231.5,1
233.25,0
233.5,1
233.75,0
248.0,1
248.25,0
248.75,1
257.0,0
259.75,1
260.0,0
272.0,1
272.5,0
272.75,1
273.0,0
273.25,1
276.0,0
276.25,1
281.25,0
296.5,1
296.75,0
297.25,1
305.75,0
308.0,1
308.25,0
309.25,1
309.5,0
368.75,1
377.0,0
377.25,1
377.5,0
392.5,1
397.75,0
398.0,1
401.25,0
401.5,1
401.75,0
405.5,1
406.0,0
441.0,1
441.25,0
441.5,1
449.5,0
454.75,1
455.0,0
465.0,1
468.5,0
468.75,1
471.5,0
471.75,1
474.25,0
534.5,1
534.75,0
535.75,1
536.0,0
537.0,1
537.25,0
537.5,1
544.0,0
544.5,1
544.75,0
545.0,1
545.5,0
561.0,1
568.75,0
569.0,1
569.25,0
573.0,1
573.25,0
582.25,1
582.5,0
584.25,1
584.75,0
585.0,1
593.0,0
608.0,1
610.0,0
610.25,1
612.0,0
612.25,1
617.25,0
629.75,1
630.0,0
630.75,1
631.25,0
632.75,1
641.0,0
641.25,1
641.5,0
703.0,1
703.25,0
705.0,1
713.75,0
714.0,1
714.25,0
727.5,1
727.75,0
728.25,1
730.25,0
730.5,1
737.25,0
753.0,1
761.0,0
761.25,1
761.5,0
761.75,1
762.0,0
765.5,1
765.75,0
775.75,1
776.75,0
777.0,1
785.0,0
785.25,1
785.5,0
797.5,1
797.75,0
799.0,1
799.25,0
801.25,1
806.25,0
806.5,1
809.25,0
809.5,1
809.75,0
873.0,1
880.25,0
880.5,1
881.25,0
881.5,1
881.75,0
895.75,1
896.0,0
896.75,1
905.75,0
908.0,1
908.25,0
909.0,1
909.25,0
919.5,1
919.75,0
920.0,1
920.5,0
920.75,1
921.0,0
921.5,1
921.75,0
922.0,1
924.5,0
924.75,1
925.0,0
925.5,1
926.25,0
926.5,1
926.75,0
927.0,1
929.25,0
945.0,1
949.0,0
949.25,1
953.0,0
966.5,1
966.75,0
968.5,1
972.5,0
972.75,1
974.5,0
974.75,1
976.75,0
977.5,1
977.75,0
1040.25,1
1040.5,0
1040.75,1
1041.0,0
1041.25,1
1049.25,0
1049.5,1
1049.75,0
1065.0,1
1065.25,0
1065.5,1
1069.0,0
1069.25,1
1069.5,0
1069.75,1
1073.0,0
1073.25,1
1073.5,0
1112.5,1
1112.75,0
1113.25,1
1121.25,0
1125.75,1
1126.0,0
1135.75,1
1136.0,0
1137.0,1
1140.25,0
1140.5,1
1141.25,0
1141.5,1
1145.5,0
1148.75,1
1149.0,0
1204.75,1
1205.0,0
1209.0,1
1212.75,0
1213.0,1
1213.25,0
1213.5,1
1213.75,0
1214.0,1
1217.5,0
1218.75,1
1219.0,0
1220.5,1
1220.75,0
1232.75,1
1236.0,0
1236.25,1
1241.5,0
1244.5,1
1244.75,0
1253.25,1
1253.5,0
1253.75,1
1254.0,0
1255.5,1
1256.0,0
1257.0,1
1257.5,0
1257.75,1
1261.25,0
1261.5,1
1262.75,0
1263.0,1
1265.25,0
1268.5,1
1268.75,0
1269.0,1
1269.25,0
1280.75,1
1281.0,0
1281.25,1
1284.0,0
1284.25,1
1284.5,0
1285.0,1
1286.0,0
1286.25,1
1286.75,0
1287.0,1
1288.5,0
1289.0,1
1289.25,0
1290.0,1
1290.25,0
1291.0,1
1291.25,0
1305.25,1
1313.25,0
1373.75,1
1374.0,0
1377.0,1
1385.25,0
1385.5,1
1385.75,0
1389.0,1
1389.5,0
1400.0,1
1400.75,0
1401.0,1
1401.25,0
1401.5,1
1409.5,0
1424.75,1
1434.0,0
1437.75,1
1438.0,0
1446.0,1
1446.25,0
1448.75,1
1449.5,0
1450.0,1
1452.0,0
1452.25,1
1457.25,0
1469.5,1
1469.75,0
1471.5,1
1471.75,0
1472.0,1
1472.25,0
1473.0,1
1473.5,0
1473.75,1
1482.25,0
1542.0,1
1542.25,0
1545.0,1
1547.75,0
1548.0,1
1553.0,0
1553.25,1
1553.5,0
1568.5,1
1572.75,0
1573.0,1
1577.75,0
1592.5,1
1599.0,0
1599.25,1
1601.0,0
1604.75,1
1605.0,0
1615.5,1
1615.75,0
1617.5,1
1624.5,0
1624.75,1
1625.0,0
1628.0,1
1628.25,0
1639.5,1
1639.75,0
1640.25,1
1640.5,0
1641.25,1
1647.5,0
1647.75,1
1649.0,0
1649.25,1
1649.5,0
1710.75,1
1711.0,0
1712.75,1
1713.0,0
1713.25,1
1722.25,0
1723.25,1
1723.5,0
1734.75,1
1735.0,0
1737.0,1
1737.25,0
1737.5,1
1745.25,0
1745.5,1
1745.75,0
1748.25,1
1748.5,0
1760.5,1
1760.75,0
1761.0,1
1766.75,0
1767.0,1
1770.25,0
1782.5,1
1782.75,0
1785.25,1
1793.5,0
1808.5,1
1817.25,0
1819.25,1
1819.5,0
1821.0,1
1821.25,0
1880.75,1
1881.5,0
1881.75,1
1883.75,0
1884.0,1
1884.5,0
1885.0,1
1889.0,0
1892.75,1
1893.0,0
1894.5,1
1894.75,0
1904.25,1
1904.5,0
1904.75,1
1912.0,0
1912.25,1
1913.0,0
1928.75,1
1935.0,0
1935.25,1
1937.25,0
1940.0,1
1940.25,0
1940.5,1
1940.75,0
1950.5,1
1950.75,0
1952.75,1
1960.0,0
1960.25,1
1961.25,0
1974.75,1
1975.0,0
1976.75,1
1979.75,0
1980.0,1
1985.0,0
1989.0,1
1989.5,0
2049.0,1
2056.75,0
2072.0,1
2072.25,0
2073.25,1
2080.5,0
2081.25,1
2081.5,0
2097.25,1
2102.0,0
2102.25,1
2104.0,0
2104.25,1
2105.25,0
2107.25,1
2107.5,0
2108.75,1
2109.0,0
2109.25,1
2109.75,0
2118.75,1
2119.0,0
2119.5,1
2119.75,0
2120.75,1
2129.25,0
2133.75,1
2134.0,0
2143.25,1
2143.5,0
2145.0,1
2148.5,0
2148.75,1
2150.25,0
2150.5,1
2153.0,0
2157.5,1
2157.75,0
2213.75,1
2214.0,0
2217.25,1
2225.5,0
2229.5,1
2229.75,0
2240.75,1
2241.5,0
2241.75,1
2244.25,0
2244.5,1
2250.0,0
2251.75,1
2252.0,0
2265.0,1
2265.5,0
2265.75,1
2266.0,0
2266.25,1
2268.0,0
2268.25,1
2273.25,0
2273.5,1
2273.75,0
2288.75,1
2289.0,0
2289.25,1
2297.25,0
2299.5,1
2299.75,0
2302.25,1
2302.5,0
2312.5,1
2313.5,0
2313.75,1
2316.0,0
2316.25,1
2317.5,0
2317.75,1
2321.25,0
2321.5,1
2321.75,0
2382.0,1
2382.25,0
2385.0,1
2393.5,0
2394.0,1
2394.25,0
2397.5,1
2397.75,0
2405.5,1
2406.0,0
2407.0,1
2407.25,0
2408.25,1
2416.0,0
2416.25,1
2417.75,0
2431.25,1
2431.5,0
2432.25,1
2441.25,0
2444.75,1
2445.0,0
2456.75,1
2457.75,0
2458.0,1
2461.5,0
2461.75,1
2465.5,0
2480.5,1
2484.0,0
2484.25,1
2489.25,0
2492.5,1
2492.75,0
2552.75,1
2561.25,0
2561.5,1
2561.75,0
2574.25,1
2574.5,0
2575.0,1
2575.25,0
2576.5,1
2576.75,0
2577.25,1
2580.25,0
2580.5,1
2584.75,0
2589.75,1
2590.0,0
2598.0,1
2598.25,0
2600.75,1
2608.5,0
2608.75,1
2609.25,0
2613.0,1
2613.25,0
2623.25,1
2623.5,0
2625.25,1
2628.25,0
2628.5,1
2629.25,0
2629.5,1
2633.5,0
2647.75,1
2648.0,0
2649.0,1
2656.75,0
2657.0,1
2657.5,0
2721.0,1
2725.25,0
2725.5,1
2729.25,0
2732.25,1
2732.75,0
2744.75,1
2745.0,0
2745.5,1
2749.0,0
2749.25,1
2753.5,0
2765.25,1
2765.5,0
2768.25,1
2777.25,0
2780.25,1
2780.5,0
2780.75,1
2781.0,0
2793.0,1
2801.75,0
2816.5,1
2816.75,0
2817.0,1
2819.5,0
2819.75,1
2825.25,0
2829.5,1
2829.75,0
2886.75,1
2887.0,0
2888.5,1
2892.25,0
2892.5,1
2895.0,0
2895.25,1
2897.5,0
2912.5,1
2920.75,0
2924.0,1
2924.25,0
2936.75,1
2937.0,0
2937.25,1
2944.75,0
2945.0,1
2945.25,0
2949.25,1
2949.5,0
2959.5,1
2959.75,0
2960.25,1
2960.75,0
2961.0,1
2963.75,0
2964.0,1
2968.5,0
2968.75,1
2969.0,0
2969.25,1
2969.5,0
2985.25,1
2987.75,0
2988.0,1
2988.25,0
2988.5,1
2993.25,0
2997.5,1
2997.75,0
3056.5,1
3064.5,0
3064.75,1
3065.0,0
3065.75,1
3066.0,0
3080.25,1
3080.5,0
3081.25,1
3084.5,0
3084.75,1
3088.5,0
3088.75,1
3090.25,0
3093.25,1
3093.5,0
3104.0,1
3104.25,0
3105.0,1
3105.25,0
3105.5,1
3113.0,0
3113.25,1
3113.5,0
3115.5,1
3115.75,0
3126.75,1
3127.0,0
3128.5,1
3133.25,0
3133.5,1
3135.75,0
3136.0,1
3137.25,0
3151.75,1
3152.0,0
3153.25,1
3154.75,0
3155.0,1
3161.25,0
3164.0,1
3164.25,0
3224.25,1
3227.25,0
3227.5,1
3233.25,0
3247.5,1
3247.75,0
3249.0,1
3257.75,0
3260.25,1
3260.5,0
3272.5,1
3272.75,0
3273.0,1
3273.25,0
3273.5,1
3281.25,0
3296.25,1
3300.25,0
3300.5,1
3304.5,0
3304.75,1
3305.25,0
3319.5,1
3329.25,0
3329.5,1
3329.75,0
3392.75,1
3401.0,0
3415.0,1
3415.25,0
3416.75,1
3417.0,0
3417.5,1
3421.0,0
3421.25,1
3423.0,0
3423.25,1
3425.5,0
3441.5,1
3443.0,0
3443.25,1
3448.25,0
3448.5,1
3449.25,0
3453.0,1
3453.25,0
3463.75,1
3464.0,0
3465.0,1
3469.25,0
3469.5,1
3470.0,0
3470.25,1
3473.5,0
3474.5,1
3474.75,0
3476.75,1
3477.0,0
3486.25,1
3486.5,0
3488.75,1
3496.5,0
3496.75,1
3497.25,0
3501.75,1
3502.0,0
3560.25,1
3560.5,0
3561.0,1
3568.75,0
3569.25,1
3569.5,0
3608.75,1
3617.25,0
3620.25,1
3620.5,0
3621.5,1
3621.75,0
3622.0,1
3622.25,0
3629.0,1
3629.25,0
3629.5,1
3629.75,0
3633.0,1
3638.75,0
3639.0,1
3640.75,0
3645.0,1
3645.25,0
3653.0,1
3653.25,0
3657.0,1
3657.25,0
3657.5,1
3659.75,0
3660.0,1
3665.0,0
3729.0,1
3729.25,0
3729.5,1
3733.25,0
3733.5,1
3737.5,0
3740.75,1
3741.0,0
3753.0,1
3756.0,0
3756.25,1
3761.25,0
3776.75,1
3778.25,0
3778.5,1
3785.25,0
3785.5,1
3785.75,0
3799.75,1
3800.0,0
3800.5,1
3808.75,0
3809.25,1
3809.5,0
3824.25,1
3824.5,0
3824.75,1
3833.5,0
3894.75,1
3895.0,0
3897.25,1
3900.25,0
3900.75,1
3905.25,0
3909.25,1
3909.5,0
3917.75,1
3918.0,0
3920.75,1
3921.0,0
3921.25,1
3921.5,0
3921.75,1
3924.25,0
3924.5,1
3929.25,0
3931.5,1
3931.75,0
3932.25,1
3932.5,0
3932.75,1
3933.0,0
3945.0,1
3948.0,0
3948.25,1
3949.75,0
3950.0,1
3953.5,0
3956.0,1
3956.25,0
3967.75,1
3968.0,0
3969.0,1
3976.75,0
3977.0,1
3977.25,0
3979.5,1
3979.75,0
3992.0,1
3992.25,0
3992.75,1
3995.0,0
3995.25,1
3996.0,0
3996.25,1
3997.75,0
3998.25,1
4001.5,0
4064.25,1
4064.5,0
4064.75,1
4073.75,0
4074.0,1
4074.25,0
4077.75,1
4078.0,0
4088.75,1
4097.5,0
4101.75,1
4102.0,0
4110.5,1
4111.0,0
4113.0,1
4121.25,0
4134.25,1
4134.5,0
4137.0,1
4137.5,0
4137.75,1
4141.75,0
4142.0,1
4145.5,0
4161.25,1
4167.75,0
4168.0,1
4169.75,0
4173.0,1
4173.25,0
4231.0,1
4231.25,0
4233.0,1
4235.25,0
4235.5,1
4239.75,0
4240.0,1
4241.25,0
4241.5,1
4241.75,0
4255.5,1
4255.75,0
4257.25,1
4257.5,0
4257.75,1
4265.25,0
4269.5,1
4269.75,0
4280.75,1
4284.0,0
4284.25,1
4289.0,0
4302.25,1
4302.5,0
4303.5,1
4304.0,0
4304.5,1
4313.75,0
4328.75,1
4329.0,0
4329.25,1
4331.0,0
4331.25,1
4337.25,0
4341.75,1
4342.0,0
4400.5,1
4406.0,0
4406.25,1
4409.25,0
4449.0,1
4449.25,0
4449.5,1
4457.25,0
4457.75,1
4458.0,0
4472.5,1
4474.25,0
4474.5,1
4478.5,0
4478.75,1
4480.75,0
4481.0,1
4481.25,0
4485.0,1
4485.25,0
4494.25,1
4494.75,0
4497.0,1
4500.75,0
4501.0,1
4501.25,0
4501.5,1
4504.5,0
4504.75,1
4505.5,0
4509.0,1
4509.25,0
4510.0,1
4510.25,0
4567.5,1
4567.75,0
4568.75,1
4573.25,0
4573.5,1
4573.75,0
4574.0,1
4577.25,0
4591.0,1
4591.25,0
4592.0,1
4592.25,0
4593.25,1
4601.25,0
4602.0,1
4602.25,0
4615.5,1
4616.0,0
4617.0,1
4618.75,0
4619.0,1
4620.75,0
4621.0,1
4625.0,0
4626.0,1
4626.25,0
4630.25,1
4630.5,0
4640.5,1
4640.75,0
4641.25,1
4643.0,0
4643.25,1
4643.75,0
4644.0,1
4644.5,0
4644.75,1
4648.25,0
4648.5,1
4649.5,0
4651.0,1
4651.25,0
4665.0,1
4668.0,0
4668.25,1
4670.75,0
4671.0,1
4672.75,0
4736.75,1
4742.0,0
4742.25,1
4745.75,0
4758.0,1
4758.25,0
4759.0,1
4759.25,0
4759.5,1
4759.75,0
4761.25,1
4762.5,0
4762.75,1
4764.25,0
4764.5,1
4765.25,0
4765.5,1
4770.0,0
4785.0,1
4785.25,0
4785.5,1
4791.0,0
4791.25,1
4793.0,0
4808.5,1
4809.0,0
4809.25,1
4809.5,0
4809.75,1
4815.25,0
4815.5,1
4817.0,0
4817.25,1
4817.75,0
4819.75,1
4820.0,0
4820.25,1
4820.5,0
4829.25,1
4829.5,0
4833.0,1
4836.5,0
4836.75,1
4841.5,0
4841.75,1
4842.0,0
4844.5,1
4844.75,0
4904.5,1
4913.0,0
4913.25,1
4914.0,0
4917.25,1
4917.5,0
4928.5,1
4932.25,0
4932.5,1
4936.75,0
4937.0,1
4937.5,0
4937.75,1
4938.0,0
4940.75,1
4941.0,0
4952.75,1
4953.0,0
4953.25,1
4956.75,0
4957.0,1
4960.75,0
4961.0,1
4961.25,0
4961.5,1
4961.75,0
4964.5,1
4964.75,0
4965.0,1
4965.25,0
4976.75,1
4985.25,0
4999.5,1
4999.75,0
5000.25,1
5004.25,0
5004.5,1
5006.0,0
5006.25,1
5008.25,0
5008.5,1
5009.0,0
5009.5,1
5009.75,0
5072.75,1
5074.0,0
5074.25,1
5077.0,0
5077.25,1
5081.5,0
5097.0,1
5105.5,0
5121.0,1
5128.5,0
5128.75,1
5129.0,0
5129.25,1
5129.75,0
5133.0,1
5133.5,0
5144.25,1
5144.5,0
5144.75,1
5145.0,0
5145.25,1
5149.75,0
5150.25,1
5153.5,0
5168.75,1
5169.0,0
5169.25,1
5169.75,0
5170.0,1
5177.5,0
5240.75,1
5244.25,0
5244.5,1
5249.25,0
5253.25,1
5253.5,0
5254.0,1
5254.25,0
5262.5,1
5262.75,0
5265.0,1
5266.75,0
5267.0,1
5269.5,0
5270.0,1
5273.25,0
5273.75,1
5274.0,0
5289.5,1
5297.25,0
5312.75,1
5321.5,0
5336.75,1
5337.25,0
5337.5,1
5339.75,0
5340.0,1
5340.5,0
5340.75,1
5343.75,0
5344.0,1
5345.25,0
5408.25,1
5409.75,0
5410.0,1
5410.5,0
5410.75,1
5416.5,0
5416.75,1
5417.75,0
5430.75,1
5431.0,0
5433.0,1
5433.25,0
5433.5,1
5441.5,0
5454.75,1
5455.0,0
5456.25,1
5459.0,0
5459.25,1
5465.25,0
5469.25,1
5469.5,0
5479.25,1
5479.5,0
5480.75,1
5483.25,0
5483.5,1
5490.0,0
5493.0,1
5493.25,0
5504.0,1
5504.25,0
5504.75,1
5505.0,0
5505.25,1
5505.5,0
5505.75,1
5513.5,0
5517.5,1
5517.75,0
5577.5,1
5584.75,0
5585.0,1
5585.5,0
5601.0,1
5609.0,0
5609.25,1
5609.75,0
5623.0,1
5623.25,0
5625.25,1
5630.5,0
5630.75,1
5633.25,0
5633.75,1
5634.0,0
5637.75,1
5638.0,0
5638.5,1
5638.75,0
5649.25,1
5649.5,0
5649.75,1
5657.25,0
5659.25,1
5659.5,0
5669.25,1
5669.5,0
5672.75,1
5680.75,0
5744.75,1
5745.5,0
5745.75,1
5753.25,0
5768.75,1
5769.0,0
5769.25,1
5776.5,0
5776.75,1
5777.25,0
5777.5,1
5777.75,0
5792.5,1
5792.75,0
5793.0,1
5796.5,0
5796.75,1
5801.0,0
5801.25,1
5801.5,0
5805.25,1
5805.5,0
5814.5,1
5814.75,0
5817.0,1
5817.75,0
5818.0,1
5818.25,0
5818.5,1
5825.0,0
5825.5,1
5825.75,0
5832.0,1
5832.25,0
5834.5,1
5834.75,0
5836.5,1
5836.75,0
5840.75,1
5846.75,0
5847.0,1
5849.0,0
5849.5,1
5849.75,0
5852.25,1
5852.5,0
5905.25,1
5905.5,0
5912.75,1
5913.0,0
5913.5,1
5917.5,0
5917.75,1
5921.25,0
5958.75,1
5959.0,0
5960.0,1
5960.5,0
5960.75,1
5961.75,0
5962.0,1
5962.25,0
5962.5,1
5969.75,0
5973.0,1
5973.25,0
5983.0,1
5983.25,0
5984.25,1
5992.75,0
5993.0,1
5993.25,0
5993.5,1
5994.0,0
5996.5,1
5996.75,0
6008.25,1
6017.0,0
6017.25,1
6017.75,0
6020.5,1
6020.75,0
6080.25,1
6080.5,0
6080.75,1
6088.5,0
6089.0,1
6089.75,0
6092.0,1
6092.25,0
6105.25,1
6113.0,0
6113.25,1
6113.5,0
6128.25,1
6129.75,0
6130.0,1
6133.25,0
6133.5,1
6136.75,0
6137.0,1
6137.25,0
6150.0,1
6150.25,0
6152.75,1
6153.25,0
6153.5,1
6156.5,0
6156.75,1
6158.0,0
6158.25,1
6161.25,0
6165.75,1
6166.0,0
6174.75,1
6175.0,0
6176.5,1
6180.5,0
6180.75,1
6184.0,0
6184.5,1
6184.75,0
6185.0,1
6185.25,0
6247.25,1
6247.5,0
6249.0,1
6250.0,0
6250.25,1
6254.75,0
6255.0,1
6257.5,0
6272.5,1
6281.25,0
6295.25,1
6295.5,0
6297.25,1
6300.25,0
6300.5,1
6305.0,0
6305.5,1
6306.25,0
6317.5,1
6317.75,0
6319.25,1
6319.5,0
6320.75,1
6329.25,0
6344.5,1
6344.75,0
6345.0,1
6346.25,0
6346.5,1
6347.0,0
6347.25,1
6353.75,0
6356.75,1
6357.0,0
6417.0,1
6420.25,0
6420.5,1
6425.0,0
6425.75,1
6426.0,0
6429.0,1
6429.5,0
6441.5,1
6449.75,0
6464.25,1
6464.5,0
6465.0,1
6465.25,0
6465.75,1
6466.75,0
6467.0,1
6468.0,0
6468.25,1
6473.25,0
6476.5,1
6476.75,0
6487.25,1
6487.5,0
6488.5,1
6492.25,0
6492.5,1
6496.25,0
6496.5,1
6496.75,0
6497.5,1
6497.75,0
6501.75,1
6502.0,0
6512.0,1
6512.25,0
6512.5,1
6512.75,0
6513.75,1
6516.0,0
6516.25,1
6521.5,0
6584.75,1
6586.25,0
6586.5,1
6588.25,0
6588.5,1
6592.75,0
6593.0,1
6593.25,0
6595.75,1
6596.0,0
6608.75,1
6609.25,0
6609.5,1
6609.75,0
6610.0,1
6613.5,0
6613.75,1
6617.25,0
6617.5,1
6617.75,0
6631.75,1
6632.0,0
6632.75,1
6634.75,0
6635.0,1
6641.5,0
6656.25,1
6656.5,0
6656.75,1
6660.25,0
6660.5,1
6661.25,0
6661.5,1
6663.5,0
6663.75,1
6664.75,0
6665.0,1
6665.25,0
6668.5,1
6668.75,0
6680.5,1
6684.75,0
6685.0,1
6690.0,0
6693.0,1
6693.25,0
6752.0,1
6752.25,0
6752.5,1
6754.0,0
6754.25,1
6756.0,0
6756.75,1
6757.0,0
6757.25,1
6761.25,0
6766.0,1
6766.25,0
6800.25,1
6809.25,0
6812.5,1
6812.75,0
6813.75,1
6814.0,0
6824.75,1
6825.5,0
6825.75,1
6829.5,0
6829.75,1
6832.0,0
6832.25,1
6833.25,0
6833.75,1
6834.0,0
6846.25,1
6846.5,0
6848.5,1
6857.25,0
6919.0,1
6919.25,0
6921.5,1
6929.5,0
6933.75,1
6934.0,0
6944.0,1
6944.5,0
6944.75,1
6953.5,0
6958.25,1
6958.5,0
6969.0,1
6971.75,0
6972.0,1
6977.0,0
6977.25,1
6977.5,0
6992.75,1
6996.25,0
6996.5,1
6997.25,0
6997.5,1
6999.25,0
6999.5,1
7001.5,0
7004.5,1
7004.75,0
7005.75,1
7006.0,0
7014.0,1
7014.25,0
7017.0,1
7021.25,0
7021.5,1
7024.5,0
7025.0,1
7025.75,0
7089.25,1
7094.5,0
7094.75,1
7096.0,0
7096.25,1
7097.5,0
7110.5,1
7110.75,0
7112.75,1
7121.5,0
7124.5,1
7124.75,0
7137.0,1
7138.5,0
7138.75,1
7141.5,0
7141.75,1
7142.5,0
7142.75,1
7145.25,0
7145.5,1
7145.75,0
7160.75,1
7162.25,0
7162.5,1
7169.75,0
7172.25,1
7172.5,0
7173.25,1
7173.5,0
7184.75,1
7191.25,0
7191.5,1
7192.0,0
7192.5,1
7193.25,0
7193.5,1
7193.75,0
7253.5,1
7253.75,0
7256.75,1
7258.0,0
7258.25,1
7265.25,0
7280.5,1
7280.75,0
7281.25,1
7283.75,0
7284.0,1
7286.0,0
7286.25,1
7289.5,0
7292.5,1
7292.75,0
7305.25,1
7308.0,0
7308.25,1
7308.75,0
7309.0,1
7313.25,0
7326.5,1
7326.75,0
7327.0,1
7327.25,0
7327.5,1
7327.75,0
7328.25,1
7328.5,0
7328.75,1
7329.0,0
7329.25,1
7337.75,0
7351.0,1
7351.25,0
7353.25,1
7356.0,0
7356.25,1
7356.5,0
7356.75,1
7361.5,0
7425.25,1
7432.0,0
7432.75,1
7433.25,0
7434.25,1
7434.5,0
7436.5,1
7436.75,0
7448.5,1
7448.75,0
7449.25,1
7452.5,0
7453.0,1
7453.25,0
7453.5,1
7454.75,0
7455.0,1
7457.5,0
7461.25,1
7461.5,0
7461.75,1
7462.0,0
7470.0,1
7470.25,0
7472.75,1
7476.75,0
7477.0,1
7479.75,0
7480.0,1
7481.0,0
7481.5,1
7482.0,0
7496.75,1
7504.75,0
7505.0,1
7505.25,0
7518.5,1
7518.75,0
7520.75,1
7521.0,0
7521.25,1
7524.0,0
7524.25,1
7529.5,0
7593.0,1
7601.5,0
7604.0,1
7604.25,0
7605.0,1
7605.25,0
7615.25,1
7615.5,0
7616.5,1
7621.25,0
7621.5,1
7621.75,0
7622.0,1
7625.25,0
7627.75,1
7628.25,0
7636.5,1
7636.75,0
7640.5,1
7645.5,0
7645.75,1
7648.25,0
7648.5,1
7649.5,0
7665.25,1
7673.5,0
7675.75,1
7676.0,0
7676.75,1
7677.0,0
7686.0,1
7686.25,0
7688.75,1
7697.0,0
7697.25,1
7697.75,0
7700.25,1
7700.5,0
7758.25,1
7758.5,0
7760.5,1
7760.75,0
7761.0,1
7764.75,0
7765.0,1
7765.25,0
7765.5,1
7770.0,0
7785.0,1
7786.75,0
7787.0,1
7788.5,0
7788.75,1
7793.25,0
7808.0,1
7808.25,0
7808.5,1
7808.75,0
7809.0,1
7814.25,0
7814.5,1
7817.5,0
7833.5,1
7835.5,0
7835.75,1
7836.75,0
7837.0,1
7839.0,0
7839.25,1
7841.25,0
7841.5,1
7841.75,0
7926.25,1
7926.5,0
7927.75,1
7928.0,0
7928.5,1
7928.75,0
7929.0,1
7931.75,0
7932.0,1
7937.5,0
7940.0,1
7940.25,0
7952.0,1
7952.25,0
7952.5,1
7953.75,0
7954.0,1
7955.25,0
7955.5,1
7961.0,0
7961.25,1
7961.75,0
7976.5,1
7976.75,0
7977.0,1
7979.5,0
7979.75,1
7983.0,0
7983.25,1
7985.5,0
7985.75,1
7986.0,0
8000.25,1
8009.5,0
8025.25,1
8033.25,0
8034.0,1
8034.25,0
8096.75,1
8101.25,0
8101.5,1
8103.0,0
8103.25,1
8104.75,0
8105.25,1
8105.75,0
8109.0,1
8109.25,0
8120.5,1
8129.25,0
8129.5,1
8129.75,0
8144.25,1
8144.5,0
8145.0,1
8153.25,0
8168.25,1
8177.75,0
8192.5,1
8196.0,0
8196.25,1
8201.5,0
8262.25,1
8262.5,0
8264.0,1
8264.25,0
8265.0,1
8265.5,0
8265.75,1
8271.75,0
8272.5,1
8272.75,0
8273.0,1
8273.25,0
8273.5,1
8273.75,0
8285.25,1
8285.5,0
8288.75,1
8297.25,0
8313.25,1
8314.25,0
8314.5,1
8321.0,0
8321.25,1
8321.5,0
8325.0,1
8325.25,0
8325.5,1
8325.75,0
8336.5,1
8337.5,0
8337.75,1
8338.25,0
8338.5,1
8345.25,0
8348.0,1
8348.25,0
8348.5,1
8348.75,0
8360.75,1
8369.0,0
8369.25,1
8369.5,0
8429.75,1
8430.0,0
8432.75,1
8435.75,0
8436.0,1
8438.25,0
8438.5,1
8441.0,0
8441.5,1
8441.75,0
8456.75,1
8458.25,0
8458.5,1
8465.5,0
8468.75,1
8469.0,0
8469.75,1
8470.0,0
8481.0,1
8489.5,0
8504.5,1
8513.5,0
8516.75,1
8517.0,0
8517.5,1
8517.75,0
8527.75,1
8528.0,0
8528.75,1
8534.75,0
8535.25,1
8537.0,0
8624.75,1
8630.5,0
8630.75,1
8632.25,0
8632.5,1
8632.75,0
8633.5,1
8634.5,0
8649.0,1
8657.25,0
8661.75,1
8662.0,0
8673.25,1
8681.0,0
8681.5,1
8681.75,0
8696.5,1
8697.0,0
8697.25,1
8697.5,0
8697.75,1
8698.25,0
8698.5,1
8703.5,0
8703.75,1
8704.25,0
8705.0,1
8705.25,0
8709.0,1
8709.25,0

float Room-228B (1249,2)
0.0,0
31.75,1
32.0,0
32.25,1
33.0,0
33.25,1
41.75,0
55.5,1
65.25,0
65.5,1
65.75,0
68.25,1
68.5,0
80.75,1
89.5,0
92.5,1
92.75,0
104.5,1
113.25,0
113.5,1
114.0,0
126.0,1
126.25,0
128.5,1
137.75,0
138.0,1
138.25,0
198.25,1
198.5,0
201.0,1
209.0,0
209.5,1
209.75,0
224.0,1
224.75,0
225.0,1
233.0,0
237.5,1
237.75,0
248.75,1
257.25,0
257.5,1
257.75,0
271.75,1
272.0,0
273.0,1
281.25,0
287.75,1
288.0,0
290.5,1
290.75,0
296.0,1
305.75,0
309.25,1
309.5,0
368.75,1
377.75,0
381.5,1
381.75,0
393.0,1
396.5,0
396.75,1
401.75,0
440.75,1
449.0,0
465.0,1
473.5,0
477.25,1
477.5,0
536.25,1
536.5,0
536.75,1
542.25,0
542.75,1
545.5,0
549.0,1
549.25,0
560.5,1
569.75,0
572.75,1
573.0,0
583.5,1
583.75,0
584.5,1
593.75,0
606.5,1
606.75,0
608.5,1
617.0,0
617.25,1
617.5,0
632.25,1
641.25,0
702.5,1
702.75,0
704.25,1
707.75,0
708.0,1
713.75,0
726.75,1
727.0,0
727.5,1
727.75,0
728.5,1
737.25,0
737.75,1
738.0,0
751.5,1
751.75,0
752.5,1
752.75,0
753.0,1
761.25,0
774.75,1
775.0,0
776.5,1
784.5,0
785.25,1
785.5,0
799.75,1
800.0,0
801.0,1
809.25,0
870.25,1
870.5,0
872.75,1
881.0,0
881.5,1
882.0,0
885.0,1
885.25,0
896.75,1
900.75,0
901.0,1
905.5,0
920.5,1
928.75,0
929.25,1
929.5,0
942.5,1
942.75,0
944.75,1
953.5,0
953.75,1
954.0,0
967.0,1
967.25,0
968.75,1
976.5,0
976.75,1
977.5,0
1037.5,1
1037.75,0
1038.75,1
1039.25,0
1040.25,1
1042.5,0
1042.75,1
1050.0,0
1052.75,1
1053.0,0
1063.25,1
1063.5,0
1064.75,1
1073.5,0
1077.25,1
1077.5,0
1110.25,1
1110.5,0
1111.25,1
1111.5,0
1112.75,1
1116.25,0
1116.5,1
1121.0,0
1135.0,1
1135.25,0
1135.75,1
1136.0,0
1137.0,1
1145.5,0
1204.5,1
1204.75,0
1206.5,1
1206.75,0
1208.5,1
1218.25,0
1232.0,1
1241.75,0
1256.75,1
1257.0,0
1257.25,1
1259.0,0
1259.25,1
1265.5,0
1275.75,1
1276.0,0
1278.25,1
1278.5,0
1278.75,1
1279.25,0
1280.25,1
1289.0,0
1304.75,1
1313.5,0
1375.5,1
1376.0,0
1376.5,1
1385.0,0
1386.0,1
1386.25,0
1389.5,1
1389.75,0
1398.75,1
1399.0,0
1400.25,1
1409.75,0
1412.75,1
1413.0,0
1413.75,1
1414.0,0
1424.75,1
1433.25,0
1436.25,1
1436.5,0
1448.75,1
1457.0,0
1460.0,1
1460.25,0
1461.0,1
1461.25,0
1471.25,1
1471.5,0
1471.75,1
1481.25,0
1484.0,1
1484.25,0
1544.5,1
1553.5,0
1556.25,1
1556.5,0
1558.0,1
1558.25,0
1568.75,1
1577.25,0
1592.5,1
1601.25,0
1601.5,1
1601.75,0
1606.5,1
1606.75,0
1616.25,1
1624.5,0
1624.75,1
1625.5,0
1640.25,1
1649.5,0
1712.5,1
1721.25,0
1736.25,1
1745.75,0
1758.25,1
1758.5,0
1760.25,1
1769.0,0
1769.25,1
1769.75,0
1772.5,1
1772.75,0
1783.0,1
1783.25,0
1784.75,1
1793.75,0
1796.75,1
1797.0,0
1808.25,1
1818.0,0
1880.25,1
1889.25,0
1904.75,1
1905.0,0
1905.5,1
1913.75,0
1928.25,1
1937.5,0
1952.5,1
1952.75,0
1953.0,1
1961.75,0
1974.0,1
1974.25,0
1976.5,1
1976.75,0
1977.0,1
1986.0,0
2048.5,1
2057.25,0
2061.25,1
2061.5,0
2072.5,1
2081.0,0
2081.25,1
2081.75,0
2084.5,1
2084.75,0
2096.25,1
2096.5,0
2096.75,1
2106.0,0
2119.5,1
2119.75,0
2120.5,1
2129.5,0
2134.5,1
2134.75,0
2144.75,1
2145.0,0
2145.25,1
2153.75,0
2156.5,1
2156.75,0
2216.5,1
2225.5,0
2229.75,1
2230.0,0
2240.5,1
2248.75,0
2249.0,1
2249.75,0
2264.25,1
2264.5,0
2264.75,1
2273.75,0
2288.75,1
2296.75,0
2313.0,1
2321.0,0
2321.5,1
2321.75,0
2325.0,1
2325.25,0
2383.25,1
2383.5,0
2384.75,1
2388.5,0
2388.75,1
2393.5,0
2408.5,1
2417.75,0
2419.75,1
2420.0,0
2420.5,1
2421.0,0
2432.5,1
2441.25,0
2441.5,1
2441.75,0
2455.75,1
2456.0,0
2456.5,1
2457.25,0
2457.5,1
2465.25,0
2480.5,1
2489.25,0
2552.5,1
2560.75,0
2561.0,1
2561.75,0
2566.25,1
2566.5,0
2576.5,1
2585.5,0
2599.25,1
2599.5,0
2600.25,1
2609.25,0
2622.25,1
2622.5,0
2624.5,1
2628.5,0
2629.0,1
2634.25,0
2635.75,1
2636.0,0
2646.5,1
2646.75,0
2647.0,1
2647.25,0
2647.5,1
2647.75,0
2648.5,1
2657.5,0
2720.75,1
2728.5,0
2728.75,1
2729.0,0
2729.25,1
2729.5,0
2733.25,1
2733.5,0
2743.75,1
2744.25,0
2744.5,1
2753.0,0
2753.25,1
2753.5,0
2768.75,1
2769.0,0
2769.25,1
2777.25,0
2777.5,1
2777.75,0
2792.25,1
2801.5,0
2802.0,1
2802.25,0
2816.25,1
2825.5,0
2888.75,1
2897.25,0
2912.75,1
2921.25,0
2935.5,1
2935.75,0
2936.25,1
2945.25,0
2957.75,1
2958.0,0
2959.25,1
2959.75,0
2960.25,1
2969.75,0
2972.0,1
2972.25,0
2982.5,1
2982.75,0
2984.75,1
2993.75,0
3055.5,1
3055.75,0
3057.25,1
3065.5,0
3069.0,1
3069.25,0
3069.75,1
3070.0,0
3080.75,1
3089.75,0
3090.75,1
3091.0,0
3102.75,1
3103.0,0
3103.75,1
3104.5,0
3104.75,1
3113.5,0
3128.5,1
3137.5,0
3139.5,1
3139.75,0
3141.0,1
3141.25,0
3141.75,1
3142.0,0
3153.25,1
3161.5,0
3165.0,1
3165.25,0
3224.25,1
3233.75,0
3247.25,1
3247.5,0
3248.5,1
3249.0,0
3249.25,1
3249.75,0
3250.0,1
3257.75,0
3270.5,1
3270.75,0
3271.25,1
3271.5,0
3272.75,1
3282.0,0
3296.75,1
3305.25,0
3320.0,1
3320.25,0
3320.5,1
3329.5,0
3391.5,1
3391.75,0
3392.5,1
3401.5,0
3415.75,1
3416.0,0
3416.75,1
3425.25,0
3430.25,1
3430.5,0
3440.0,1
3449.5,0
3464.5,1
3473.75,0
3487.0,1
3487.25,0
3488.75,1
3497.5,0
3560.75,1
3569.25,0
3569.5,1
3570.0,0
3571.75,1
3572.0,0
3572.5,1
3572.75,0
3606.0,1
3606.25,0
3608.0,1
3617.25,0
3632.25,1
3641.5,0
3645.25,1
3645.5,0
3656.75,1
3665.5,0
3728.5,1
3737.5,0
3739.25,1
3739.5,0
3739.75,1
3740.0,0
3740.5,1
3740.75,0
3752.5,1
3753.25,0
3753.5,1
3761.25,0
3776.5,1
3785.25,0
3788.75,1
3789.0,0
3800.25,1
3808.75,0
3809.0,1
3809.25,0
3813.75,1
3814.0,0
3822.75,1
3823.0,0
3825.0,1
3833.5,0
3835.75,1
3836.0,0
3896.0,1
3906.0,0
3907.25,1
3907.5,0
3908.25,1
3908.5,0
3908.75,1
3909.0,0
3920.0,1
3920.5,0
3921.0,1
3929.5,0
3929.75,1
3930.0,0
3934.0,1
3934.25,0
3944.25,1
3953.25,0
3957.0,1
3957.25,0
3967.0,1
3967.25,0
3968.75,1
3978.0,0
3992.25,1
4001.5,0
4063.5,1
4063.75,0
4064.25,1
4073.5,0
4088.25,1
4098.25,0
4111.0,1
4111.25,0
4112.25,1
4121.25,0
4125.0,1
4125.25,0
4135.5,1
4136.0,0
4136.5,1
4137.75,0
4138.0,1
4145.5,0
4149.25,1
4149.5,0
4157.0,1
4157.25,0
4160.25,1
4160.5,0
4161.0,1
4169.75,0
4232.75,1
4237.5,0
4237.75,1
4241.5,0
4254.0,1
4254.25,0
4256.0,1
4265.5,0
4278.5,1
4278.75,0
4280.0,1
4280.5,0
4281.0,1
4289.75,0
4292.0,1
4292.5,0
4304.25,1
4313.75,0
4317.25,1
4317.5,0
4328.5,1
4337.75,0
4342.5,1
4342.75,0
4400.5,1
4409.75,0
4412.75,1
4413.0,0
4449.0,1
4457.25,0
4457.5,1
4457.75,0
4472.5,1
4481.75,0
4496.75,1
4505.75,0
4567.5,1
4567.75,0
4569.0,1
4577.0,0
4577.25,1
4577.75,0
4578.0,1
4578.25,0
4579.5,1
4579.75,0
4591.25,1
4591.5,0
4592.5,1
4601.5,0
4604.75,1
4605.0,0
4613.5,1
4613.75,0
4614.75,1
4615.0,0
4616.0,1
4625.25,0
4638.25,1
4638.75,0
4639.75,1
4640.0,0
4640.5,1
4649.5,0
4652.75,1
4653.0,0
4662.5,1
4662.75,0
4664.25,1
4673.25,0
4736.5,1
4745.25,0
4746.0,1
4746.25,0
4748.0,1
4748.25,0
4749.0,1
4749.25,0
4760.75,1
4765.5,0
4765.75,1
4769.25,0
4769.5,1
4769.75,0
4772.25,1
4772.5,0
4784.75,1
4793.75,0
4796.5,1
4796.75,0
4797.5,1
4798.0,0
4807.25,1
4807.5,0
4808.0,1
4817.5,0
4817.75,1
4818.0,0
4819.75,1
4820.0,0
4832.75,1
4841.5,0
4902.75,1
4903.0,0
4904.25,1
4913.25,0
4928.75,1
4937.25,0
4938.0,1
4938.25,0
4952.25,1
4952.5,0
4953.0,1
4961.0,0
4962.25,1
4962.5,0
4976.5,1
4985.75,0
5001.0,1
5010.25,0
5014.25,1
5014.5,0
5072.5,1
5082.0,0
5094.25,1
5094.5,0
5096.5,1
5105.5,0
5109.0,1
5109.25,0
5119.25,1
5119.5,0
5120.75,1
5129.5,0
5133.75,1
5134.0,0
5142.0,1
5142.25,0
5144.75,1
5153.5,0
5167.25,1
5167.5,0
5168.5,1
5177.5,0
5181.25,1
5181.5,0
5240.5,1
5249.5,0
5250.0,1
5250.25,0
5264.25,1
5264.5,0
5265.0,1
5272.75,0
5273.0,1
5273.75,0
5288.25,1
5297.5,0
5297.75,1
5298.0,0
5312.25,1
5312.5,0
5312.75,1
5321.5,0
5324.5,1
5324.75,0
5333.75,1
5334.0,0
5335.0,1
5335.25,0
5336.75,1
5337.0,0
5337.25,1
5345.25,0
5345.5,1
5345.75,0
5348.75,1
5349.0,0
5408.5,1
5418.25,0
5431.0,1
5431.25,0
5431.5,1
5441.75,0
5456.0,1
5465.5,0
5468.25,1
5468.5,0
5480.25,1
5480.5,0
5480.75,1
5489.75,0
5493.25,1
5493.5,0
5504.0,1
5504.25,0
5505.0,1
5513.25,0
5513.75,1
5514.0,0
5576.25,1
5576.5,0
5577.0,1
5586.25,0
5589.0,1
5589.25,0
5590.25,1
5590.5,0
5600.25,1
5610.0,0
5612.75,1
5613.0,0
5624.5,1
5633.5,0
5638.0,1
5638.25,0
5646.25,1
5646.5,0
5648.75,1
5657.75,0
5662.25,1
5662.5,0
5672.5,1
5674.25,0
5674.5,1
5681.25,0
5681.5,1
5681.75,0
5744.75,1
5753.75,0
5754.0,1
5754.25,0
5768.25,1
5778.25,0
5790.0,1
5790.25,0
5792.75,1
5801.5,0
5806.0,1
5806.25,0
5816.75,1
5825.5,0
5830.0,1
5830.25,0
5839.75,1
5849.5,0
5853.5,1
5853.75,0
5910.75,1
5911.0,0
5912.25,1
5922.0,0
5957.25,1
5957.5,0
5960.0,1
5960.25,0
5960.5,1
5969.5,0
5970.75,1
5971.0,0
5983.75,1
5984.0,0
5984.75,1
5993.25,0
5996.25,1
5996.5,0
6006.25,1
6006.5,0
6008.75,1
6017.75,0
6080.5,1
6089.5,0
6092.0,1
6092.25,0
6094.0,1
6094.25,0
6104.75,1
6112.75,0
6113.0,1
6113.5,0
6128.5,1
6137.75,0
6141.0,1
6141.25,0
6152.75,1
6161.5,0
6176.25,1
6176.5,0
6176.75,1
6185.75,0
6248.25,1
6253.0,0
6253.25,1
6258.0,0
6272.5,1
6281.5,0
6283.75,1
6284.0,0
6295.25,1
6295.5,0
6296.0,1
6305.0,0
6305.5,1
6305.75,0
6320.5,1
6329.75,0
6344.75,1
6349.25,0
6349.5,1
6353.5,0
6356.0,1
6356.25,0
6415.75,1
6425.5,0
6440.5,1
6440.75,0
6441.0,1
6450.0,0
6452.0,1
6452.25,0
6453.75,1
6454.0,0
6464.25,1
6473.5,0
6486.0,1
6486.25,0
6487.0,1
6487.25,0
6488.5,1
6497.25,0
6497.5,1
6498.0,0
6513.0,1
6521.5,0
6584.25,1
6593.75,0
6608.0,1
6617.25,0
6630.5,1
6630.75,0
6631.0,1
6631.25,0
6631.75,1
6632.0,0
6632.25,1
6641.5,0
6644.0,1
6644.25,0
6656.5,1
6666.0,0
6680.0,1
6689.25,0
6749.5,1
6749.75,0
6751.75,1
6752.0,0
6752.75,1
6761.75,0
6765.0,1
6765.25,0
6765.75,1
6766.0,0
6799.5,1
6800.0,0
6800.75,1
6808.75,0
6809.0,1
6809.5,0
6812.0,1
6812.25,0
6824.75,1
6833.0,0
6836.25,1
6836.5,0
6848.0,1
6848.25,0
6848.75,1
6857.5,0
6862.5,1
6862.75,0
6921.0,1
6929.25,0
6932.0,1
6932.25,0
6944.5,1
6953.75,0
6968.75,1
6973.5,0
6973.75,1
6977.75,0
6992.25,1
7001.5,0
7001.75,1
7002.0,0
7004.0,1
7004.25,0
7016.25,1
7025.75,0
7086.75,1
7087.0,0
7088.75,1
7097.25,0
7097.5,1
7097.75,0
7099.25,1
7099.5,0
7112.25,1
7112.5,0
7112.75,1
7121.75,0
7125.5,1
7125.75,0
7136.5,1
7145.75,0
7160.75,1
7169.25,0
7172.75,1
7173.0,0
7184.5,1
7188.0,0
7188.25,1
7189.0,0
7189.5,1
7193.25,0
7196.0,1
7196.25,0
7256.5,1
7265.25,0
7269.25,1
7269.75,0
7280.0,1
7280.75,0
7281.0,1
7286.0,0
7286.25,1
7289.5,0
7304.25,1
7313.5,0
7328.75,1
7337.25,0
7341.25,1
7341.5,0
7352.75,1
7361.5,0
7364.0,1
7364.25,0
7364.5,1
7364.75,0
7423.5,1
7423.75,0
7424.5,1
7433.25,0
7436.25,1
7436.5,0
7446.25,1
7446.5,0
7447.5,1
7447.75,0
7448.5,1
7457.5,0
7461.25,1
7461.5,0
7472.75,1
7481.5,0
7497.0,1
7505.25,0
7520.75,1
7529.25,0
7533.0,1
7533.25,0
7589.75,1
7590.0,0
7591.25,1
7591.5,0
7592.0,1
7592.75,0
7593.0,1
7601.75,0
7614.0,1
7614.25,0
7615.5,1
7616.25,0
7616.5,1
7625.5,0
7628.25,1
7628.5,0
7637.75,1
7638.0,0
7641.25,1
7649.75,0
7662.5,1
7662.75,0
7664.75,1
7665.0,0
7665.25,1
7673.75,0
7678.0,1
7678.25,0
7688.75,1
7697.75,0
7698.0,1
7698.25,0
7700.0,1
7700.25,0
7758.0,1
7758.25,0
7760.25,1
7760.5,0
7760.75,1
7770.25,0
7772.75,1
7773.0,0
7785.0,1
7788.0,0
7788.25,1
7793.5,0
7806.5,1
7806.75,0
7808.75,1
7817.5,0
7817.75,1
7818.0,0
7832.5,1
7836.5,0
7836.75,1
7841.75,0
7844.75,1
7845.0,0
7846.0,1
7846.25,0
7927.75,1
7928.0,0
7928.25,1
7937.25,0
7949.75,1
7950.0,0
7951.75,1
7952.0,0
7952.25,1
7952.5,0
7952.75,1
7961.5,0
7964.25,1
7964.5,0
7974.75,1
7975.0,0
7976.75,1
7982.0,0
7982.25,1
7985.5,0
7997.25,1
7997.5,0
8000.25,1
8009.5,0
8024.25,1
8033.5,0
8034.0,1
8034.25,0
8096.5,1
8105.5,0
8119.75,1
8129.25,0
8144.75,1
8154.5,0
8168.5,1
8177.75,0
8180.75,1
8181.0,0
8189.0,1
8189.25,0
8191.75,1
8192.5,0
8192.75,1
8201.25,0
8201.75,1
8202.0,0
8207.5,1
8207.75,0
8262.0,1
8262.25,0
8262.75,1
8263.0,0
8264.5,1
8264.75,0
8265.0,1
8273.25,0
8276.5,1
8276.75,0
8288.25,1
8297.75,0
8312.5,1
8321.75,0
8324.75,1
8325.0,0
8335.25,1
8335.5,0
8336.25,1
8345.25,0
8345.5,1
8345.75,0
8359.25,1
8359.5,0
8360.5,1
8369.75,0
8431.75,1
8432.25,0
8432.5,1
8441.5,0
8456.25,1
8466.0,0
8481.0,1
8489.5,0
8504.75,1
8513.5,0
8526.25,1
8526.5,0
8528.25,1
8537.75,0
8540.75,1
8541.0,0
8621.75,1
8622.0,0
8623.75,1
8624.0,0
8624.5,1
8633.25,0
8634.0,1
8634.25,0
8648.5,1
8657.75,0
8672.0,1
8672.25,0
8672.75,1
8682.0,0
8683.0,1
8683.25,0
8695.0,1
8695.25,0
8696.25,1
8705.5,0
8709.5,1
8709.75,0

float Room-212 (4357,2)
0.0,0
31.0,1
31.25,0
32.75,1
33.25,0
33.5,1
35.5,0
36.25,1
37.25,0
37.5,1
39.25,0
39.75,1
40.0,0
40.25,1
41.5,0
57.0,1
57.25,0
57.5,1
59.25,0
59.75,1
60.0,0
60.75,1
61.25,0
61.5,1
62.5,0
62.75,1
63.0,0
63.25,1
64.0,0
64.25,1
65.5,0
77.75,1
78.0,0
79.0,1
79.25,0
81.0,1
81.25,0
81.5,1
82.25,0
82.5,1
84.25,0
85.0,1
86.75,0
87.0,1
88.75,0
89.0,1
89.5,0
94.0,1
94.25,0
102.25,1
102.5,0
104.75,1
106.25,0
106.5,1
107.25,0
107.5,1
108.75,0
109.0,1
109.25,0
109.5,1
111.0,0
111.25,1
111.75,0
112.0,1
112.75,0
113.0,1
113.5,0
127.0,1
127.25,0
129.25,1
130.25,0
130.5,1
131.5,0
131.75,1
132.0,0
132.25,1
132.75,0
133.0,1
133.5,0
133.75,1
134.0,0
134.25,1
135.0,0
135.25,1
135.75,0
136.0,1
137.25,0
141.5,1
141.75,0
200.0,1
200.25,0
200.5,1
201.5,0
201.75,1
203.5,0
204.25,1
204.75,0
205.0,1
206.0,0
206.25,1
208.75,0
209.0,1
209.25,0
209.5,1
209.75,0
214.25,1
214.5,0
224.25,1
224.5,0
224.75,1
225.0,0
225.5,1
226.25,0
226.5,1
226.75,0
227.0,1
227.25,0
227.5,1
229.5,0
230.0,1
231.0,0
231.25,1
232.25,0
232.5,1
233.0,0
237.5,1
237.75,0
247.5,1
247.75,0
248.75,1
249.0,0
249.25,1
250.0,0
250.25,1
251.25,0
251.5,1
253.75,0
254.0,1
254.75,0
255.0,1
255.5,0
255.75,1
257.0,0
257.25,1
257.5,0
270.25,1
270.5,0
273.25,1
274.25,0
274.5,1
276.0,0
276.25,1
277.25,0
277.5,1
280.25,0
293.25,1
293.5,0
294.0,1
294.25,0
296.25,1
296.5,0
297.0,1
299.0,0
299.25,1
300.75,0
301.0,1
301.25,0
301.5,1
302.5,0
303.0,1
304.5,0
304.75,1
305.0,0
305.5,1
305.75,0
306.5,1
306.75,0
366.5,1
366.75,0
368.75,1
369.0,0
369.25,1
369.5,0
369.75,1
370.25,0
370.5,1
371.75,0
372.0,1
372.5,0
372.75,1
373.5,0
373.75,1
374.5,0
374.75,1
376.75,0
381.5,1
381.75,0
393.25,1
393.5,0
393.75,1
396.25,0
396.75,1
397.0,0
397.25,1
397.5,0
398.5,1
399.0,0
399.25,1
399.75,0
400.0,1
401.0,0
401.25,1
401.5,0
403.25,1
403.5,0
438.25,1
438.5,0
439.0,1
439.25,0
439.5,1
440.0,0
440.75,1
442.0,0
442.5,1
442.75,0
443.0,1
444.0,0
444.25,1
444.75,0
445.25,1
448.25,0
448.5,1
449.0,0
449.5,1
449.75,0
463.25,1
463.5,0
464.25,1
464.75,0
465.0,1
465.75,0
466.0,1
467.25,0
467.5,1
468.0,0
468.5,1
469.25,0
469.5,1
469.75,0
470.0,1
471.0,0
471.25,1
473.25,0
473.5,1
473.75,0
533.75,1
534.0,0
537.0,1
539.5,0
539.75,1
540.0,0
540.25,1
540.5,0
540.75,1
541.0,0
541.25,1
541.75,0
542.25,1
542.5,0
542.75,1
543.75,0
544.0,1
544.5,0
549.0,1
549.25,0
557.5,1
557.75,0
558.5,1
558.75,0
561.25,1
562.0,0
562.25,1
563.5,0
563.75,1
564.25,0
564.5,1
565.25,0
565.5,1
565.75,0
566.0,1
568.0,0
569.5,1
569.75,0
572.5,1
572.75,0
582.0,1
582.25,0
582.75,1
583.0,0
585.25,1
586.0,0
586.5,1
587.25,0
587.5,1
588.0,0
588.5,1
589.0,0
589.5,1
590.75,0
591.0,1
591.5,0
591.75,1
593.0,0
593.25,1
593.5,0
606.25,1
606.5,0
608.5,1
608.75,0
609.25,1
610.5,0
610.75,1
613.0,0
613.25,1
613.5,0
613.75,1
614.5,0
614.75,1
615.0,0
615.25,1
617.25,0
621.75,1
622.0,0
622.75,1
623.0,0
630.5,1
630.75,0
633.25,1
635.0,0
635.25,1
636.5,0
637.0,1
638.0,0
638.25,1
638.75,0
639.0,1
639.5,0
639.75,1
641.25,0
641.75,1
642.0,0
703.0,1
703.25,0
705.0,1
705.75,0
706.0,1
706.75,0
707.0,1
707.25,0
707.5,1
708.25,0
709.0,1
709.25,0
709.5,1
709.75,0
710.0,1
710.25,0
710.5,1
713.5,0
727.75,1
728.25,0
729.25,1
730.75,0
731.0,1
733.75,0
734.0,1
736.5,0
737.0,1
737.25,0
751.5,1
752.0,0
753.0,1
753.75,0
754.25,1
754.5,0
754.75,1
755.25,0
755.75,1
756.5,0
756.75,1
757.25,0
757.5,1
758.75,0
759.0,1
761.5,0
764.25,1
764.5,0
773.5,1
773.75,0
775.25,1
775.75,0
776.0,1
776.25,0
776.5,1
778.25,0
778.5,1
778.75,0
779.0,1
779.25,0
779.5,1
780.25,0
780.5,1
781.25,0
781.5,1
782.0,0
782.25,1
783.0,0
783.25,1
784.75,0
785.0,1
785.5,0
798.5,1
798.75,0
799.0,1
799.25,0
800.75,1
801.0,0
801.5,1
804.5,0
804.75,1
805.5,0
805.75,1
806.25,0
806.5,1
806.75,0
807.0,1
807.25,0
807.5,1
808.25,0
808.5,1
809.0,0
873.75,1
875.75,0
876.0,1
876.75,0
877.0,1
877.25,0
877.5,1
879.0,0
879.5,1
880.25,0
880.5,1
881.0,0
881.25,1
881.5,0
884.5,1
884.75,0
894.5,1
894.75,0
895.0,1
895.25,0
898.0,1
900.5,0
900.75,1
901.0,0
901.25,1
901.5,0
901.75,1
905.25,0
906.25,1
906.5,0
908.25,1
908.5,0
918.25,1
918.5,0
918.75,1
919.25,0
919.5,1
919.75,0
921.25,1
923.25,0
923.5,1
924.25,0
924.75,1
925.5,0
926.25,1
926.5,0
927.0,1
928.25,0
928.5,1
929.25,0
932.5,1
932.75,0
942.0,1
942.25,0
942.75,1
943.0,0
945.0,1
946.25,0
946.5,1
946.75,0
947.0,1
947.25,0
947.5,1
948.75,0
949.0,1
949.25,0
949.75,1
951.25,0
951.5,1
951.75,0
952.0,1
953.25,0
956.25,1
956.5,0
957.0,1
957.5,0
965.75,1
966.0,0
968.25,1
971.75,0
972.0,1
972.5,0
972.75,1
973.75,0
974.0,1
974.25,0
974.5,1
976.0,0
976.5,1
977.0,0
1039.75,1
1040.25,0
1040.5,1
1040.75,0
1041.25,1
1041.5,0
1041.75,1
1042.5,0
1042.75,1
1044.75,0
1045.25,1
1045.75,0
1046.25,1
1046.5,0
1047.5,1
1047.75,0
1048.0,1
1048.25,0
1048.5,1
1048.75,0
1049.0,1
1049.5,0
1064.75,1
1067.5,0
1067.75,1
1068.75,0
1069.25,1
1071.75,0
1072.0,1
1072.5,0
1072.75,1
1073.0,0
1077.75,1
1078.0,0
1110.75,1
1111.0,0
1112.25,1
1112.75,0
1113.0,1
1113.25,0
1113.5,1
1116.5,0
1117.25,1
1117.75,0
1118.0,1
1118.5,0
1118.75,1
1119.25,0
1119.5,1
1120.0,0
1120.25,1
1121.0,0
1121.5,1
1121.75,0
1124.25,1
1124.5,0
1125.75,1
1126.5,0
1134.75,1
1135.0,0
1136.75,1
1137.0,0
1137.25,1
1138.0,0
1138.25,1
1138.75,0
1139.0,1
1140.5,0
1140.75,1
1141.0,0
1141.5,1
1142.0,0
1142.25,1
1142.75,0
1143.0,1
1145.25,0
1205.0,1
1205.25,0
1209.25,1
1212.75,0
1213.0,1
1213.25,0
1213.5,1
1215.25,0
1215.5,1
1216.5,0
1216.75,1
1217.0,0
1217.25,1
1217.5,0
1230.75,1
1231.0,0
1231.5,1
1231.75,0
1232.5,1
1233.0,0
1233.25,1
1233.5,0
1233.75,1
1234.25,0
1234.5,1
1235.5,0
1235.75,1
1237.5,0
1237.75,1
1238.75,0
1239.25,1
1240.75,0
1241.0,1
1241.5,0
1245.25,1
1245.5,0
1254.5,1
1254.75,0
1256.25,1
1256.5,0
1257.0,1
1257.25,0
1257.5,1
1257.75,0
1258.5,1
1260.25,0
1260.75,1
1261.5,0
1261.75,1
1262.0,0
1262.5,1
1263.0,0
1263.25,1
1263.75,0
1264.0,1
1264.75,0
1265.5,1
1265.75,0
1274.25,1
1274.5,0
1278.0,1
1278.25,0
1279.0,1
1279.25,0
1280.75,1
1282.25,0
1282.5,1
1282.75,0
1283.0,1
1283.25,0
1283.5,1
1284.0,0
1284.25,1
1284.5,0
1284.75,1
1285.0,0
1285.25,1
1285.75,0
1286.0,1
1286.75,0
1287.0,1
1288.75,0
1289.0,1
1289.25,0
1305.5,1
1307.0,0
1307.5,1
1308.0,0
1308.25,1
1309.0,0
1309.25,1
1310.25,0
1310.75,1
1311.75,0
1312.0,1
1312.75,0
1374.75,1
1375.0,0
1375.25,1
1375.5,0
1376.25,1
1376.5,0
1376.75,1
1377.0,0
1377.25,1
1379.25,0
1379.5,1
1380.0,0
1380.5,1
1382.25,0
1382.75,1
1383.25,0
1383.5,1
1384.25,0
1384.5,1
1384.75,0
1385.0,1
1385.25,0
1390.0,1
1390.25,0
1398.75,1
1399.25,0
1399.75,1
1400.25,0
1400.75,1
1401.25,0
1401.5,1
1404.75,0
1405.0,1
1406.5,0
1406.75,1
1407.0,0
1407.5,1
1408.25,0
1408.5,1
1409.25,0
1422.5,1
1423.0,0
1425.25,1
1425.75,0
1426.0,1
1426.25,0
1426.5,1
1428.5,0
1428.75,1
1430.0,0
1430.5,1
1430.75,0
1431.0,1
1432.5,0
1432.75,1
1433.5,0
1447.25,1
1447.5,0
1447.75,1
1448.0,0
1448.75,1
1449.0,0
1449.25,1
1449.5,0
1449.75,1
1451.0,0
1451.25,1
1452.0,0
1452.25,1
1453.25,0
1453.5,1
1454.25,0
1454.5,1
1455.5,0
1456.0,1
1456.75,0
1459.75,1
1460.0,0
1460.5,1
1460.75,0
1473.75,1
1474.0,0
1474.25,1
1474.5,0
1474.75,1
1475.25,0
1475.5,1
1477.5,0
1477.75,1
1478.25,0
1478.5,1
1480.25,0
1480.5,1
1481.25,0
1486.25,1
1486.5,0
1544.5,1
1545.0,0
1545.25,1
1548.5,0
1549.0,1
1549.75,0
1550.0,1
1550.25,0
1551.0,1
1552.25,0
1552.5,1
1553.0,0
1553.25,1
1553.5,0
1566.5,1
1567.0,0
1567.5,1
1567.75,0
1568.0,1
1568.25,0
1568.5,1
1570.5,0
1570.75,1
1571.5,0
1571.75,1
1572.25,0
1572.5,1
1574.25,0
1574.5,1
1574.75,0
1575.0,1
1575.75,0
1576.0,1
1577.25,0
1580.75,1
1581.0,0
1590.75,1
1591.0,0
1592.5,1
1593.0,0
1593.75,1
1596.0,0
1596.75,1
1597.25,0
1597.5,1
1601.5,0
1601.75,1
1602.0,0
1605.75,1
1606.0,0
1615.0,1
1615.5,0
1616.25,1
1616.5,0
1617.0,1
1618.5,0
1618.75,1
1619.25,0
1619.5,1
1621.0,0
1621.25,1
1622.0,0
1622.25,1
1623.75,0
1624.0,1
1624.5,0
1624.75,1
1625.0,0
1625.25,1
1625.5,0
1639.75,1
1640.25,0
1641.25,1
1642.0,0
1642.25,1
1643.0,0
1643.25,1
1644.5,0
1644.75,1
1647.0,0
1647.5,1
1648.0,0
1648.25,1
1649.0,0
1650.0,1
1650.25,0
1651.75,1
1652.0,0
1712.75,1
1713.0,0
1713.25,1
1714.75,0
1715.0,1
1716.25,0
1716.5,1
1721.25,0
1723.75,1
1724.0,0
1724.25,1
1724.5,0
1734.5,1
1734.75,0
1736.25,1
1736.5,0
1737.0,1
1737.25,0
1737.5,1
1738.5,0
1738.75,1
1739.75,0
1740.0,1
1740.75,0
1741.25,1
1741.75,0
1742.0,1
1742.75,0
1743.0,1
1743.5,0
1743.75,1
1745.0,0
1745.5,1
1745.75,0
1760.5,1
1760.75,0
1761.25,1
1762.5,0
1762.75,1
1763.25,0
1763.5,1
1763.75,0
1764.0,1
1764.5,0
1765.0,1
1765.25,0
1765.75,1
1766.75,0
1767.0,1
1768.5,0
1769.25,1
1769.5,0
1783.5,1
1784.0,0
1785.0,1
1785.25,0
1785.5,1
1786.25,0
1786.5,1
1786.75,0
1787.5,1
1788.25,0
1788.5,1
1790.25,0
1790.5,1
1790.75,0
1791.5,1
1791.75,0
1792.0,1
1793.0,0
1793.5,1
1794.0,0
1806.0,1
1806.25,0
1809.25,1
1811.25,0
1811.5,1
1812.25,0
1812.5,1
1816.0,0
1816.25,1
1817.5,0
1878.25,1
1878.5,0
1880.5,1
1881.5,0
1882.25,1
1883.0,0
1883.25,1
1885.0,0
1885.25,1
1888.0,0
1888.5,1
1888.75,0
1889.25,1
1889.75,0
1903.0,1
1903.25,0
1905.0,1
1905.25,0
1905.5,1
1906.75,0
1907.0,1
1908.0,0
1908.25,1
1909.25,0
1909.5,1
1910.25,0
1910.5,1
1911.0,0
1911.25,1
1911.75,0
1912.0,1
1912.75,0
1927.5,1
1928.0,0
1928.75,1
1929.0,0
1929.5,1
1930.25,0
1930.5,1
1930.75,0
1931.0,1
1933.25,0
1934.25,1
1936.5,0
1937.0,1
1937.25,0
1950.25,1
1950.5,0
1950.75,1
1951.0,0
1952.75,1
1953.75,0
1954.0,1
1955.5,0
1955.75,1
1956.0,0
1956.5,1
1958.25,0
1959.0,1
1961.0,0
1961.25,1
1961.75,0
1975.5,1
1975.75,0
1976.75,1
1977.0,0
1977.5,1
1981.75,0
1982.25,1
1983.75,0
1984.0,1
1984.5,0
1984.75,1
1985.5,0
2049.75,1
2050.5,0
2050.75,1
2051.0,0
2051.25,1
2053.25,0
2053.5,1
2054.5,0
2054.75,1
2055.0,0
2055.5,1
2056.0,0
2056.25,1
2057.0,0
2072.75,1
2073.25,0
2073.5,1
2074.5,0
2074.75,1
2075.75,0
2076.0,1
2078.5,0
2079.0,1
2080.0,0
2080.25,1
2080.75,0
2081.25,1
2081.5,0
2095.75,1
2096.0,0
2096.5,1
2096.75,0
2097.0,1
2099.25,0
2099.5,1
2103.75,0
2104.0,1
2104.75,0
2105.0,1
2105.25,0
2105.5,1
2105.75,0
2119.75,1
2120.0,0
2121.5,1
2122.75,0
2123.0,1
2124.0,0
2124.25,1
2125.75,0
2126.0,1
2126.25,0
2126.5,1
2128.25,0
2128.5,1
2128.75,0
2129.0,1
2129.25,0
2134.0,1
2134.25,0
2142.75,1
2143.0,0
2144.25,1
2144.5,0
2144.75,1
2149.25,0
2149.5,1
2150.0,0
2150.25,1
2151.0,0
2151.25,1
2152.5,0
2153.0,1
2153.25,0
2155.25,1
2155.5,0
2214.75,1
2215.0,0
2216.75,1
2220.5,0
2220.75,1
2221.75,0
2222.25,1
2223.25,0
2223.5,1
2225.0,0
2228.25,1
2228.5,0
2240.75,1
2241.25,0
2241.5,1
2245.0,0
2245.25,1
2245.75,0
2246.0,1
2249.25,0
2253.75,1
2254.0,0
2263.75,1
2264.0,0
2265.25,1
2267.0,0
2267.25,1
2268.0,0
2268.25,1
2269.25,0
2269.5,1
2270.0,0
2270.25,1
2271.25,0
2271.5,1
2272.5,0
2272.75,1
2273.0,0
2276.75,1
2277.0,0
2287.25,1
2287.5,0
2288.0,1
2288.25,0
2288.5,1
2288.75,0
2289.0,1
2293.25,0
2293.5,1
2294.0,0
2294.25,1
2297.25,0
2301.5,1
2301.75,0
2302.25,1
2302.5,0
2311.25,1
2311.5,0
2313.0,1
2313.25,0
2313.5,1
2313.75,0
2314.0,1
2314.5,0
2315.0,1
2315.25,0
2315.75,1
2316.75,0
2317.0,1
2317.5,0
2317.75,1
2318.5,0
2319.5,1
2321.0,0
2321.25,1
2321.5,0
2383.25,1
2383.5,0
2384.0,1
2384.5,0
2384.75,1
2385.0,0
2385.5,1
2386.0,0
2386.25,1
2388.25,0
2388.5,1
2389.5,0
2389.75,1
2390.0,0
2391.0,1
2391.5,0
2392.0,1
2393.0,0
2408.75,1
2409.25,0
2409.75,1
2410.0,0
2410.5,1
2413.25,0
2413.5,1
2414.25,0
2414.5,1
2415.0,0
2415.25,1
2417.25,0
2422.0,1
2422.25,0
2432.75,1
2433.25,0
2433.5,1
2433.75,0
2434.0,1
2435.5,0
2435.75,1
2436.25,0
2436.5,1
2436.75,0
2437.0,1
2437.75,0
2438.0,1
2438.25,0
2438.75,1
2440.0,0
2440.25,1
2441.0,0
2441.25,1
2441.5,0
2455.5,1
2455.75,0
2456.25,1
2456.5,0
2457.25,1
2460.0,0
2460.25,1
2460.5,0
2460.75,1
2461.5,0
2461.75,1
2463.25,0
2463.5,1
2464.0,0
2464.25,1
2464.5,0
2464.75,1
2465.25,0
2480.75,1
2481.0,0
2481.75,1
2482.5,0
2482.75,1
2484.0,0
2484.25,1
2484.75,0
2485.0,1
2487.0,0
2487.25,1
2488.75,0
2489.0,1
2489.25,0
2550.25,1
2550.75,0
2552.5,1
2553.5,0
2553.75,1
2554.75,0
2555.0,1
2556.25,0
2556.5,1
2558.75,0
2559.0,1
2561.5,0
2566.5,1
2566.75,0
2574.0,1
2574.25,0
2574.75,1
2575.75,0
2576.5,1
2576.75,0
2577.25,1
2577.5,0
2577.75,1
2578.0,0
2578.25,1
2578.5,0
2578.75,1
2579.0,0
2579.25,1
2580.5,0
2580.75,1
2582.0,0
2582.25,1
2583.75,0
2584.0,1
2584.5,0
2589.5,1
2589.75,0
2600.75,1
2601.0,0
2601.5,1
2602.5,0
2602.75,1
2603.0,0
2603.25,1
2605.5,0
2605.75,1
2606.25,0
2606.5,1
2606.75,0
2607.0,1
2607.5,0
2607.75,1
2608.25,0
2608.5,1
2609.25,0
2622.5,1
2622.75,0
2623.0,1
2623.25,0
2624.25,1
2624.5,0
2624.75,1
2625.0,0
2625.5,1
2625.75,0
2626.0,1
2627.0,0
2627.25,1
2628.75,0
2629.0,1
2630.0,0
2630.25,1
2630.5,0
2630.75,1
2631.25,0
2631.75,1
2632.0,0
2632.25,1
2632.5,0
2633.0,1
2633.25,0
2637.25,1
2637.5,0
2645.25,1
2645.5,0
2646.75,1
2647.0,0
2648.5,1
2649.25,0
2649.5,1
2649.75,0
2650.0,1
2652.5,0
2653.25,1
2653.75,0
2654.0,1
2654.5,0
2654.75,1
2655.0,0
2655.25,1
2655.5,0
2655.75,1
2657.5,0
2663.25,1
2663.5,0
2719.0,1
2719.25,0
2720.5,1
2720.75,0
2721.0,1
2721.25,0
2721.5,1
2721.75,0
2722.25,1
2724.25,0
2724.5,1
2724.75,0
2725.0,1
2725.75,0
2726.0,1
2727.5,0
2727.75,1
2728.25,0
2728.5,1
2729.5,0
2742.75,1
2743.0,0
2743.25,1
2743.5,0
2744.5,1
2744.75,0
2745.0,1
2748.0,0
2748.5,1
2749.75,0
2750.0,1
2751.0,0
2751.25,1
2751.75,0
2752.0,1
2752.25,0
2752.5,1
2752.75,0
2753.5,1
2753.75,0
2766.5,1
2766.75,0
2767.0,1
2767.25,0
2767.75,1
2768.0,0
2768.25,1
2768.5,0
2769.0,1
2769.25,0
2769.5,1
2770.0,0
2770.25,1
2771.75,0
2772.0,1
2772.5,0
2773.0,1
2773.5,0
2774.0,1
2774.5,0
2774.75,1
2776.5,0
2776.75,1
2777.0,0
2777.25,1
2777.75,0
2780.75,1
2781.0,0
2781.75,1
2782.0,0
2792.25,1
2792.5,0
2793.0,1
2793.5,0
2794.0,1
2794.75,0
2795.0,1
2795.75,0
2796.0,1
2796.5,0
2796.75,1
2797.5,0
2797.75,1
2799.75,0
2800.75,1
2801.0,0
2801.25,1
2801.75,0
2816.25,1
2816.5,0
2817.0,1
2817.25,0
2818.0,1
2818.25,0
2818.75,1
2820.75,0
2821.0,1
2821.25,0
2821.75,1
2824.0,0
2824.25,1
2824.75,0
2825.0,1
2825.25,0
2888.5,1
2888.75,0
2889.0,1
2889.25,0
2889.5,1
2891.0,0
2891.25,1
2891.75,0
2892.0,1
2892.5,0
2892.75,1
2893.0,0
2893.25,1
2893.75,0
2894.0,1
2896.75,0
2897.0,1
2897.25,0
2909.75,1
2910.0,0
2912.25,1
2912.5,0
2913.25,1
2913.5,0
2913.75,1
2915.25,0
2915.5,1
2916.75,0
2917.0,1
2917.5,0
2917.75,1
2919.75,0
2920.5,1
2921.25,0
2934.25,1
2934.5,0
2935.5,1
2935.75,0
2936.5,1
2936.75,0
2937.0,1
2939.75,0
2940.0,1
2940.75,0
2941.0,1
2941.5,0
2941.75,1
2945.0,0
2959.5,1
2959.75,0
2961.5,1
2962.5,0
2962.75,1
2964.0,0
2964.5,1
2965.5,0
2965.75,1
2968.5,0
2968.75,1
2969.0,0
2969.5,1
2969.75,0
2984.5,1
2984.75,0
2985.25,1
2986.25,0
2986.5,1
2987.5,0
2987.75,1
2988.0,0
2988.25,1
2988.5,0
2988.75,1
2990.5,0
2990.75,1
2991.25,0
2991.5,1
2993.25,0
3055.5,1
3055.75,0
3057.0,1
3057.25,0
3057.75,1
3058.5,0
3058.75,1
3059.5,0
3059.75,1
3062.25,0
3062.5,1
3062.75,0
3063.0,1
3063.25,0
3063.5,1
3064.75,0
3065.5,1
3065.75,0
3081.5,1
3081.75,0
3082.0,1
3084.0,0
3084.25,1
3086.25,0
3086.5,1
3089.5,0
3105.0,1
3106.75,0
3107.0,1
3107.5,0
3107.75,1
3109.25,0
3109.5,1
3110.0,0
3110.75,1
3111.0,0
3111.25,1
3112.0,0
3112.25,1
3113.25,0
3129.0,1
3129.5,0
3129.75,1
3130.5,0
3130.75,1
3132.0,0
3132.25,1
3134.0,0
3134.25,1
3135.75,0
3136.0,1
3136.5,0
3137.0,1
3137.25,0
3139.5,1
3139.75,0
3150.0,1
3150.25,0
3150.5,1
3150.75,0
3151.75,1
3152.0,0
3152.5,1
3156.0,0
3156.25,1
3157.75,0
3158.0,1
3159.25,0
3159.75,1
3160.75,0
3161.0,1
3161.25,0
3165.0,1
3165.25,0
3224.75,1
3225.25,0
3225.75,1
3226.25,0
3226.5,1
3227.25,0
3227.5,1
3229.5,0
3230.0,1
3230.5,0
3230.75,1
3231.5,0
3231.75,1
3232.25,0
3232.75,1
3233.0,0
3233.25,1
3233.5,0
3233.75,1
3234.0,0
3246.0,1
3246.25,0
3248.0,1
3248.25,0
3249.25,1
3250.25,0
3250.5,1
3250.75,0
3251.0,1
3251.25,0
3251.5,1
3252.75,0
3253.0,1
3257.25,0
3273.0,1
3273.25,0
3273.5,1
3275.5,0
3275.75,1
3277.0,0
3277.25,1
3278.0,0
3278.25,1
3279.25,0
3279.5,1
3281.5,0
3284.25,1
3284.5,0
3294.5,1
3294.75,0
3295.25,1
3295.5,0
3295.75,1
3296.0,0
3297.25,1
3300.25,0
3300.5,1
3302.0,0
3302.25,1
3305.0,0
3305.5,1
3306.0,0
3317.5,1
3317.75,0
3318.75,1
3319.0,0
3321.0,1
3321.75,0
3322.0,1
3322.25,0
3322.5,1
3325.75,0
3326.0,1
3326.5,0
3327.0,1
3327.5,0
3327.75,1
3328.5,0
3328.75,1
3329.25,0
3391.5,1
3391.75,0
3392.5,1
3392.75,0
3393.0,1
3394.0,0
3394.25,1
3396.0,0
3396.25,1
3397.25,0
3397.5,1
3397.75,0
3398.0,1
3398.75,0
3399.0,1
3399.75,0
3400.0,1
3401.25,0
3415.5,1
3415.75,0
3417.25,1
3417.75,0
3418.0,1
3419.25,0
3420.25,1
3421.25,0
3421.75,1
3422.0,0
3422.25,1
3423.0,0
3423.25,1
3425.25,0
3429.5,1
3429.75,0
3438.0,1
3438.25,0
3440.75,1
3442.0,0
3442.25,1
3443.5,0
3443.75,1
3444.25,0
3444.5,1
3445.5,0
3445.75,1
3446.25,0
3446.5,1
3449.0,0
3452.25,1
3452.5,0
3462.75,1
3463.0,0
3463.25,1
3463.5,0
3464.5,1
3464.75,0
3465.75,1
3470.25,0
3470.5,1
3473.25,0
3487.0,1
3487.25,0
3489.75,1
3492.0,0
3492.25,1
3494.0,0
3494.25,1
3494.75,0
3495.0,1
3495.25,0
3497.25,1
3497.5,0
3558.25,1
3558.5,0
3560.5,1
3560.75,0
3561.0,1
3561.25,0
3561.5,1
3563.0,0
3563.25,1
3565.0,0
3565.25,1
3565.5,0
3565.75,1
3566.0,0
3566.25,1
3567.0,0
3567.25,1
3568.5,0
3569.0,1
3569.25,0
3572.75,1
3573.0,0
3607.25,1
3607.5,0
3608.75,1
3609.0,0
3609.25,1
3609.75,0
3610.0,1
3612.0,0
3612.25,1
3613.0,0
3613.25,1
3613.5,0
3613.75,1
3615.5,0
3615.75,1
3616.25,0
3616.5,1
3617.0,0
3621.75,1
3622.0,0
3631.5,1
3631.75,0
3632.75,1
3633.0,0
3633.25,1
3635.25,0
3635.5,1
3636.0,0
3636.25,1
3636.75,0
3637.25,1
3637.5,0
3637.75,1
3638.0,0
3638.25,1
3639.0,0
3639.25,1
3640.5,0
3640.75,1
3641.75,0
3645.75,1
3646.0,0
3656.5,1
3658.25,0
3658.5,1
3659.0,0
3659.25,1
3659.5,0
3659.75,1
3661.25,0
3661.5,1
3662.75,0
3663.0,1
3663.25,0
3663.75,1
3664.5,0
3665.5,1
3665.75,0
3669.75,1
3670.0,0
3726.5,1
3726.75,0
3727.25,1
3727.5,0
3728.25,1
3728.5,0
3729.25,1
3729.75,0
3730.25,1
3731.5,0
3731.75,1
3733.0,0
3733.5,1
3733.75,0
3734.0,1
3734.5,0
3734.75,1
3737.0,0
3737.25,1
3737.5,0
3749.5,1
3749.75,0
3753.0,1
3753.25,0
3753.75,1
3754.25,0
3754.5,1
3755.75,0
3756.0,1
3757.0,0
3757.25,1
3759.75,0
3760.25,1
3760.75,0
3761.0,1
3761.25,0
3776.25,1
3776.5,0
3777.0,1
3778.0,0
3779.0,1
3779.5,0
3779.75,1
3782.75,0
3783.0,1
3783.5,0
3783.75,1
3784.0,0
3784.25,1
3785.5,0
3800.0,1
3800.25,0
3800.5,1
3800.75,0
3801.0,1
3801.25,0
3801.75,1
3802.25,0
3802.5,1
3803.5,0
3803.75,1
3804.25,0
3804.5,1
3805.25,0
3805.5,1
3807.25,0
3807.5,1
3808.0,0
3808.25,1
3808.75,0
3822.0,1
3822.25,0
3824.5,1
3824.75,0
3825.0,1
3825.25,0
3825.75,1
3828.25,0
3828.75,1
3830.25,0
3830.5,1
3832.0,0
3832.25,1
3832.5,0
3832.75,1
3833.5,0
3894.0,1
3894.25,0
3895.75,1
3896.0,0
3896.5,1
3896.75,0
3897.25,1
3901.0,0
3901.75,1
3902.0,0
3902.25,1
3902.5,0
3902.75,1
3903.25,0
3903.75,1
3904.5,0
3904.75,1
3905.0,0
3905.5,1
3906.0,0
3908.5,1
3908.75,0
3918.75,1
3919.0,0
3920.75,1
3922.0,0
3922.5,1
3924.25,0
3924.5,1
3924.75,0
3925.0,1
3925.5,0
3925.75,1
3926.75,0
3927.0,1
3927.25,0
3927.5,1
3928.5,0
3928.75,1
3929.25,0
3931.75,1
3932.0,0
3933.75,1
3934.0,0
3943.0,1
3943.25,0
3944.25,1
3944.5,0
3945.25,1
3945.5,0
3945.75,1
3948.5,0
3948.75,1
3950.0,0
3950.25,1
3952.5,0
3953.0,1
3953.25,0
3953.5,1
3953.75,0
3956.5,1
3956.75,0
3957.25,1
3957.5,0
3969.0,1
3972.25,0
3972.5,1
3973.0,0
3973.25,1
3974.75,0
3975.25,1
3975.75,0
3976.0,1
3976.25,0
3976.75,1
3977.25,0
3990.0,1
3990.25,0
3993.0,1
3993.25,0
3993.5,1
3993.75,0
3994.0,1
3996.0,0
3996.25,1
3997.0,0
3997.25,1
3998.75,0
3999.0,1
4000.0,0
4000.25,1
4000.75,0
4063.75,1
4064.0,0
4064.25,1
4065.0,0
4065.5,1
4065.75,0
4066.0,1
4066.5,0
4066.75,1
4067.25,0
4067.75,1
4068.0,0
4068.5,1
4069.25,0
4069.5,1
4070.0,0
4070.25,1
4072.25,0
4073.25,1
4073.5,0
4088.75,1
4089.0,0
4089.25,1
4090.75,0
4091.0,1
4091.25,0
4091.5,1
4091.75,0
4092.0,1
4092.75,0
4093.25,1
4093.5,0
4093.75,1
4094.5,0
4094.75,1
4095.0,0
4095.5,1
4096.75,0
4097.0,1
4097.25,0
4111.0,1
4111.25,0
4111.5,1
4112.0,0
4112.5,1
4112.75,0
4113.25,1
4115.25,0
4115.5,1
4117.25,0
4117.5,1
4118.5,0
4119.0,1
4119.25,0
4119.5,1
4120.75,0
4121.0,1
4121.25,0
4133.75,1
4134.0,0
4135.75,1
4136.0,0
4137.0,1
4138.5,0
4138.75,1
4139.25,0
4139.5,1
4140.5,0
4140.75,1
4142.25,0
4142.75,1
4143.0,0
4143.25,1
4143.75,0
4144.0,1
4144.75,0
4161.25,1
4162.5,0
4162.75,1
4164.0,0
4164.5,1
4165.0,0
4165.25,1
4167.75,0
4168.0,1
4169.25,0
4232.75,1
4233.0,0
4233.25,1
4234.25,0
4234.5,1
4236.0,0
4236.25,1
4236.5,0
4237.25,1
4237.5,0
4237.75,1
4238.25,0
4238.5,1
4241.5,0
4244.25,1
4244.5,0
4256.5,1
4256.75,0
4257.0,1
4259.0,0
4259.25,1
4261.0,0
4261.25,1
4261.5,0
4261.75,1
4262.0,0
4262.25,1
4262.75,0
4263.0,1
4265.0,0
4265.25,1
4265.75,0
4269.0,1
4269.25,0
4278.75,1
4279.0,0
4279.5,1
4279.75,0
4280.75,1
4282.75,0
4283.0,1
4284.75,0
4285.0,1
4289.5,0
4302.75,1
4303.0,0
4304.75,1
4305.25,0
4305.5,1
4306.0,0
4306.25,1
4307.25,0
4307.75,1
4309.0,0
4309.25,1
4310.25,0
4310.5,1
4311.25,0
4311.5,1
4313.25,0
4313.5,1
4313.75,0
4329.0,1
4331.0,0
4331.25,1
4331.5,0
4331.75,1
4332.25,0
4332.5,1
4336.25,0
4336.75,1
4337.0,0
4337.5,1
4337.75,0
4400.75,1
4401.0,0
4401.5,1
4402.5,0
4402.75,1
4403.0,0
4403.25,1
4404.5,0
4405.0,1
4405.75,0
4406.0,1
4407.25,0
4407.5,1
4407.75,0
4408.0,1
4408.25,0
4408.5,1
4409.0,0
4409.25,1
4409.5,0
4447.5,1
4447.75,0
4449.0,1
4451.25,0
4451.5,1
4451.75,0
4452.0,1
4452.75,0
4453.0,1
4453.25,0
4453.5,1
4454.0,0
4454.25,1
4454.75,0
4455.25,1
4456.75,0
4459.25,1
4459.5,0
4460.25,1
4460.5,0
4470.75,1
4471.0,0
4471.75,1
4472.25,0
4472.75,1
4475.0,0
4475.5,1
4477.0,0
4477.5,1
4479.25,0
4479.5,1
4480.0,0
4480.25,1
4481.0,0
4481.5,1
4481.75,0
4496.0,1
4496.25,0
4496.5,1
4496.75,0
4497.0,1
4497.5,0
4497.75,1
4499.5,0
4499.75,1
4500.75,0
4501.25,1
4502.75,0
4503.0,1
4505.0,0
4569.25,1
4570.25,0
4570.5,1
4572.0,0
4572.25,1
4573.25,0
4574.0,1
4574.75,0
4575.0,1
4575.25,0
4575.5,1
4575.75,0
4576.25,1
4576.75,0
4577.0,1
4577.25,0
4580.75,1
4581.0,0
4581.25,1
4581.75,0
4590.0,1
4590.25,0
4592.0,1
4592.25,0
4592.5,1
4592.75,0
4593.0,1
4593.25,0
4594.0,1
4594.5,0
4594.75,1
4595.5,0
4595.75,1
4596.0,0
4596.5,1
4597.5,0
4597.75,1
4601.0,0
4602.25,1
4602.5,0
4615.5,1
4616.0,0
4617.5,1
4621.25,0
4621.75,1
4622.5,0
4622.75,1
4625.0,0
4638.0,1
4638.25,0
4640.5,1
4641.0,0
4641.25,1
4641.5,0
4641.75,1
4642.0,0
4642.25,1
4643.25,0
4643.5,1
4644.0,0
4644.25,1
4645.75,0
4646.0,1
4647.25,0
4647.5,1
4648.75,0
4649.0,1
4649.25,0
4650.25,1
4650.5,0
4663.0,1
4663.25,0
4664.5,1
4664.75,0
4665.0,1
4665.25,0
4665.5,1
4666.5,0
4666.75,1
4669.75,0
4670.0,1
4671.0,0
4671.25,1
4671.75,0
4672.0,1
4672.5,0
4673.0,1
4673.25,0
4736.75,1
4737.0,0
4737.25,1
4738.0,0
4738.5,1
4740.25,0
4740.75,1
4742.5,0
4743.0,1
4744.5,0
4745.0,1
4745.25,0
4746.0,1
4746.25,0
4760.5,1
4760.75,0
4761.0,1
4761.25,0
4761.5,1
4762.5,0
4762.75,1
4764.0,0
4764.75,1
4765.75,0
4766.25,1
4768.75,0
4773.5,1
4773.75,0
4782.25,1
4782.75,0
4784.75,1
4785.0,0
4785.25,1
4786.75,0
4787.75,1
4788.25,0
4788.5,1
4788.75,0
4789.0,1
4791.5,0
4791.75,1
4793.0,0
4807.75,1
4808.0,0
4808.25,1
4808.5,0
4808.75,1
4809.5,0
4809.75,1
4811.5,0
4811.75,1
4812.0,0
4812.25,1
4812.75,0
4813.0,1
4813.5,0
4813.75,1
4815.0,0
4815.25,1
4815.5,0
4815.75,1
4816.75,0
4817.25,1
4817.5,0
4831.25,1
4831.5,0
4833.0,1
4833.25,0
4833.5,1
4834.25,0
4834.75,1
4835.25,0
4835.5,1
4837.0,0
4837.5,1
4838.0,0
4838.25,1
4839.25,0
4839.5,1
4840.5,0
4840.75,1
4841.0,0
4901.75,1
4902.0,0
4902.5,1
4902.75,0
4903.25,1
4903.5,0
4904.0,1
4904.25,0
4905.25,1
4908.5,0
4908.75,1
4909.5,0
4909.75,1
4910.75,0
4911.0,1
4911.75,0
4912.0,1
4913.25,0
4916.75,1
4917.25,0
4926.75,1
4927.0,0
4927.75,1
4928.0,0
4929.25,1
4929.5,0
4929.75,1
4932.75,0
4933.0,1
4936.5,0
4936.75,1
4937.0,0
4940.5,1
4940.75,0
4942.25,1
4942.5,0
4951.0,1
4951.25,0
4952.75,1
4953.0,0
4953.25,1
4953.5,0
4953.75,1
4954.0,0
4954.25,1
4955.5,0
4956.25,1
4958.0,0
4958.75,1
4960.0,0
4960.25,1
4961.0,0
4961.5,1
4961.75,0
4963.75,1
4964.0,0
4964.25,1
4964.5,0
4965.75,1
4966.0,0
4974.25,1
4974.5,0
4976.0,1
4976.25,0
4976.5,1
4977.0,0
4977.25,1
4980.75,0
4981.0,1
4981.25,0
4981.5,1
4982.75,0
4983.0,1
4983.75,0
4984.25,1
4985.5,0
4999.25,1
4999.5,0
4999.75,1
5000.0,0
5001.5,1
5003.75,0
5004.25,1
5005.25,0
5005.75,1
5006.0,0
5006.25,1
5006.5,0
5006.75,1
5008.5,0
5009.0,1
5009.75,0
5071.0,1
5071.25,0
5073.5,1
5074.5,0
5075.0,1
5076.25,0
5076.5,1
5077.5,0
5077.75,1
5078.0,0
5078.25,1
5078.75,0
5079.25,1
5079.75,0
5080.0,1
5080.5,0
5080.75,1
5081.0,0
5081.25,1
5081.5,0
5083.75,1
5084.0,0
5084.25,1
5084.5,0
5095.0,1
5095.25,0
5096.5,1
5096.75,0
5097.25,1
5098.25,0
5098.5,1
5099.75,0
5100.25,1
5101.25,0
5102.0,1
5102.75,0
5103.0,1
5104.5,0
5104.75,1
5105.25,0
5109.75,1
5110.0,0
5119.0,1
5119.5,0
5120.75,1
5121.25,0
5121.75,1
5122.0,0
5122.25,1
5122.75,0
5123.0,1
5124.25,0
5124.5,1
5124.75,0
5125.5,1
5125.75,0
5126.25,1
5127.0,0
5127.25,1
5128.0,0
5128.75,1
5129.5,0
5133.5,1
5133.75,0
5145.0,1
5145.25,0
5145.5,1
5146.0,0
5146.25,1
5146.5,0
5146.75,1
5148.75,0
5149.0,1
5149.25,0
5149.5,1
5151.0,0
5151.5,1
5151.75,0
5152.0,1
5153.25,0
5154.25,1
5154.5,0
5156.5,1
5156.75,0
5167.25,1
5167.5,0
5169.0,1
5169.25,0
5169.5,1
5171.5,0
5171.75,1
5172.0,0
5172.25,1
5172.5,0
5172.75,1
5174.0,0
5174.25,1
5175.0,0
5175.25,1
5176.25,0
5176.5,1
5177.0,0
5177.75,1
5178.0,0
5241.0,1
5241.5,0
5241.75,1
5243.5,0
5244.0,1
5244.25,0
5244.5,1
5245.75,0
5246.25,1
5246.5,0
5246.75,1
5247.25,0
5247.5,1
5248.0,0
5248.75,1
5249.0,0
5253.25,1
5254.0,0
5265.0,1
5266.75,0
5267.0,1
5268.5,0
5268.75,1
5270.0,0
5270.25,1
5270.5,0
5270.75,1
5272.75,0
5273.25,1
5273.5,0
5286.5,1
5286.75,0
5287.25,1
5287.75,0
5288.75,1
5289.25,0
5289.5,1
5290.5,0
5290.75,1
5291.25,0
5291.5,1
5292.0,0
5292.25,1
5292.5,0
5292.75,1
5293.0,0
5293.25,1
5296.0,0
5296.25,1
5297.0,0
5297.25,1
5297.5,0
5312.5,1
5313.25,0
5313.5,1
5313.75,0
5314.25,1
5314.5,0
5314.75,1
5315.5,0
5315.75,1
5316.0,0
5316.25,1
5319.25,0
5320.25,1
5320.75,0
5321.0,1
5321.25,0
5325.0,1
5325.25,0
5325.5,1
5325.75,0
5335.0,1
5335.25,0
5335.75,1
5336.0,0
5337.75,1
5338.0,0
5338.25,1
5341.0,0
5341.25,1
5342.0,0
5342.25,1
5343.25,0
5343.5,1
5345.0,0
5406.0,1
5406.25,0
5409.0,1
5409.25,0
5409.75,1
5410.0,0
5410.25,1
5411.0,0
5411.25,1
5412.0,0
5412.25,1
5413.25,0
5413.75,1
5415.0,0
5415.25,1
5417.0,0
5417.25,1
5417.5,0
5422.25,1
5422.5,0
5431.0,1
5431.25,0
5432.5,1
5433.5,0
5433.75,1
5434.0,0
5434.5,1
5435.25,0
5435.5,1
5436.25,0
5436.5,1
5436.75,0
5437.25,1
5437.75,0
5438.25,1
5441.5,0
5453.75,1
5454.0,0
5454.25,1
5454.5,0
5456.5,1
5456.75,0
5457.0,1
5457.25,0
5457.5,1
5458.75,0
5459.25,1
5460.0,0
5460.5,1
5460.75,0
5461.25,1
5461.5,0
5461.75,1
5462.75,0
5463.0,1
5463.25,0
5463.5,1
5463.75,0
5464.5,1
5465.0,0
5468.5,1
5468.75,0
5480.25,1
5480.5,0
5481.0,1
5482.25,0
5482.5,1
5485.0,0
5485.5,1
5488.25,0
5488.5,1
5489.0,0
5503.75,1
5504.0,0
5505.0,1
5505.25,0
5505.75,1
5507.0,0
5507.25,1
5508.75,0
5509.25,1
5510.75,0
5511.0,1
5512.0,0
5512.25,1
5513.25,0
5576.5,1
5577.0,0
5577.75,1
5578.25,0
5578.5,1
5578.75,0
5579.0,1
5580.0,0
5580.25,1
5582.0,0
5582.25,1
5583.0,0
5583.25,1
5584.75,0
5586.0,1
5586.25,0
5599.0,1
5599.25,0
5600.25,1
5601.5,0
5601.75,1
5602.25,0
5602.5,1
5605.0,0
5605.75,1
5606.5,0
5606.75,1
5609.0,0
5612.25,1
5612.5,0
5613.75,1
5614.0,0
5622.5,1
5622.75,0
5623.5,1
5623.75,0
5624.25,1
5624.75,0
5625.25,1
5625.75,0
5626.5,1
5627.25,0
5627.5,1
5630.0,0
5630.25,1
5631.0,0
5631.25,1
5631.5,0
5631.75,1
5632.0,0
5632.5,1
5633.25,0
5636.75,1
5637.0,0
5646.25,1
5646.5,0
5648.25,1
5648.5,0
5649.5,1
5649.75,0
5650.0,1
5654.75,0
5655.0,1
5655.5,0
5656.0,1
5657.0,0
5657.5,1
5657.75,0
5660.25,1
5660.5,0
5669.5,1
5669.75,0
5672.75,1
5673.0,0
5673.25,1
5673.5,0
5674.0,1
5674.25,0
5674.5,1
5674.75,0
5675.0,1
5675.25,0
5675.5,1
5676.75,0
5677.0,1
5677.75,0
5678.75,1
5679.0,0
5679.25,1
5680.25,0
5680.5,1
5680.75,0
5681.0,1
5681.25,0
5744.75,1
5746.0,0
5746.25,1
5748.0,0
5748.75,1
5749.0,0
5749.25,1
5750.25,0
5750.5,1
5750.75,0
5751.0,1
5751.25,0
5751.5,1
5751.75,0
5752.0,1
5752.5,0
5752.75,1
5753.0,0
5769.25,1
5770.75,0
5771.0,1
5771.75,0
5772.0,1
5772.5,0
5772.75,1
5773.75,0
5774.0,1
5775.0,0
5775.25,1
5775.5,0
5775.75,1
5776.75,0
5777.0,1
5777.25,0
5780.5,1
5780.75,0
5790.0,1
5790.25,0
5793.25,1
5794.0,0
5794.25,1
5795.0,0
5795.25,1
5798.0,0
5798.25,1
5799.0,0
5799.25,1
5800.5,0
5805.75,1
5806.0,0
5817.0,1
5819.0,0
5819.25,1
5820.25,0
5820.5,1
5821.25,0
5821.5,1
5822.25,0
5822.5,1
5823.0,0
5823.25,1
5825.0,0
5841.0,1
5841.25,0
5841.5,1
5842.0,0
5842.25,1
5842.75,0
5843.0,1
5845.5,0
5845.75,1
5846.0,0
5846.25,1
5846.5,0
5846.75,1
5848.25,0
5848.5,1
5849.0,0
5849.25,1
5849.5,0
5854.0,1
5854.25,0
5910.25,1
5910.5,0
5911.25,1
5911.5,0
5913.75,1
5915.25,0
5915.5,1
5916.0,0
5916.25,1
5917.75,0
5918.0,1
5918.5,0
5918.75,1
5919.5,0
5919.75,1
5920.75,0
5921.25,1
5921.5,0
5959.0,1
5959.25,0
5960.0,1
5960.25,0
5960.75,1
5962.0,0
5962.25,1
5962.75,0
5963.0,1
5963.5,0
5963.75,1
5965.0,0
5965.5,1
5965.75,0
5966.5,1
5969.25,0
5971.5,1
5972.0,0
5972.25,1
5972.75,0
5983.25,1
5983.5,0
5983.75,1
5984.0,0
5985.5,1
5987.0,0
5987.25,1
5988.25,0
5988.75,1
5989.75,0
5990.0,1
5992.5,0
5992.75,1
5993.25,0
5993.5,1
5993.75,0
5996.25,1
5996.5,0
6009.0,1
6009.25,0
6009.5,1
6010.25,0
6011.75,1
6014.75,0
6015.0,1
6016.75,0
6017.0,1
6017.25,0
6020.0,1
6020.25,0
6077.5,1
6078.0,0
6080.75,1
6081.75,0
6082.0,1
6083.0,0
6083.5,1
6084.25,0
6084.5,1
6085.5,0
6085.75,1
6087.75,0
6088.0,1
6089.0,0
6089.5,1
6089.75,0
6093.75,1
6094.0,0
6102.25,1
6102.5,0
6104.75,1
6105.0,0
6105.75,1
6107.75,0
6108.0,1
6109.0,0
6109.25,1
6109.75,0
6110.25,1
6110.75,0
6111.0,1
6112.0,0
6112.25,1
6113.0,0
6127.5,1
6127.75,0
6128.75,1
6129.0,0
6129.25,1
6130.5,0
6130.75,1
6131.75,0
6132.0,1
6132.25,0
6133.0,1
6133.25,0
6133.5,1
6134.5,0
6135.0,1
6137.0,0
6151.75,1
6152.0,0
6153.0,1
6153.5,0
6153.75,1
6154.0,0
6154.25,1
6156.25,0
6157.25,1
6160.0,0
6160.25,1
6160.5,0
6165.0,1
6165.25,0
6174.25,1
6174.5,0
6175.75,1
6176.0,0
6176.5,1
6177.0,0
6177.5,1
6178.5,0
6178.75,1
6181.0,0
6181.5,1
6182.0,0
6182.75,1
6183.25,0
6183.75,1
6185.0,0
6248.25,1
6248.5,0
6248.75,1
6252.75,0
6253.0,1
6253.5,0
6253.75,1
6254.5,0
6255.0,1
6256.25,0
6256.5,1
6257.0,0
6257.25,1
6257.5,0
6260.75,1
6261.0,0
6273.0,1
6274.5,0
6275.25,1
6276.5,0
6276.75,1
6277.0,0
6277.25,1
6277.5,0
6278.25,1
6280.25,0
6280.5,1
6280.75,0
6281.0,1
6281.25,0
6284.25,1
6284.75,0
6294.75,1
6295.25,0
6298.25,1
6298.5,0
6298.75,1
6301.75,0
6302.0,1
6304.0,0
6304.25,1
6305.25,0
6308.75,1
6309.0,0
6310.0,1
6310.25,0
6320.75,1
6324.25,0
6324.5,1
6325.0,0
6325.5,1
6326.75,0
6327.0,1
6328.25,0
6328.5,1
6328.75,0
6329.0,1
6329.25,0
6342.75,1
6343.0,0
6343.5,1
6343.75,0
6344.5,1
6344.75,0
6346.0,1
6349.0,0
6349.25,1
6350.0,0
6350.25,1
6351.25,0
6351.5,1
6352.75,0
6415.75,1
6416.0,0
6417.5,1
6417.75,0
6418.0,1
6418.75,0
6419.0,1
6419.5,0
6419.75,1
6420.75,0
6421.0,1
6422.25,0
6422.5,1
6422.75,0
6423.0,1
6424.25,0
6424.5,1
6425.5,0
6441.25,1
6443.0,0
6443.25,1
6443.75,0
6444.0,1
6445.75,0
6446.0,1
6446.25,0
6446.75,1
6449.0,0
6453.75,1
6454.0,0
6461.5,1
6461.75,0
6464.0,1
6464.5,0
6464.75,1
6465.0,0
6465.25,1
6467.0,0
6467.25,1
6469.75,0
6470.0,1
6470.75,0
6471.0,1
6472.5,0
6473.0,1
6473.25,0
6473.5,1
6473.75,0
6488.25,1
6488.75,0
6489.0,1
6490.0,0
6490.5,1
6490.75,0
6491.0,1
6493.25,0
6493.5,1
6495.0,0
6495.5,1
6495.75,0
6496.0,1
6496.25,0
6496.5,1
6497.0,0
6497.5,1
6497.75,0
6513.25,1
6515.5,0
6516.25,1
6516.75,0
6517.0,1
6517.75,0
6518.25,1
6520.75,0
6521.0,1
6521.25,0
6582.5,1
6583.0,0
6584.25,1
6584.75,0
6585.25,1
6585.75,0
6586.0,1
6586.5,0
6586.75,1
6588.0,0
6588.5,1
6589.25,0
6589.5,1
6591.25,0
6591.5,1
6592.5,0
6592.75,1
6593.0,0
6593.25,1
6593.5,0
6609.25,1
6609.75,0
6610.25,1
6611.5,0
6611.75,1
6612.0,0
6612.25,1
6612.5,0
6613.0,1
6613.75,0
6614.0,1
6614.25,0
6614.5,1
6614.75,0
6615.25,1
6615.75,0
6616.0,1
6617.0,0
6617.25,1
6617.5,0
6630.0,1
6630.25,0
6633.0,1
6633.75,0
6634.25,1
6635.5,0
6635.75,1
6636.0,0
6636.25,1
6637.75,0
6638.25,1
6640.0,0
6640.25,1
6641.25,0
6657.25,1
6660.25,0
6660.5,1
6661.5,0
6662.0,1
6662.75,0
6663.0,1
6664.75,0
6665.25,1
6665.5,0
6670.5,1
6670.75,0
6671.0,1
6671.25,0
6672.25,1
6672.5,0
6677.25,1
6677.5,0
6678.75,1
6679.0,0
6679.5,1
6679.75,0
6680.5,1
6681.5,0
6681.75,1
6682.5,0
6682.75,1
6683.75,0
6684.0,1
6684.5,0
6684.75,1
6685.25,0
6685.5,1
6685.75,0
6686.0,1
6687.0,0
6687.25,1
6688.75,0
6689.0,1
6689.5,0
6692.75,1
6693.0,0
6749.25,1
6749.5,0
6750.25,1
6750.5,0
6751.0,1
6751.25,0
6753.25,1
6756.0,0
6756.25,1
6756.5,0
6756.75,1
6757.5,0
6757.75,1
6759.0,0
6759.25,1
6759.5,0
6759.75,1
6761.25,0
6764.0,1
6764.25,0
6764.5,1
6764.75,0
6801.0,1
6804.75,0
6805.0,1
6805.75,0
6806.0,1
6806.5,0
6806.75,1
6807.75,0
6808.25,1
6808.5,0
6809.0,1
6809.5,0
6811.75,1
6812.0,0
6823.0,1
6823.25,0
6824.25,1
6824.5,0
6825.25,1
6825.5,0
6825.75,1
6828.0,0
6828.5,1
6828.75,0
6829.0,1
6829.5,0
6830.0,1
6831.5,0
6831.75,1
6832.5,0
6832.75,1
6833.25,0
6845.75,1
6846.0,0
6847.0,1
6847.25,0
6848.25,1
6848.75,0
6849.25,1
6852.25,0
6852.75,1
6854.5,0
6854.75,1
6855.75,0
6856.25,1
6856.75,0
6857.0,1
6857.5,0
6918.5,1
6918.75,0
6921.0,1
6922.75,0
6923.0,1
6924.0,0
6924.25,1
6925.75,0
6926.25,1
6926.5,0
6926.75,1
6927.0,0
6927.25,1
6928.75,0
6944.75,1
6945.25,0
6945.5,1
6949.0,0
6950.5,1
6951.75,0
6952.0,1
6953.0,0
6953.5,1
6953.75,0
6967.25,1
6967.5,0
6968.75,1
6969.25,0
6969.5,1
6969.75,0
6970.25,1
6970.5,0
6971.0,1
6972.0,0
6972.25,1
6972.5,0
6972.75,1
6973.5,0
6973.75,1
6975.0,0
6975.25,1
6976.25,0
6976.5,1
6976.75,0
6977.0,1
6977.25,0
6990.5,1
6990.75,0
6993.0,1
6995.0,0
6995.25,1
6995.5,0
6995.75,1
6996.25,0
6996.5,1
7000.0,0
7000.25,1
7001.75,0
7004.25,1
7004.5,0
7005.0,1
7005.25,0
7015.25,1
7015.5,0
7016.75,1
7017.5,0
7018.0,1
7020.0,0
7020.5,1
7022.25,0
7023.0,1
7023.75,0
7024.0,1
7025.25,0
7086.5,1
7086.75,0
7088.25,1
7088.5,0
7088.75,1
7089.25,0
7089.5,1
7090.5,0
7090.75,1
7091.25,0
7091.5,1
7092.0,0
7092.25,1
7092.75,0
7094.0,1
7096.75,0
7097.25,1
7097.5,0
7097.75,1
7098.0,0
7099.75,1
7100.0,0
7111.25,1
7111.5,0
7113.0,1
7114.75,0
7115.0,1
7116.75,0
7117.0,1
7120.5,0
7121.25,1
7121.5,0
7136.75,1
7137.0,0
7137.25,1
7139.5,0
7140.0,1
7141.75,0
7142.0,1
7142.75,0
7143.0,1
7143.75,0
7144.0,1
7144.5,0
7160.5,1
7160.75,0
7161.0,1
7161.5,0
7161.75,1
7163.5,0
7163.75,1
7164.25,0
7164.75,1
7165.0,0
7165.25,1
7166.5,0
7167.5,1
7167.75,0
7168.25,1
7168.75,0
7169.0,1
7169.25,0
7184.25,1
7184.5,0
7185.25,1
7185.75,0
7186.25,1
7188.0,0
7188.25,1
7189.0,0
7189.25,1
7190.25,0
7190.75,1
7192.5,0
7192.75,1
7193.0,0
7254.25,1
7254.5,0
7255.0,1
7255.25,0
7257.25,1
7257.75,0
7258.0,1
7258.5,0
7258.75,1
7259.25,0
7259.5,1
7261.25,0
7261.5,1
7262.25,0
7262.75,1
7263.75,0
7264.0,1
7264.75,0
7265.25,1
7265.5,0
7280.75,1
7282.25,0
7282.5,1
7284.0,0
7284.25,1
7284.5,0
7284.75,1
7285.0,0
7285.25,1
7287.75,0
7288.0,1
7288.75,0
7289.0,1
7289.75,0
7292.5,1
7292.75,0
7293.75,1
7294.0,0
7302.5,1
7302.75,0
7303.0,1
7303.25,0
7304.75,1
7307.0,0
7307.25,1
7307.5,0
7307.75,1
7308.0,0
7308.25,1
7309.75,0
7310.0,1
7310.25,0
7310.5,1
7310.75,0
7311.0,1
7311.25,0
7311.75,1
7312.0,0
7313.0,1
7313.25,0
7316.25,1
7316.5,0
7328.75,1
7329.25,0
7329.5,1
7330.25,0
7330.5,1
7333.0,0
7333.25,1
7334.75,0
7335.25,1
7336.75,0
7337.25,1
7337.5,0
7350.0,1
7350.25,0
7351.5,1
7352.25,0
7352.75,1
7353.0,0
7354.0,1
7355.5,0
7355.75,1
7357.5,0
7357.75,1
7359.25,0
7359.5,1
7360.0,0
7360.25,1
7360.75,0
7361.5,1
7361.75,0
7364.25,1
7365.0,0
7424.75,1
7425.75,0
7426.0,1
7426.25,0
7426.5,1
7427.75,0
7428.0,1
7429.0,0
7429.25,1
7429.75,0
7430.0,1
7430.25,0
7431.0,1
7431.75,0
7432.0,1
7432.75,0
7449.0,1
7450.75,0
7451.0,1
7453.0,0
7453.25,1
7455.25,0
7455.5,1
7456.0,0
7456.25,1
7456.75,0
7461.5,1
7461.75,0
7470.5,1
7470.75,0
7471.5,1
7471.75,0
7472.5,1
7473.0,0
7473.25,1
7476.75,0
7477.0,1
7478.0,0
7478.5,1
7479.0,0
7479.25,1
7479.5,0
7479.75,1
7480.0,0
7480.25,1
7480.75,0
7485.75,1
7486.25,0
7497.0,1
7497.25,0
7497.5,1
7498.75,0
7499.0,1
7499.5,0
7499.75,1
7500.25,0
7500.5,1
7501.5,0
7501.75,1
7504.75,0
7505.0,1
7505.5,0
7518.75,1
7519.0,0
7519.75,1
7520.0,0
7521.0,1
7521.75,0
7522.0,1
7522.25,0
7522.5,1
7523.0,0
7524.0,1
7524.25,0
7524.75,1
7525.0,0
7525.25,1
7526.0,0
7526.25,1
7526.5,0
7526.75,1
7527.0,0
7527.5,1
7528.0,0
7528.25,1
7529.25,0
7532.75,1
7533.0,0
7592.75,1
7593.0,0
7593.25,1
7593.5,0
7593.75,1
7594.5,0
7594.75,1
7595.5,0
7595.75,1
7596.0,0
7596.25,1
7596.75,0
7597.0,1
7598.0,0
7598.5,1
7599.25,0
7599.75,1
7601.25,0
7616.25,1
7616.5,0
7617.25,1
7622.75,0
7623.0,1
7625.5,0
7631.0,1
7631.25,0
7638.75,1
7639.0,0
7641.5,1
7641.75,0
7642.0,1
7642.5,0
7643.0,1
7643.75,0
7644.25,1
7648.0,0
7648.25,1
7648.5,0
7649.5,1
7649.75,0
7664.75,1
7665.0,0
7665.5,1
7666.0,0
7666.25,1
7667.75,0
7668.0,1
7669.25,0
7669.75,1
7672.75,0
7673.0,1
7673.25,0
7686.25,1
7686.5,0
7687.75,1
7688.0,0
7688.25,1
7688.5,0
7688.75,1
7690.5,0
7690.75,1
7691.5,0
7692.0,1
7692.75,0
7693.0,1
7695.0,0
7695.25,1
7697.25,0
7700.75,1
7701.0,0
7759.0,1
7759.25,0
7761.0,1
7761.5,0
7761.75,1
7762.0,0
7762.5,1
7763.5,0
7763.75,1
7764.25,0
7764.75,1
7765.0,0
7765.25,1
7765.75,0
7766.0,1
7766.25,0
7766.5,1
7767.0,0
7767.25,1
7769.5,0
7782.5,1
7782.75,0
7785.25,1
7788.75,0
7789.0,1
7789.5,0
7789.75,1
7790.0,0
7790.25,1
7790.5,0
7790.75,1
7791.5,0
7791.75,1
7792.5,0
7792.75,1
7793.5,0
7806.25,1
7806.5,0
7807.25,1
7807.5,0
7809.0,1
7809.25,0
7809.5,1
7811.0,0
7811.25,1
7812.25,0
7812.5,1
7812.75,0
7813.0,1
7813.5,0
7814.5,1
7815.25,0
7815.5,1
7817.0,0
7817.25,1
7817.5,0
7821.25,1
7821.5,0
7821.75,1
7822.0,0
7830.5,1
7830.75,0
7831.75,1
7832.0,0
7833.0,1
7834.25,0
7834.5,1
7836.5,0
7836.75,1
7838.0,0
7838.25,1
7838.5,0
7838.75,1
7839.25,0
7839.75,1
7841.0,0
7841.25,1
7841.75,0
7927.5,1
7927.75,0
7929.0,1
7931.75,0
7932.0,1
7936.5,0
7936.75,1
7937.25,0
7937.5,1
7937.75,0
7950.5,1
7950.75,0
7952.0,1
7952.25,0
7953.25,1
7953.5,0
7954.0,1
7954.75,0
7955.0,1
7955.5,0
7955.75,1
7957.0,0
7957.25,1
7958.25,0
7958.5,1
7960.25,0
7960.5,1
7961.0,0
7964.0,1
7964.25,0
7976.75,1
7977.0,0
7977.25,1
7977.5,0
7977.75,1
7979.25,0
7979.5,1
7980.5,0
7980.75,1
7982.0,0
7982.25,1
7982.75,0
7983.0,1
7983.5,0
7983.75,1
7984.0,0
7984.25,1
7985.25,0
7998.25,1
7998.5,0
8000.5,1
8000.75,0
8001.0,1
8003.5,0
8003.75,1
8005.25,0
8005.5,1
8007.5,0
8007.75,1
8008.0,0
8008.25,1
8009.0,0
8022.75,1
8023.0,0
8025.0,1
8026.5,0
8026.75,1
8029.5,0
8029.75,1
8030.25,0
8030.5,1
8031.75,0
8032.0,1
8032.5,0
8032.75,1
8033.0,0
8033.25,1
8033.5,0
8097.0,1
8098.75,0
8099.0,1
8100.25,0
8100.5,1
8101.5,0
8101.75,1
8102.0,0
8102.25,1
8102.75,0
8103.0,1
8104.5,0
8105.0,1
8105.25,0
8109.5,1
8109.75,0
8117.75,1
8118.0,0
8119.5,1
8119.75,0
8121.0,1
8122.0,0
8122.5,1
8123.5,0
8123.75,1
8124.5,0
8124.75,1
8125.5,0
8125.75,1
8126.25,0
8126.5,1
8126.75,0
8127.0,1
8127.25,0
8127.5,1
8129.5,0
8144.5,1
8145.0,0
8145.25,1
8146.0,0
8146.25,1
8147.0,0
8147.25,1
8150.75,0
8151.0,1
8153.0,0
8155.25,1
8155.5,0
8157.0,1
8157.25,0
8167.25,1
8167.5,0
8169.5,1
8172.0,0
8172.25,1
8173.25,0
8173.5,1
8175.25,0
8175.5,1
8175.75,0
8176.0,1
8176.75,0
8192.75,1
8193.5,0
8193.75,1
8194.0,0
8194.5,1
8196.0,0
8196.25,1
8198.0,0
8198.25,1
8199.25,0
8199.5,1
8200.25,0
8200.5,1
8201.0,0
8201.5,1
8201.75,0
8206.0,1
8206.25,0
8263.0,1
8263.25,0
8264.75,1
8266.0,0
8266.25,1
8267.0,0
8267.25,1
8268.25,0
8268.5,1
8269.25,0
8269.5,1
8272.5,0
8273.0,1
8273.25,0
8285.5,1
8285.75,0
8287.5,1
8287.75,0
8288.0,1
8288.25,0
8289.25,1
8290.25,0
8290.5,1
8291.25,0
8291.5,1
8294.5,0
8294.75,1
8296.75,0
8297.0,1
8297.25,0
8312.5,1
8312.75,0
8313.0,1
8314.75,0
8315.0,1
8315.75,0
8316.0,1
8318.5,0
8319.0,1
8320.75,0
8321.0,1
8321.5,0
8325.0,1
8325.25,0
8334.5,1
8334.75,0
8337.25,1
8337.75,0
8338.0,1
8340.25,0
8340.5,1
8341.25,0
8341.5,1
8343.5,0
8343.75,1
8344.5,0
8345.25,1
8345.5,0
8347.25,1
8347.5,0
8359.0,1
8359.25,0
8361.0,1
8362.25,0
8362.5,1
8363.0,0
8363.25,1
8363.5,0
8363.75,1
8365.25,0
8365.5,1
8365.75,0
8366.0,1
8368.25,0
8370.0,1
8370.25,0
8432.75,1
8433.0,0
8433.75,1
8434.0,0
8435.25,1
8435.75,0
8436.0,1
8438.75,0
8439.0,1
8439.5,0
8440.0,1
8440.75,0
8441.0,1
8441.25,0
8444.75,1
8445.0,0
8445.5,1
8445.75,0
8446.25,1
8446.5,0
8456.75,1
8457.25,0
8457.5,1
8458.25,0
8458.5,1
8458.75,0
8459.0,1
8459.75,0
8460.0,1
8460.75,0
8461.0,1
8461.25,0
8461.5,1
8462.25,0
8462.5,1
8462.75,0
8463.0,1
8463.25,0
8463.5,1
8465.0,0
8480.5,1
8480.75,0
8481.25,1
8482.75,0
8483.0,1
8483.5,0
8483.75,1
8484.5,0
8484.75,1
8485.25,0
8485.5,1
8485.75,0
8486.0,1
8488.0,0
8488.25,1
8489.25,0
8491.5,1
8491.75,0
8502.25,1
8502.5,0
8504.0,1
8504.25,0
8505.0,1
8505.5,0
8505.75,1
8506.75,0
8507.0,1
8508.25,0
8508.5,1
8509.25,0
8509.5,1
8509.75,0
8510.0,1
8510.25,0
8510.5,1
8511.25,0
8511.5,1
8513.25,0
8513.5,1
8513.75,0
8516.5,1
8516.75,0
8525.75,1
8526.0,0
8528.25,1
8529.0,0
8529.25,1
8530.0,0
8530.75,1
8531.25,0
8531.5,1
8532.25,0
8532.75,1
8533.0,0
8533.25,1
8533.5,0
8533.75,1
8535.25,0
8535.5,1
8535.75,0
8536.0,1
8536.5,0
8537.0,1
8537.25,0
8622.0,1
8622.5,0
8623.5,1
8623.75,0
8625.75,1
8627.25,0
8627.5,1
8628.5,0
8628.75,1
8629.0,0
8629.25,1
8630.25,0
8630.5,1
8631.25,0
8631.75,1
8632.75,0
8637.25,1
8637.5,0
8646.25,1
8646.5,0
8647.75,1
8648.0,0
8649.25,1
8649.5,0
8649.75,1
8650.0,0
8650.25,1
8651.0,0
8651.25,1
8652.25,0
8652.75,1
8653.0,0
8653.25,1
8653.5,0
8653.75,1
8654.75,0
8655.0,1
8656.0,0
8656.25,1
8657.0,0
8657.25,1
8657.5,0
8660.5,1
8660.75,0
8671.75,1
8672.0,0
8673.0,1
8673.25,0
8673.5,1
8674.0,0
8674.25,1
8675.25,0
8675.75,1
8678.5,0
8678.75,1
8679.0,0
8679.25,1
8680.0,0
8680.25,1
8680.75,0
8681.0,1
8681.25,0
8681.75,1
8682.0,0
8694.75,1
8695.5,0
8696.25,1
8696.5,0
8698.0,1
8700.0,0
8700.5,1
8701.0,0
8701.25,1
8703.0,0
8703.25,1
8704.5,0
8704.75,1
8705.0,0
8708.5,1
8708.75,0

float Room-226 (1041,2)
0.0,0
33.0,1
34.5,0
55.5,1
56.5,0
57.0,1
58.5,0
64.5,1
65.5,0
81.5,1
82.5,0
83.5,1
85.5,0
104.5,1
105.0,0
105.5,1
106.0,0
106.5,1
108.0,0
111.0,1
112.0,0
128.0,1
128.5,0
129.5,1
130.0,0
134.0,1
134.5,0
135.0,1
135.5,0
136.5,1
137.0,0
205.0,1
207.5,0
208.0,1
208.5,0
223.5,1
224.0,0
225.0,1
225.5,0
227.0,1
228.0,0
228.5,1
229.0,0
230.5,1
231.5,0
248.5,1
249.5,0
255.5,1
257.5,0
273.5,1
274.5,0
277.5,1
279.5,0
299.0,1
300.0,0
302.5,1
304.0,0
304.5,1
305.5,0
367.0,1
369.5,0
370.5,1
371.0,0
372.0,1
374.0,0
375.0,1
377.0,0
392.0,1
395.5,0
396.5,1
397.5,0
398.0,1
400.0,0
400.5,1
401.0,0
441.5,1
443.0,0
464.5,1
465.0,0
467.0,1
468.0,0
469.5,1
470.0,0
471.5,1
472.5,0
536.5,1
543.0,0
543.5,1
545.0,0
561.0,1
564.0,0
564.5,1
565.5,0
567.5,1
568.5,0
633.0,1
634.0,0
634.5,1
636.0,0
636.5,1
637.5,0
639.0,1
640.5,0
705.0,1
706.0,0
710.0,1
711.0,0
712.5,1
713.5,0
727.0,1
727.5,0
730.0,1
732.0,0
733.5,1
736.0,0
753.0,1
753.5,0
755.0,1
755.5,0
756.5,1
757.5,0
758.5,1
761.0,0
871.5,1
876.5,0
877.0,1
879.0,0
902.0,1
903.5,0
920.5,1
922.0,0
923.5,1
924.0,0
928.5,1
929.5,0
944.0,1
947.0,0
948.0,1
949.0,0
1042.5,1
1043.0,0
1045.5,1
1047.5,0
1048.5,1
1049.0,0
1067.0,1
1068.0,0
1069.0,1
1073.0,0
1073.5,1
1074.0,0
1113.0,1
1113.5,0
1114.5,1
1117.5,0
1118.0,1
1120.0,0
1120.5,1
1121.5,0
1143.5,1
1145.0,0
1209.0,1
1210.5,0
1233.5,1
1234.5,0
1235.0,1
1236.5,0
1240.5,1
1242.0,0
1258.0,1
1259.0,0
1283.0,1
1285.0,0
1286.0,1
1289.0,0
1310.5,1
1311.5,0
1375.5,1
1376.0,0
1376.5,1
1379.5,0
1381.0,1
1381.5,0
1382.5,1
1384.0,0
1402.0,1
1404.0,0
1405.0,1
1406.0,0
1408.0,1
1409.5,0
1430.5,1
1431.5,0
1432.0,1
1434.0,0
1449.0,1
1451.5,0
1453.5,1
1455.5,0
1456.0,1
1458.0,0
1477.0,1
1478.0,0
1544.0,1
1544.5,0
1545.5,1
1546.5,0
1547.5,1
1549.0,0
1550.0,1
1551.5,0
1573.5,1
1574.0,0
1574.5,1
1575.0,0
1591.5,1
1592.0,0
1597.0,1
1598.5,0
1599.5,1
1601.0,0
1617.5,1
1621.5,0
1622.5,1
1623.0,0
1624.0,1
1625.0,0
1642.0,1
1643.0,0
1714.0,1
1716.0,0
1720.0,1
1722.0,0
1739.0,1
1740.0,0
1740.5,1
1741.5,0
1743.0,1
1744.0,0
1768.5,1
1769.5,0
1790.0,1
1792.0,0
1881.5,1
1882.5,0
1884.0,1
1886.0,0
1887.0,1
1889.0,0
1904.5,1
1906.0,0
1910.0,1
1910.5,0
1911.0,1
1911.5,0
1912.0,1
1912.5,0
2072.0,1
2077.5,0
2079.0,1
2080.0,0
2094.5,1
2095.0,0
2096.5,1
2099.0,0
2100.0,1
2101.5,0
2103.5,1
2104.5,0
2124.5,1
2125.5,0
2153.0,1
2154.0,0
2217.0,1
2218.0,0
2222.0,1
2224.0,0
2247.0,1
2248.0,0
2264.0,1
2265.0,0
2266.0,1
2267.0,0
2269.5,1
2271.0,0
2271.5,1
2273.0,0
2295.0,1
2296.0,0
2316.0,1
2316.5,0
2317.5,1
2318.0,0
2385.5,1
2387.0,0
2387.5,1
2389.0,0
2412.0,1
2413.5,0
2414.0,1
2416.0,0
2435.0,1
2437.0,0
2439.0,1
2440.0,0
2457.0,1
2458.0,0
2460.0,1
2460.5,0
2465.5,1
2466.0,0
2481.5,1
2483.5,0
2553.5,1
2555.5,0
2557.5,1
2559.0,0
2560.0,1
2562.0,0
2577.0,1
2581.5,0
2582.5,1
2584.5,0
2602.0,1
2604.5,0
2605.0,1
2606.0,0
2625.5,1
2628.5,0
2629.0,1
2629.5,0
2630.0,1
2630.5,0
2648.0,1
2652.0,0
2653.0,1
2655.0,0
2721.0,1
2723.0,0
2724.0,1
2725.0,0
2726.0,1
2727.0,0
2745.5,1
2746.5,0
2748.5,1
2749.0,0
2768.5,1
2770.0,0
2771.5,1
2773.0,0
2775.0,1
2775.5,0
2776.0,1
2778.0,0
2792.0,1
2792.5,0
2793.5,1
2795.0,0
2796.5,1
2797.5,0
2799.0,1
2799.5,0
2818.5,1
2819.5,0
2821.0,1
2822.0,0
2892.5,1
2894.5,0
2896.0,1
2897.5,0
2920.0,1
2921.5,0
2939.5,1
2941.0,0
2943.0,1
2944.5,0
2961.5,1
2962.5,0
2966.0,1
2966.5,0
2989.0,1
2989.5,0
2990.0,1
2992.5,0
3058.0,1
3060.0,0
3061.5,1
3062.5,0
3063.0,1
3064.5,0
3104.5,1
3105.5,0
3108.5,1
3109.0,0
3112.5,1
3114.0,0
3157.5,1
3158.0,0
3160.5,1
3161.5,0
3225.5,1
3226.5,0
3227.5,1
3229.0,0
3277.0,1
3279.5,0
3281.0,1
3281.5,0
3296.5,1
3297.5,0
3298.0,1
3299.5,0
3302.5,1
3303.5,0
3304.0,1
3305.0,0
3401.0,1
3401.5,0
3417.0,1
3418.0,0
3419.5,1
3422.0,0
3424.0,1
3426.0,0
3440.5,1
3441.0,0
3442.5,1
3444.5,0
3446.0,1
3446.5,0
3448.5,1
3450.0,0
3466.0,1
3467.5,0
3470.0,1
3471.5,0
3472.5,1
3473.0,0
3473.5,1
3474.0,0
3495.0,1
3496.5,0
3563.5,1
3566.0,0
3566.5,1
3567.0,0
3633.5,1
3634.5,0
3635.5,1
3637.5,0
3638.0,1
3639.0,0
3655.5,1
3657.0,0
3659.5,1
3663.0,0
3663.5,1
3665.5,0
3732.0,1
3732.5,0
3733.5,1
3734.0,0
3751.0,1
3754.0,0
3757.5,1
3758.0,0
3776.5,1
3781.5,0
3783.0,1
3785.0,0
3799.5,1
3800.0,0
3802.5,1
3804.5,0
3808.0,1
3810.0,0
3896.5,1
3897.5,0
3900.0,1
3901.5,0
3902.5,1
3904.5,0
3922.0,1
3928.0,0
3946.0,1
3946.5,0
3949.0,1
3950.0,0
3951.5,1
3953.0,0
3971.5,1
3973.5,0
3975.0,1
3977.5,0
3992.5,1
3995.0,0
3996.5,1
3999.5,0
4000.0,1
4000.5,0
4087.0,1
4088.5,0
4090.0,1
4090.5,0
4091.5,1
4092.5,0
4115.5,1
4117.0,0
4137.5,1
4139.0,0
4139.5,1
4140.5,0
4141.0,1
4145.0,0
4164.5,1
4166.0,0
4166.5,1
4167.0,0
4167.5,1
4169.5,0
4280.5,1
4283.5,0
4286.0,1
4287.5,0
4307.0,1
4308.0,0
4309.0,1
4309.5,0
4398.5,1
4399.5,0
4400.5,1
4402.5,0
4404.0,1
4405.5,0
4407.5,1
4408.5,0
4449.5,1
4453.0,0
4454.0,1
4455.0,0
4456.5,1
4457.5,0
4477.5,1
4478.5,0
4568.5,1
4570.0,0
4575.5,1
4577.5,0
4593.0,1
4594.5,0
4597.0,1
4600.0,0
4600.5,1
4601.5,0
4622.0,1
4623.5,0
4624.5,1
4625.0,0
4642.0,1
4644.0,0
4644.5,1
4646.5,0
4647.0,1
4649.0,0
4666.5,1
4667.5,0
4669.5,1
4670.5,0
4760.5,1
4766.0,0
4767.5,1
4769.0,0
4787.5,1
4789.0,0
4790.5,1
4791.5,0
4792.5,1
4793.0,0
4809.5,1
4811.0,0
4814.5,1
4816.0,0
4905.0,1
4906.0,0
4906.5,1
4909.5,0
4910.0,1
4911.5,0
4929.5,1
4930.5,0
4956.5,1
4959.0,0
4978.0,1
4981.0,0
4981.5,1
4983.5,0
5001.0,1
5002.0,0
5009.5,1
5010.0,0
5073.0,1
5074.0,0
5076.5,1
5077.5,0
5080.0,1
5080.5,0
5128.0,1
5129.0,0
5147.5,1
5149.5,0
5169.0,1
5170.5,0
5171.5,1
5174.5,0
5175.0,1
5176.5,0
5244.5,1
5247.0,0
5264.0,1
5265.5,0
5269.5,1
5270.0,0
5270.5,1
5271.5,0
5272.5,1
5273.5,0
5319.5,1
5320.5,0
5343.5,1
5344.0,0
5410.5,1
5411.0,0
5413.0,1
5415.0,0
5438.0,1
5438.5,0
5457.0,1
5460.0,0
5460.5,1
5465.0,0
5482.0,1
5483.0,0
5484.5,1
5485.5,0
5489.0,1
5489.5,0
5511.5,1
5513.0,0
5576.5,1
5579.0,0
5579.5,1
5580.0,0
5580.5,1
5582.0,0
5582.5,1
5584.5,0
5605.5,1
5606.5,0
5608.5,1
5609.5,0
5647.0,1
5647.5,0
5649.0,1
5650.0,0
5654.0,1
5654.5,0
5747.0,1
5749.5,0
5751.5,1
5752.5,0
5753.5,1
5754.0,0
5839.0,1
5841.0,0
5844.0,1
5845.0,0
5846.0,1
5846.5,0
5847.0,1
5848.0,0
5920.5,1
5922.0,0
5962.0,1
5963.5,0
5964.0,1
5969.0,0
5969.5,1
5970.0,0
5984.5,1
5986.0,0
5991.0,1
5992.0,0
6008.5,1
6010.0,0
6109.0,1
6111.0,0
6129.5,1
6130.5,0
6132.0,1
6133.5,0
6155.0,1
6156.0,0
6176.0,1
6178.5,0
6179.0,1
6180.0,0
6182.5,1
6183.5,0
6184.5,1
6185.0,0
6249.5,1
6250.5,0
6256.0,1
6257.5,0
6272.0,1
6273.0,0
6276.5,1
6277.0,0
6277.5,1
6278.0,0
6279.5,1
6281.5,0
6300.0,1
6300.5,0
6348.0,1
6350.0,0
6350.5,1
6352.5,0
6438.0,1
6439.0,0
6440.0,1
6440.5,0
6442.0,1
6443.5,0
6444.0,1
6447.0,0
6462.5,1
6463.5,0
6464.5,1
6465.5,0
6468.5,1
6469.5,0
6489.0,1
6491.0,0
6491.5,1
6493.0,0
6494.0,1
6495.5,0
6611.0,1
6613.0,0
6654.5,1
6655.0,0
6657.0,1
6657.5,0
6658.5,1
6660.5,0
6661.0,1
6663.0,0
6664.0,1
6665.5,0
6680.0,1
6684.0,0
6688.5,1
6689.0,0
6758.5,1
6760.0,0
6831.5,1
6832.5,0
6848.5,1
6849.5,0
6851.0,1
6855.5,0
6856.0,1
6857.0,0
6920.0,1
6920.5,0
6922.5,1
6923.5,0
6927.0,1
6929.0,0
6945.5,1
6947.0,0
6948.0,1
6951.0,0
6951.5,1
6953.5,0
6974.0,1
6974.5,0
6992.5,1
6996.5,0
6997.0,1
6997.5,0
6999.0,1
7000.0,0
7000.5,1
7001.0,0
7112.0,1
7113.0,0
7113.5,1
7114.0,0
7118.5,1
7119.0,0
7136.5,1
7138.5,0
7139.0,1
7142.0,0
7143.0,1
7144.0,0
7144.5,1
7145.5,0
7161.5,1
7162.0,0
7165.0,1
7166.0,0
7184.5,1
7185.5,0
7187.5,1
7190.5,0
7192.0,1
7193.0,0
7256.5,1
7258.0,0
7258.5,1
7259.5,0
7261.5,1
7262.5,0
7264.0,1
7265.5,0
7281.5,1
7283.0,0
7285.0,1
7287.0,0
7287.5,1
7288.5,0
7306.0,1
7307.5,0
7309.5,1
7313.0,0
7328.5,1
7330.0,0
7334.5,1
7336.5,0
7352.5,1
7355.5,0
7356.5,1
7358.0,0
7358.5,1
7360.0,0
7431.5,1
7433.0,0
7449.5,1
7450.0,0
7452.0,1
7453.5,0
7454.0,1
7455.5,0
7499.0,1
7499.5,0
7504.0,1
7504.5,0
7521.5,1
7522.0,0
7522.5,1
7523.0,0
7526.0,1
7529.5,0
7594.5,1
7595.0,0
7595.5,1
7596.5,0
7598.0,1
7600.0,0
7616.5,1
7618.5,0
7621.5,1
7623.5,0
7625.0,1
7626.0,0
7640.0,1
7643.5,0
7644.0,1
7645.5,0
7646.0,1
7646.5,0
7647.5,1
7649.0,0
7665.0,1
7666.5,0
7668.0,1
7668.5,0
7669.0,1
7670.5,0
7693.5,1
7695.5,0
7763.0,1
7765.0,0
7766.5,1
7767.0,0
7767.5,1
7769.0,0
7786.5,1
7788.5,0
7791.5,1
7793.0,0
7809.5,1
7810.5,0
7812.0,1
7813.5,0
7814.0,1
7816.0,0
7816.5,1
7817.0,0
7832.0,1
7833.5,0
7836.5,1
7838.5,0
7839.0,1
7839.5,0
7928.0,1
7929.5,0
7931.5,1
7932.5,0
7934.0,1
7934.5,0
7953.5,1
7955.5,0
7956.0,1
7958.0,0
7959.5,1
7960.5,0
7975.0,1
7976.5,0
7977.5,1
7978.5,0
7979.0,1
7980.0,0
7984.5,1
7985.5,0
8027.5,1
8030.0,0
8031.5,1
8033.5,0
8099.0,1
8100.0,0
8101.5,1
8102.5,0
8104.0,1
8105.5,0
8118.5,1
8119.0,0
8122.0,1
8123.5,0
8124.5,1
8125.0,0
8127.0,1
8128.0,0
8142.5,1
8144.0,0
8144.5,1
8146.5,0
8150.5,1
8151.0,0
8153.0,1
8154.0,0
8172.5,1
8173.5,0
8175.0,1
8177.0,0
8192.5,1
8194.0,0
8195.0,1
8195.5,0
8196.0,1
8198.5,0
8267.5,1
8268.5,0
8315.0,1
8316.5,0
8337.0,1
8338.0,0
8361.0,1
8361.5,0
8363.0,1
8363.5,0
8364.5,1
8365.5,0
8367.0,1
8367.5,0
8368.5,1
8370.0,0
8433.5,1
8435.5,0
8456.5,1
8458.5,0
8459.0,1
8460.0,0
8461.0,1
8461.5,0
8463.0,1
8463.5,0
8464.0,1
8466.0,0
8481.5,1
8483.0,0
8486.0,1
8486.5,0
8508.0,1
8510.0,0
8527.0,1
8527.5,0
8528.5,1
8529.0,0
8530.0,1
8531.5,0
8533.0,1
8535.0,0
8535.5,1
8536.5,0
8624.0,1
8627.0,0
8629.0,1
8631.0,0
8649.0,1
8650.5,0
8651.5,1
8653.5,0
8655.0,1
8656.0,0
8657.0,1
8658.0,0
8670.5,1
8671.5,0
8674.5,1
8676.0,0
8678.5,1
8681.0,0
8696.5,1
8700.0,0
8704.0,1
8705.0,0

float Room-218A (1221,2)
0.0,0
32.25,1
41.5,0
55.25,1
55.5,0
56.0,1
56.5,0
56.75,1
65.25,0
65.5,1
66.0,0
68.75,1
69.0,0
78.0,1
78.25,0
80.75,1
89.75,0
93.5,1
93.75,0
105.0,1
113.5,0
116.5,1
116.75,0
128.75,1
137.5,0
140.25,1
140.5,0
200.25,1
209.25,0
209.5,1
209.75,0
214.25,1
214.5,0
224.25,1
233.5,0
233.75,1
234.0,0
248.75,1
257.25,0
272.25,1
281.5,0
285.5,1
285.75,0
286.0,1
286.25,0
287.0,1
287.25,0
289.5,1
289.75,0
294.75,1
295.0,0
295.75,1
296.0,0
296.5,1
305.75,0
309.0,1
309.25,0
368.75,1
377.25,0
377.5,1
377.75,0
380.25,1
380.5,0
392.75,1
401.75,0
402.0,1
402.25,0
440.0,1
449.0,0
449.5,1
450.0,0
464.25,1
474.0,0
476.0,1
476.25,0
537.0,1
546.0,0
558.5,1
558.75,0
560.75,1
569.75,0
584.5,1
593.25,0
598.0,1
598.25,0
609.0,1
617.25,0
617.5,1
617.75,0
618.25,1
618.5,0
632.25,1
632.5,0
633.25,1
641.5,0
644.5,1
644.75,0
703.0,1
703.25,0
704.75,1
714.25,0
728.5,1
728.75,0
729.0,1
737.75,0
752.25,1
760.75,0
761.0,1
761.75,0
764.0,1
764.25,0
765.25,1
765.5,0
776.5,1
785.75,0
798.75,1
799.0,0
800.5,1
800.75,0
801.0,1
809.5,0
872.5,1
881.75,0
895.0,1
895.25,0
896.75,1
905.0,0
905.25,1
905.5,0
920.75,1
929.5,0
931.75,1
932.25,0
943.5,1
944.0,0
944.25,1
953.75,0
968.75,1
977.25,0
982.25,1
982.5,0
1039.0,1
1039.25,0
1040.75,1
1049.5,0
1051.5,1
1051.75,0
1064.25,1
1064.5,0
1064.75,1
1073.5,0
1077.0,1
1077.25,0
1077.5,1
1077.75,0
1112.5,1
1121.0,0
1121.25,1
1121.5,0
1126.5,1
1126.75,0
1136.5,1
1145.75,0
1149.0,1
1149.25,0
1207.0,1
1217.5,0
1217.75,1
1218.0,0
1232.25,1
1242.0,0
1244.25,1
1244.5,0
1256.25,1
1265.0,0
1268.0,1
1268.25,0
1270.75,1
1271.0,0
1278.25,1
1278.5,0
1280.75,1
1289.0,0
1304.0,1
1313.5,0
1376.75,1
1385.5,0
1398.0,1
1398.25,0
1400.5,1
1409.25,0
1409.5,1
1409.75,0
1423.25,1
1423.5,0
1424.75,1
1433.5,0
1436.5,1
1436.75,0
1446.0,1
1446.25,0
1448.75,1
1449.75,0
1450.0,1
1458.0,0
1470.75,1
1471.0,0
1471.75,1
1472.25,0
1472.5,1
1481.5,0
1544.5,1
1553.5,0
1554.0,1
1554.25,0
1556.5,1
1556.75,0
1567.75,1
1568.0,0
1568.75,1
1577.0,0
1577.25,1
1577.75,0
1592.5,1
1601.5,0
1614.25,1
1614.5,0
1616.25,1
1625.5,0
1626.0,1
1626.25,0
1628.5,1
1628.75,0
1639.5,1
1639.75,0
1640.75,1
1649.5,0
1712.25,1
1721.25,0
1725.0,1
1725.25,0
1734.0,1
1734.25,0
1736.5,1
1745.75,0
1760.0,1
1769.75,0
1782.5,1
1782.75,0
1783.25,1
1783.5,0
1784.25,1
1793.5,0
1809.0,1
1817.75,0
1880.0,1
1889.5,0
1890.0,1
1890.25,0
1893.25,1
1893.5,0
1905.0,1
1913.25,0
1928.5,1
1928.75,0
1929.0,1
1937.5,0
1937.75,1
1938.0,0
1941.0,1
1941.25,0
1952.5,1
1961.5,0
1976.25,1
1986.0,0
1988.5,1
1988.75,0
2048.25,1
2057.5,0
2070.5,1
2070.75,0
2072.5,1
2081.0,0
2081.5,1
2082.0,0
2096.5,1
2106.25,0
2119.25,1
2119.5,0
2120.5,1
2129.75,0
2133.25,1
2133.5,0
2144.25,1
2153.5,0
2156.25,1
2156.5,0
2215.5,1
2215.75,0
2216.5,1
2225.75,0
2238.25,1
2238.5,0
2239.25,1
2239.5,0
2240.25,1
2249.5,0
2263.75,1
2273.25,0
2273.5,1
2273.75,0
2287.75,1
2288.0,0
2288.5,1
2297.5,0
2299.75,1
2300.0,0
2302.0,1
2302.25,0
2310.75,1
2311.0,0
2311.75,1
2322.0,0
2382.0,1
2382.25,0
2384.75,1
2393.5,0
2399.0,1
2399.25,0
2407.25,1
2407.5,0
2408.75,1
2417.5,0
2432.0,1
2432.5,0
2433.0,1
2441.75,0
2455.0,1
2455.5,0
2456.75,1
2465.25,0
2469.25,1
2469.5,0
2478.0,1
2478.25,0
2481.0,1
2490.0,0
2492.5,1
2492.75,0
2552.25,1
2562.0,0
2575.5,1
2575.75,0
2576.0,1
2576.5,0
2576.75,1
2585.5,0
2588.75,1
2589.0,0
2589.25,1
2589.5,0
2597.75,1
2598.0,0
2598.25,1
2598.5,0
2600.25,1
2600.75,0
2601.0,1
2609.25,0
2613.25,1
2613.5,0
2623.25,1
2623.5,0
2624.5,1
2633.5,0
2633.75,1
2634.0,0
2636.5,1
2636.75,0
2637.75,1
2638.0,0
2647.5,1
2657.5,0
2717.25,1
2717.5,0
2720.75,1
2729.25,0
2732.25,1
2732.5,0
2744.75,1
2753.5,0
2765.5,1
2765.75,0
2767.0,1
2767.25,0
2767.75,1
2768.0,0
2768.75,1
2774.5,0
2774.75,1
2777.75,0
2792.75,1
2801.25,0
2816.25,1
2816.5,0
2816.75,1
2825.75,0
2827.75,1
2828.0,0
2829.0,1
2829.5,0
2830.0,1
2830.25,0
2888.75,1
2897.25,0
2912.25,1
2912.5,0
2912.75,1
2921.75,0
2936.25,1
2945.5,0
2947.75,1
2948.0,0
2949.0,1
2949.25,0
2949.75,1
2950.25,0
2958.25,1
2958.5,0
2960.5,1
2960.75,0
2961.25,1
2969.75,0
2970.0,1
2970.5,0
2984.0,1
2993.25,0
2993.5,1
2993.75,0
2997.75,1
2998.0,0
3055.0,1
3055.25,0
3056.5,1
3065.75,0
3069.25,1
3069.5,0
3080.25,1
3080.5,0
3080.75,1
3089.75,0
3093.0,1
3093.25,0
3103.75,1
3104.5,0
3104.75,1
3113.75,0
3117.5,1
3117.75,0
3127.0,1
3127.25,0
3128.0,1
3128.25,0
3128.75,1
3137.75,0
3140.75,1
3141.0,0
3141.5,1
3141.75,0
3151.75,1
3152.0,0
3152.75,1
3161.5,0
3165.75,1
3166.0,0
3224.25,1
3233.25,0
3233.5,1
3233.75,0
3235.75,1
3236.0,0
3248.5,1
3258.5,0
3262.5,1
3263.0,0
3270.75,1
3271.0,0
3272.75,1
3281.25,0
3281.5,1
3281.75,0
3293.75,1
3294.0,0
3294.75,1
3295.0,0
3296.75,1
3305.25,0
3320.25,1
3329.75,0
3393.0,1
3402.0,0
3416.25,1
3416.5,0
3416.75,1
3425.5,0
3440.25,1
3449.25,0
3449.5,1
3450.0,0
3451.75,1
3452.0,0
3452.25,1
3452.5,0
3453.5,1
3453.75,0
3463.5,1
3463.75,0
3464.5,1
3464.75,0
3465.0,1
3473.25,0
3473.5,1
3473.75,0
3486.5,1
3487.25,0
3488.75,1
3497.5,0
3559.5,1
3559.75,0
3560.75,1
3569.0,0
3569.5,1
3569.75,0
3574.5,1
3574.75,0
3608.75,1
3618.0,0
3631.25,1
3631.5,0
3632.75,1
3641.5,0
3642.0,1
3642.25,0
3656.0,1
3665.5,0
3668.25,1
3668.5,0
3728.25,1
3737.5,0
3741.25,1
3741.5,0
3752.75,1
3761.5,0
3776.0,1
3785.75,0
3788.0,1
3788.25,0
3800.25,1
3809.5,0
3813.25,1
3813.5,0
3822.75,1
3823.0,0
3824.25,1
3833.25,0
3837.75,1
3838.0,0
3838.75,1
3839.0,0
3896.25,1
3905.0,0
3905.25,1
3905.5,0
3918.0,1
3918.25,0
3920.0,1
3920.25,0
3920.5,1
3929.5,0
3944.25,1
3944.5,0
3945.0,1
3953.25,0
3968.5,1
3976.25,0
3976.5,1
3977.75,0
3991.75,1
3992.0,0
3992.75,1
4001.25,0
4004.0,1
4004.25,0
4064.5,1
4073.75,0
4086.5,1
4086.75,0
4088.25,1
4097.75,0
4111.25,1
4112.0,0
4113.0,1
4121.75,0
4136.0,1
4137.0,0
4137.5,1
4145.5,0
4149.75,1
4150.0,0
4157.0,1
4157.25,0
4160.25,1
4160.5,0
4160.75,1
4161.0,0
4161.25,1
4169.5,0
4232.5,1
4232.75,0
4233.0,1
4241.0,0
4242.0,1
4242.25,0
4256.5,1
4265.25,0
4279.0,1
4279.25,0
4280.0,1
4289.75,0
4303.5,1
4303.75,0
4304.25,1
4304.5,0
4304.75,1
4313.5,0
4317.75,1
4318.0,0
4326.0,1
4326.25,0
4329.0,1
4337.5,0
4400.5,1
4409.5,0
4412.25,1
4412.5,0
4413.25,1
4413.5,0
4447.75,1
4448.0,0
4448.25,1
4448.5,0
4448.75,1
4457.75,0
4470.5,1
4470.75,0
4472.75,1
4481.25,0
4481.5,1
4481.75,0
4484.75,1
4485.0,0
4496.0,1
4506.25,0
4567.0,1
4567.25,0
4568.0,1
4577.75,0
4592.5,1
4601.25,0
4601.5,1
4601.75,0
4616.5,1
4624.75,0
4625.0,1
4625.75,0
4640.75,1
4649.5,0
4654.25,1
4654.5,0
4664.5,1
4673.25,0
4673.5,1
4673.75,0
4676.25,1
4676.5,0
4677.0,1
4677.5,0
4678.25,1
4678.5,0
4736.75,1
4745.5,0
4760.5,1
4770.25,0
4772.0,1
4772.25,0
4784.5,1
4793.75,0
4808.25,1
4817.75,0
4831.25,1
4831.5,0
4833.0,1
4841.5,0
4845.25,1
4845.5,0
4903.0,1
4903.25,0
4903.75,1
4904.5,0
4905.0,1
4913.25,0
4917.75,1
4918.0,0
4927.5,1
4927.75,0
4928.25,1
4928.5,0
4928.75,1
4937.5,0
4951.25,1
4951.5,0
4952.25,1
4961.25,0
4976.5,1
4976.75,0
4977.0,1
4985.75,0
5000.0,1
5009.0,0
5013.25,1
5013.5,0
5071.5,1
5073.0,0
5073.25,1
5082.0,0
5094.75,1
5095.25,0
5096.75,1
5105.5,0
5106.0,1
5106.25,0
5120.5,1
5129.5,0
5130.0,1
5130.25,0
5134.0,1
5134.25,0
5143.0,1
5143.25,0
5144.25,1
5153.75,0
5168.5,1
5177.75,0
5180.25,1
5180.5,0
5237.75,1
5238.0,0
5240.0,1
5249.5,0
5250.0,1
5250.5,0
5262.75,1
5263.0,0
5264.75,1
5273.5,0
5278.25,1
5278.5,0
5288.5,1
5298.0,0
5300.75,1
5301.0,0
5312.5,1
5321.25,0
5335.25,1
5335.5,0
5336.0,1
5336.25,0
5336.5,1
5345.0,0
5409.0,1
5417.75,0
5430.75,1
5431.0,0
5432.0,1
5441.5,0
5441.75,1
5442.0,0
5445.0,1
5445.25,0
5456.0,1
5465.75,0
5478.5,1
5478.75,0
5480.25,1
5480.5,0
5481.0,1
5489.25,0
5504.25,1
5514.0,0
5516.0,1
5516.25,0
5518.5,1
5518.75,0
5576.5,1
5585.25,0
5599.25,1
5600.0,0
5600.25,1
5609.75,0
5613.75,1
5614.0,0
5622.5,1
5622.75,0
5624.75,1
5633.5,0
5635.25,1
5635.5,0
5635.75,1
5636.0,0
5637.5,1
5637.75,0
5638.5,1
5638.75,0
5646.25,1
5646.5,0
5648.0,1
5656.75,0
5657.0,1
5657.25,0
5657.5,1
5657.75,0
5670.5,1
5670.75,0
5671.0,1
5671.25,0
5672.25,1
5672.5,0
5672.75,1
5681.5,0
5742.0,1
5742.25,0
5744.0,1
5744.25,0
5745.0,1
5752.75,0
5753.0,1
5753.75,0
5767.0,1
5767.25,0
5768.5,1
5777.25,0
5780.0,1
5780.5,0
5780.75,1
5781.0,0
5791.25,1
5791.5,0
5792.25,1
5792.5,0
5793.0,1
5802.0,0
5816.5,1
5826.0,0
5829.75,1
5830.0,0
5837.0,1
5837.25,0
5838.5,1
5838.75,0
5839.75,1
5840.5,0
5841.0,1
5850.0,0
5906.75,1
5907.0,0
5913.0,1
5921.25,0
5921.5,1
5921.75,0
5960.25,1
5960.75,0
5961.0,1
5969.75,0
5984.0,1
5994.0,0
6007.5,1
6007.75,0
6008.5,1
6017.25,0
6017.5,1
6017.75,0
6080.75,1
6090.5,0
6104.5,1
6113.25,0
6113.75,1
6114.0,0
6129.0,1
6137.25,0
6138.0,1
6138.25,0
6140.25,1
6140.5,0
6151.75,1
6161.25,0
6161.5,1
6161.75,0
6166.0,1
6166.25,0
6176.75,1
6186.0,0
6249.0,1
6257.75,0
6260.5,1
6260.75,0
6272.25,1
6281.25,0
6284.75,1
6285.0,0
6297.0,1
6306.25,0
6320.25,1
6329.75,0
6330.0,1
6330.25,0
6331.75,1
6332.0,0
6343.25,1
6343.5,0
6344.25,1
6353.75,0
6414.25,1
6414.5,0
6416.25,1
6425.5,0
6429.5,1
6429.75,0
6440.75,1
6449.5,0
6464.0,1
6473.5,0
6486.25,1
6486.5,0
6488.25,1
6497.0,0
6501.75,1
6502.0,0
6511.5,1
6520.75,0
6521.0,1
6521.25,0
6584.0,1
6584.25,0
6584.75,1
6593.75,0
6595.25,1
6595.5,0
6608.25,1
6617.25,0
6631.5,1
6631.75,0
6632.5,1
6641.25,0
6654.25,1
6654.5,0
6656.75,1
6657.0,0
6657.25,1
6665.25,0
6680.75,1
6690.0,0
6751.75,1
6752.0,0
6752.25,1
6752.75,0
6753.0,1
6761.5,0
6798.0,1
6798.25,0
6799.0,1
6799.25,0
6799.75,1
6800.0,0
6801.0,1
6809.5,0
6811.5,1
6811.75,0
6812.0,1
6812.5,0
6822.25,1
6822.5,0
6824.25,1
6833.5,0
6837.5,1
6837.75,0
6846.5,1
6846.75,0
6847.25,1
6847.5,0
6849.0,1
6857.0,0
6861.0,1
6861.25,0
6919.25,1
6919.5,0
6920.5,1
6930.25,0
6944.5,1
6954.5,0
6966.75,1
6967.0,0
6967.75,1
6968.0,0
6968.75,1
6977.25,0
6992.25,1
7001.0,0
7001.5,1
7001.75,0
7004.0,1
7004.25,0
7015.5,1
7025.5,0
7030.25,1
7030.5,0
7088.75,1
7097.25,0
7097.5,1
7098.0,0
7113.0,1
7121.75,0
7125.25,1
7125.5,0
7136.25,1
7145.75,0
7159.25,1
7159.5,0
7160.5,1
7169.5,0
7184.75,1
7193.25,0
7255.5,1
7255.75,0
7256.5,1
7265.75,0
7279.25,1
7279.5,0
7280.0,1
7280.25,0
7280.5,1
7289.75,0
7293.5,1
7293.75,0
7304.0,1
7313.5,0
7328.25,1
7337.25,0
7338.0,1
7338.25,0
7352.5,1
7361.5,0
7424.5,1
7424.75,0
7425.0,1
7433.25,0
7433.5,1
7433.75,0
7448.5,1
7457.75,0
7461.0,1
7461.25,0
7471.25,1
7471.5,0
7472.25,1
7481.5,0
7496.0,1
7505.75,0
7520.25,1
7529.75,0
7531.5,1
7531.75,0
7592.75,1
7601.75,0
7606.75,1
7607.0,0
7614.5,1
7614.75,0
7616.0,1
7625.0,0
7633.0,1
7633.25,0
7640.5,1
7649.25,0
7652.5,1
7652.75,0
7653.0,1
7653.25,0
7664.25,1
7673.75,0
7688.25,1
7697.75,0
7760.5,1
7769.25,0
7769.5,1
7770.5,0
7783.75,1
7784.0,0
7784.5,1
7793.25,0
7793.5,1
7793.75,0
7808.0,1
7817.5,0
7832.75,1
7841.5,0
7841.75,1
7842.0,0
7844.25,1
7844.5,0
7846.5,1
7846.75,0
7927.75,1
7937.25,0
7937.5,1
7938.25,0
7951.75,1
7962.0,0
7974.75,1
7975.0,0
7976.75,1
7986.0,0
7998.75,1
7999.0,0
8000.25,1
8009.75,0
8011.25,1
8011.5,0
8013.0,1
8013.25,0
8024.5,1
8034.0,0
8038.25,1
8038.5,0
8096.0,1
8105.5,0
8108.25,1
8108.5,0
8108.75,1
8109.25,0
8109.75,1
8110.0,0
8117.5,1
8117.75,0
8120.5,1
8129.75,0
8133.25,1
8133.5,0
8144.5,1
8153.5,0
8154.0,1
8154.25,0
8168.5,1
8178.0,0
8180.25,1
8180.5,0
8188.75,1
8189.0,0
8192.5,1
8201.75,0
8264.0,1
8264.25,0
8264.5,1
8274.0,0
8276.0,1
8276.25,0
8288.25,1
8297.25,0
8297.5,1
8297.75,0
8310.5,1
8310.75,0
8312.5,1
8321.75,0
8336.25,1
8345.75,0
8360.5,1
8369.75,0
8432.5,1
8441.25,0
8444.25,1
8444.5,0
8445.5,1
8445.75,0
8455.75,1
8456.0,0
8456.75,1
8465.25,0
8469.75,1
8470.0,0
8480.5,1
8489.25,0
8489.5,1
8489.75,0
8504.0,1
8513.5,0
8528.0,1
8537.5,0
8540.25,1
8540.5,0
8542.25,1
8542.5,0
8624.5,1
8633.75,0
8648.5,1
8657.5,0
8672.25,1
8682.0,0
8684.75,1
8685.0,0
8696.5,1
8705.75,0

float Room-220 (2213,2)
0.0,0
30.5,1
30.75,0
31.5,1
31.75,0
32.75,1
36.0,0
36.25,1
36.5,0
36.75,1
41.25,0
46.0,1
46.25,0
56.75,1
57.25,0
57.5,1
58.5,0
58.75,1
60.0,0
60.25,1
60.5,0
60.75,1
65.5,0
65.75,1
66.0,0
67.5,1
67.75,0
68.25,1
68.5,0
69.0,1
69.25,0
80.5,1
88.25,0
88.75,1
89.0,0
89.25,1
89.5,0
102.75,1
103.0,0
105.0,1
107.0,0
107.25,1
107.5,0
107.75,1
108.25,0
108.5,1
112.5,0
112.75,1
113.5,0
128.75,1
132.0,0
132.25,1
133.25,0
133.75,1
137.25,0
137.5,1
138.0,0
140.75,1
141.0,0
198.25,1
198.5,0
198.75,1
199.0,0
199.5,1
199.75,0
200.25,1
200.75,0
201.0,1
201.75,0
202.0,1
204.25,0
204.5,1
206.0,0
206.25,1
209.0,0
209.25,1
209.5,0
211.75,1
212.0,0
212.5,1
212.75,0
213.0,1
213.5,0
214.25,1
214.5,0
225.0,1
233.75,0
248.5,1
248.75,0
249.0,1
253.25,0
253.75,1
255.25,0
255.5,1
256.0,0
256.25,1
256.5,0
256.75,1
257.0,0
260.75,1
261.0,0
272.25,1
272.5,0
273.0,1
277.5,0
277.75,1
281.0,0
281.25,1
281.5,0
297.5,1
305.0,0
369.0,1
374.75,0
375.0,1
377.5,0
393.25,1
396.75,0
397.0,1
399.75,0
400.0,1
400.5,0
401.25,1
401.5,0
401.75,1
402.0,0
406.0,1
406.25,0
406.5,1
406.75,0
438.5,1
438.75,0
440.5,1
442.75,0
443.0,1
446.25,0
446.5,1
449.0,0
453.5,1
454.0,0
461.25,1
461.5,0
464.75,1
465.0,0
465.25,1
468.75,0
469.25,1
470.25,0
470.5,1
473.25,0
473.5,1
474.0,0
477.25,1
477.5,0
534.5,1
534.75,0
535.75,1
536.0,0
536.75,1
540.75,0
541.0,1
542.5,0
542.75,1
545.5,0
560.75,1
567.75,0
568.0,1
569.25,0
572.5,1
572.75,0
573.0,1
573.25,0
582.0,1
582.25,0
585.25,1
593.25,0
597.0,1
597.25,0
608.75,1
611.0,0
611.25,1
612.0,0
612.5,1
615.5,0
615.75,1
617.25,0
621.0,1
621.25,0
631.75,1
632.0,0
632.75,1
639.25,0
639.5,1
641.25,0
705.0,1
708.25,0
708.5,1
710.0,0
710.25,1
710.5,0
710.75,1
713.25,0
728.75,1
729.0,0
729.25,1
730.25,0
730.5,1
732.5,0
733.0,1
737.75,0
750.0,1
750.25,0
753.0,1
753.25,0
753.5,1
756.75,0
757.25,1
761.25,0
776.5,1
785.5,0
786.0,1
786.25,0
800.0,1
800.25,0
801.25,1
809.5,0
872.25,1
873.75,0
874.0,1
877.5,0
877.75,1
878.5,0
878.75,1
881.0,0
881.75,1
882.0,0
884.25,1
884.5,0
886.75,1
887.0,0
896.75,1
899.75,0
900.0,1
901.0,0
901.25,1
905.5,0
908.5,1
908.75,0
918.75,1
919.0,0
920.75,1
927.75,0
928.0,1
929.25,0
929.5,1
929.75,0
932.0,1
932.25,0
944.5,1
944.75,0
945.0,1
953.0,0
957.5,1
957.75,0
968.5,1
969.5,0
969.75,1
971.75,0
972.0,1
972.25,0
972.5,1
972.75,0
973.0,1
975.0,0
975.25,1
977.0,0
978.0,1
978.25,0
1039.75,1
1040.0,0
1040.75,1
1042.25,0
1042.5,1
1044.5,0
1044.75,1
1045.0,0
1045.25,1
1046.5,0
1046.75,1
1047.0,0
1047.25,1
1048.75,0
1049.0,1
1049.75,0
1064.5,1
1073.0,0
1073.25,1
1073.5,0
1112.75,1
1113.25,0
1113.75,1
1114.75,0
1115.0,1
1115.5,0
1115.75,1
1121.25,0
1121.5,1
1121.75,0
1124.5,1
1124.75,0
1126.5,1
1126.75,0
1134.25,1
1134.5,0
1136.5,1
1136.75,0
1137.0,1
1139.0,0
1139.25,1
1140.25,0
1140.5,1
1144.25,0
1144.5,1
1145.5,0
1208.25,1
1208.5,0
1209.0,1
1217.5,0
1232.0,1
1232.25,0
1232.5,1
1242.0,0
1244.25,1
1244.5,0
1256.5,1
1256.75,0
1257.0,1
1265.25,0
1280.75,1
1282.0,0
1282.25,1
1285.25,0
1285.5,1
1286.5,0
1286.75,1
1289.0,0
1292.5,1
1292.75,0
1303.0,1
1303.25,0
1303.5,1
1303.75,0
1304.5,1
1305.0,0
1305.25,1
1312.75,0
1313.0,1
1313.75,0
1317.25,1
1317.5,0
1374.0,1
1374.25,0
1375.0,1
1375.25,0
1377.0,1
1380.25,0
1380.5,1
1385.0,0
1385.25,1
1385.5,0
1388.25,1
1388.5,0
1390.0,1
1390.25,0
1398.25,1
1399.0,0
1400.75,1
1402.0,0
1402.25,1
1404.75,0
1405.0,1
1409.5,0
1422.75,1
1423.0,0
1424.75,1
1433.5,0
1447.25,1
1447.5,0
1448.5,1
1448.75,0
1449.0,1
1449.5,0
1449.75,1
1451.0,0
1451.5,1
1454.25,0
1454.5,1
1456.75,0
1459.25,1
1459.5,0
1461.25,1
1461.5,0
1472.25,1
1472.5,0
1473.0,1
1474.75,0
1475.0,1
1476.5,0
1476.75,1
1477.25,0
1477.75,1
1481.5,0
1485.0,1
1485.25,0
1485.75,1
1486.0,0
1544.75,1
1545.0,0
1545.5,1
1547.75,0
1548.0,1
1548.5,0
1549.0,1
1553.25,0
1553.5,1
1553.75,0
1556.75,1
1557.0,0
1567.75,1
1568.0,0
1569.0,1
1577.25,0
1593.0,1
1601.5,0
1601.75,1
1602.0,0
1606.25,1
1606.5,0
1617.0,1
1620.75,0
1621.0,1
1621.25,0
1621.5,1
1622.75,0
1623.0,1
1623.5,0
1623.75,1
1625.5,0
1626.75,1
1627.0,0
1639.5,1
1639.75,0
1641.0,1
1649.0,0
1653.5,1
1653.75,0
1713.0,1
1716.75,0
1717.0,1
1721.5,0
1737.0,1
1739.75,0
1740.25,1
1743.75,0
1744.0,1
1744.5,0
1744.75,1
1745.75,0
1749.25,1
1749.5,0
1749.75,1
1750.0,0
1760.75,1
1764.5,0
1765.0,1
1769.25,0
1773.75,1
1774.0,0
1783.75,1
1784.0,0
1784.75,1
1785.0,0
1785.25,1
1787.25,0
1787.5,1
1788.25,0
1788.5,1
1793.5,0
1796.5,1
1796.75,0
1806.75,1
1807.25,0
1808.5,1
1811.75,0
1812.0,1
1817.5,0
1821.5,1
1821.75,0
1880.5,1
1885.5,0
1885.75,1
1889.5,0
1893.75,1
1894.0,0
1903.25,1
1903.5,0
1905.0,1
1908.0,0
1908.25,1
1908.75,0
1909.0,1
1913.5,0
1917.25,1
1917.5,0
1926.5,1
1926.75,0
1928.75,1
1932.25,0
1932.75,1
1937.5,0
1950.5,1
1950.75,0
1951.25,1
1951.5,0
1952.25,1
1952.5,0
1953.0,1
1961.0,0
1961.25,1
1961.5,0
1963.25,1
1963.5,0
1964.0,1
1964.25,0
1977.0,1
1985.0,0
1989.75,1
1990.0,0
2048.5,1
2057.0,0
2057.5,1
2057.75,0
2070.5,1
2071.0,0
2072.75,1
2073.75,0
2074.0,1
2078.75,0
2079.0,1
2081.0,0
2081.5,1
2082.0,0
2085.25,1
2085.5,0
2097.25,1
2103.5,0
2103.75,1
2105.5,0
2121.0,1
2125.25,0
2125.5,1
2129.25,0
2144.5,1
2153.5,0
2217.25,1
2220.75,0
2221.0,1
2225.25,0
2240.5,1
2244.25,0
2244.5,1
2244.75,0
2245.25,1
2249.5,0
2264.25,1
2264.5,0
2264.75,1
2271.0,0
2271.25,1
2271.5,0
2271.75,1
2272.5,0
2272.75,1
2273.25,0
2273.5,1
2273.75,0
2275.75,1
2276.0,0
2288.0,1
2288.5,0
2289.25,1
2289.5,0
2289.75,1
2290.75,0
2291.0,1
2292.25,0
2292.75,1
2293.0,0
2293.25,1
2297.0,0
2311.5,1
2311.75,0
2312.75,1
2315.5,0
2316.25,1
2317.0,0
2317.75,1
2320.0,0
2320.25,1
2321.25,0
2321.5,1
2321.75,0
2385.0,1
2388.75,0
2389.0,1
2391.5,0
2391.75,1
2393.25,0
2408.25,1
2408.5,0
2409.0,1
2409.25,0
2409.5,1
2412.25,0
2412.5,1
2417.25,0
2432.75,1
2433.0,0
2433.5,1
2440.75,0
2441.0,1
2441.5,0
2455.0,1
2455.25,0
2457.0,1
2457.5,0
2457.75,1
2459.5,0
2459.75,1
2465.25,0
2465.5,1
2465.75,0
2469.75,1
2470.0,0
2479.75,1
2480.0,0
2480.75,1
2489.5,0
2553.0,1
2555.0,0
2555.25,1
2558.0,0
2558.25,1
2558.75,0
2559.0,1
2561.0,0
2561.25,1
2561.5,0
2564.75,1
2565.0,0
2576.25,1
2576.5,0
2576.75,1
2581.0,0
2581.25,1
2584.75,0
2585.0,1
2585.5,0
2599.5,1
2599.75,0
2600.75,1
2604.5,0
2604.75,1
2605.0,0
2605.25,1
2607.75,0
2608.25,1
2608.5,0
2609.25,1
2609.5,0
2624.25,1
2624.5,0
2625.0,1
2628.0,0
2628.75,1
2633.5,0
2637.5,1
2637.75,0
2646.0,1
2646.25,0
2649.0,1
2650.0,0
2650.25,1
2651.75,0
2652.0,1
2656.5,0
2656.75,1
2657.25,0
2662.75,1
2663.0,0
2718.75,1
2719.0,0
2720.25,1
2720.5,0
2720.75,1
2721.5,0
2721.75,1
2724.75,0
2725.0,1
2726.75,0
2727.0,1
2729.25,0
2742.5,1
2742.75,0
2744.0,1
2744.25,0
2744.75,1
2745.25,0
2745.5,1
2751.0,0
2751.25,1
2751.5,0
2751.75,1
2752.75,0
2768.75,1
2773.0,0
2773.5,1
2775.25,0
2775.5,1
2777.0,0
2777.25,1
2777.5,0
2792.5,1
2796.5,0
2796.75,1
2799.25,0
2799.5,1
2801.5,0
2806.5,1
2806.75,0
2816.5,1
2817.75,0
2818.0,1
2825.25,0
2888.75,1
2889.0,0
2889.25,1
2891.5,0
2891.75,1
2897.75,0
2913.0,1
2913.75,0
2914.0,1
2916.5,0
2916.75,1
2918.5,0
2918.75,1
2920.25,0
2920.5,1
2920.75,0
2936.25,1
2940.75,0
2941.0,1
2945.5,0
2960.5,1
2961.75,0
2962.25,1
2964.5,0
2964.75,1
2969.0,0
2973.0,1
2973.25,0
2973.75,1
2974.0,0
2982.75,1
2983.0,0
2985.0,1
2985.25,0
2985.5,1
2989.5,0
2989.75,1
2993.25,0
2997.75,1
2998.0,0
2998.5,1
2998.75,0
3054.25,1
3054.5,0
3055.0,1
3055.25,0
3056.75,1
3065.0,0
3070.5,1
3070.75,0
3076.0,1
3076.25,0
3078.0,1
3078.25,0
3080.25,1
3081.75,0
3082.0,1
3085.0,0
3085.25,1
3086.0,0
3086.25,1
3087.5,0
3087.75,1
3089.5,0
3104.75,1
3106.75,0
3107.25,1
3109.25,0
3109.5,1
3113.0,0
3127.0,1
3127.25,0
3128.5,1
3129.75,0
3130.0,1
3132.5,0
3132.75,1
3133.5,0
3133.75,1
3137.25,0
3140.25,1
3140.5,0
3153.0,1
3161.5,0
3224.75,1
3226.25,0
3226.5,1
3233.75,0
3248.75,1
3257.25,0
3257.5,1
3257.75,0
3260.0,1
3260.25,0
3272.75,1
3273.75,0
3274.0,1
3281.0,0
3281.25,1
3281.5,0
3293.5,1
3293.75,0
3294.0,1
3294.25,0
3294.75,1
3295.0,0
3295.25,1
3295.5,0
3297.25,1
3298.0,0
3298.25,1
3300.0,0
3300.25,1
3303.75,0
3304.0,1
3305.25,0
3319.0,1
3319.25,0
3320.0,1
3320.25,0
3320.75,1
3321.0,0
3321.25,1
3328.25,0
3328.5,1
3329.0,0
3329.25,1
3329.5,0
3331.0,1
3331.25,0
3331.75,1
3332.0,0
3332.5,1
3332.75,0
3333.0,1
3333.25,0
3393.25,1
3395.5,0
3395.75,1
3401.0,0
3415.75,1
3416.0,0
3416.75,1
3417.0,0
3417.5,1
3420.75,0
3421.25,1
3425.25,0
3426.0,1
3426.25,0
3440.25,1
3440.5,0
3441.0,1
3443.75,0
3444.0,1
3445.5,0
3445.75,1
3449.25,0
3464.75,1
3473.5,0
3489.0,1
3489.5,0
3489.75,1
3491.0,0
3491.25,1
3492.75,0
3493.25,1
3496.5,0
3496.75,1
3497.5,0
3500.5,1
3500.75,0
3559.75,1
3560.0,0
3560.5,1
3563.5,0
3563.75,1
3565.5,0
3565.75,1
3569.5,0
3573.0,1
3573.25,0
3573.75,1
3574.0,0
3608.5,1
3614.75,0
3615.0,1
3615.25,0
3615.75,1
3616.0,0
3616.5,1
3617.0,0
3620.75,1
3621.0,0
3632.5,1
3633.75,0
3634.5,1
3637.25,0
3637.5,1
3640.75,0
3641.0,1
3641.25,0
3653.5,1
3653.75,0
3657.0,1
3658.25,0
3658.75,1
3661.5,0
3661.75,1
3665.75,0
3668.75,1
3669.0,0
3728.5,1
3732.25,0
3732.5,1
3737.75,0
3752.75,1
3755.0,0
3755.25,1
3760.0,0
3760.25,1
3761.25,0
3764.75,1
3765.0,0
3776.75,1
3777.25,0
3777.5,1
3779.25,0
3779.5,1
3785.5,0
3800.75,1
3802.5,0
3802.75,1
3804.5,0
3804.75,1
3808.5,0
3808.75,1
3809.0,0
3809.25,1
3809.5,0
3809.75,1
3810.0,0
3813.0,1
3813.25,0
3822.0,1
3822.25,0
3825.0,1
3827.5,0
3827.75,1
3833.5,0
3839.0,1
3839.25,0
3897.0,1
3905.0,0
3920.25,1
3920.5,0
3920.75,1
3921.0,0
3921.25,1
3923.75,0
3924.0,1
3924.25,0
3925.0,1
3929.25,0
3944.75,1
3946.75,0
3947.0,1
3953.0,0
3955.75,1
3956.0,0
3956.25,1
3956.5,0
3956.75,1
3957.0,0
3966.25,1
3966.5,0
3968.5,1
3977.25,0
3977.75,1
3978.0,0
3989.75,1
3990.0,0
3992.5,1
3995.5,0
3996.0,1
3996.75,0
3997.0,1
4001.75,0
4063.25,1
4063.5,0
4065.0,1
4067.75,0
4068.0,1
4072.5,0
4072.75,1
4073.5,0
4075.25,1
4075.5,0
4077.5,1
4077.75,0
4088.5,1
4089.0,0
4089.25,1
4097.5,0
4111.0,1
4111.25,0
4111.75,1
4112.0,0
4112.5,1
4115.5,0
4115.75,1
4116.25,0
4116.5,1
4119.75,0
4120.5,1
4121.25,0
4135.75,1
4136.0,0
4136.25,1
4136.5,0
4137.25,1
4140.75,0
4141.0,1
4145.25,0
4160.75,1
4161.0,0
4161.5,1
4164.0,0
4164.25,1
4164.75,0
4165.0,1
4169.0,0
4172.75,1
4173.0,0
4174.0,1
4174.25,0
4233.0,1
4235.75,0
4236.0,1
4237.0,0
4237.25,1
4241.75,0
4243.25,1
4243.5,0
4256.5,1
4261.75,0
4262.0,1
4262.5,0
4262.75,1
4264.75,0
4265.0,1
4265.5,0
4269.75,1
4270.0,0
4278.0,1
4278.25,0
4281.25,1
4281.5,0
4281.75,1
4283.75,0
4284.0,1
4285.25,0
4285.5,1
4289.5,0
4305.0,1
4305.75,0
4306.0,1
4310.0,0
4310.25,1
4311.5,0
4311.75,1
4312.75,0
4313.5,1
4313.75,0
4317.0,1
4317.25,0
4328.75,1
4329.0,0
4329.25,1
4330.0,0
4330.25,1
4336.25,0
4336.5,1
4337.5,0
4400.25,1
4400.5,0
4400.75,1
4403.25,0
4403.5,1
4403.75,0
4404.0,1
4406.5,0
4406.75,1
4408.5,0
4408.75,1
4409.5,0
4413.0,1
4413.25,0
4447.75,1
4448.0,0
4448.5,1
4457.25,0
4460.0,1
4460.25,0
4460.75,1
4461.0,0
4470.25,1
4470.5,0
4472.0,1
4473.5,0
4473.75,1
4476.25,0
4476.5,1
4476.75,0
4477.0,1
4479.75,0
4480.0,1
4480.5,0
4480.75,1
4482.0,0
4484.5,1
4484.75,0
4497.25,1
4499.75,0
4500.0,1
4501.75,0
4502.25,1
4505.0,0
4505.75,1
4506.0,0
4508.25,1
4508.5,0
4566.0,1
4566.25,0
4567.0,1
4567.25,0
4568.75,1
4569.5,0
4570.0,1
4570.5,0
4570.75,1
4575.0,0
4575.25,1
4577.0,0
4580.75,1
4581.0,0
4591.0,1
4591.25,0
4593.5,1
4601.5,0
4601.75,1
4602.0,0
4613.5,1
4613.75,0
4616.75,1
4618.5,0
4618.75,1
4624.25,0
4624.5,1
4625.25,0
4625.75,1
4626.0,0
4639.5,1
4639.75,0
4640.75,1
4648.75,0
4652.25,1
4652.5,0
4665.0,1
4669.0,0
4669.25,1
4672.5,0
4672.75,1
4673.5,0
4673.75,1
4674.0,0
4736.75,1
4739.75,0
4740.0,1
4743.0,0
4743.25,1
4745.0,0
4749.5,1
4749.75,0
4759.25,1
4759.5,0
4760.75,1
4761.0,0
4761.25,1
4761.5,0
4761.75,1
4767.5,0
4767.75,1
4769.5,0
4784.75,1
4785.0,0
4785.25,1
4785.5,0
4785.75,1
4793.5,0
4806.0,1
4806.25,0
4809.0,1
4813.75,0
4814.0,1
4815.0,0
4815.25,1
4817.75,0
4821.75,1
4822.0,0
4829.5,1
4829.75,0
4832.5,1
4832.75,0
4833.0,1
4840.25,0
4840.5,1
4841.75,0
4905.5,1
4906.75,0
4907.0,1
4907.75,0
4908.25,1
4910.5,0
4910.75,1
4913.25,0
4928.0,1
4928.75,0
4929.25,1
4929.5,0
4929.75,1
4931.5,0
4931.75,1
4933.25,0
4933.5,1
4937.5,0
4940.5,1
4940.75,0
4952.75,1
4956.5,0
4956.75,1
4957.75,0
4958.0,1
4960.0,0
4960.25,1
4960.5,0
4960.75,1
4961.25,0
4962.0,1
4962.25,0
4964.0,1
4964.25,0
4965.5,1
4965.75,0
4976.75,1
4980.5,0
4980.75,1
4981.5,0
4981.75,1
4985.0,0
4999.0,1
4999.25,0
5001.0,1
5004.5,0
5004.75,1
5009.25,0
5009.75,1
5010.0,0
5071.75,1
5072.0,0
5073.0,1
5075.75,0
5076.0,1
5077.5,0
5077.75,1
5081.5,0
5086.5,1
5086.75,0
5094.75,1
5095.0,0
5097.0,1
5097.75,0
5098.0,1
5105.75,0
5117.25,1
5117.5,0
5120.75,1
5121.0,0
5121.25,1
5123.0,0
5123.25,1
5127.5,0
5127.75,1
5129.0,0
5129.25,1
5129.75,0
5144.5,1
5146.75,0
5147.0,1
5147.25,0
5147.5,1
5148.25,0
5148.5,1
5148.75,0
5149.0,1
5153.25,0
5165.75,1
5166.0,0
5167.5,1
5167.75,0
5168.75,1
5177.75,0
5239.5,1
5239.75,0
5240.25,1
5240.5,0
5240.75,1
5247.5,0
5247.75,1
5249.0,0
5264.5,1
5268.0,0
5268.5,1
5272.0,0
5272.25,1
5273.25,0
5288.25,1
5292.75,0
5293.0,1
5294.0,0
5294.25,1
5297.25,0
5312.0,1
5312.25,0
5313.0,1
5316.0,0
5316.25,1
5319.0,0
5319.25,1
5321.25,0
5321.75,1
5322.0,0
5333.75,1
5334.0,0
5334.75,1
5335.0,0
5337.0,1
5341.5,0
5341.75,1
5345.0,0
5345.5,1
5345.75,0
5349.5,1
5349.75,0
5409.0,1
5411.5,0
5411.75,1
5412.25,0
5412.5,1
5414.0,0
5414.25,1
5417.25,0
5417.75,1
5418.0,0
5421.75,1
5422.0,0
5432.75,1
5440.0,0
5440.5,1
5441.25,0
5444.5,1
5444.75,0
5445.25,1
5445.5,0
5457.0,1
5460.75,0
5461.0,1
5464.5,0
5464.75,1
5465.5,0
5481.0,1
5487.5,0
5487.75,1
5488.0,0
5488.25,1
5489.25,0
5492.5,1
5492.75,0
5504.5,1
5513.75,0
5576.25,1
5581.75,0
5582.0,1
5583.0,0
5583.25,1
5585.5,0
5600.25,1
5603.75,0
5604.0,1
5604.75,0
5605.0,1
5609.25,0
5609.75,1
5610.0,0
5614.0,1
5614.25,0
5623.0,1
5623.25,0
5625.0,1
5627.75,0
5628.0,1
5628.25,0
5628.5,1
5633.25,0
5633.75,1
5634.0,0
5635.75,1
5636.0,0
5637.75,1
5638.0,0
5649.0,1
5649.5,0
5649.75,1
5650.0,0
5650.25,1
5650.5,0
5650.75,1
5657.75,0
5660.5,1
5660.75,0
5670.5,1
5670.75,0
5672.75,1
5677.25,0
5677.5,1
5681.5,0
5681.75,1
5682.0,0
5742.25,1
5742.5,0
5744.75,1
5748.0,0
5748.25,1
5749.0,0
5749.25,1
5753.25,0
5768.5,1
5769.0,0
5769.25,1
5772.25,0
5772.5,1
5777.0,0
5777.25,1
5777.5,0
5780.5,1
5780.75,0
5792.25,1
5792.5,0
5792.75,1
5801.75,0
5802.5,1
5802.75,0
5816.25,1
5816.5,0
5817.5,1
5820.75,0
5821.0,1
5825.5,0
5831.5,1
5831.75,0
5834.0,1
5834.25,0
5837.0,1
5837.25,0
5837.75,1
5838.5,0
5841.0,1
5843.25,0
5843.75,1
5844.0,0
5844.25,1
5849.25,0
5904.0,1
5904.25,0
5910.75,1
5911.0,0
5911.25,1
5911.5,0
5913.0,1
5913.5,0
5913.75,1
5916.75,0
5917.0,1
5921.25,0
5925.0,1
5925.25,0
5958.25,1
5958.5,0
5959.5,1
5959.75,0
5961.25,1
5968.75,0
5969.0,1
5969.5,0
5973.5,1
5973.75,0
5985.0,1
5993.0,0
6007.75,1
6008.0,0
6009.0,1
6016.75,0
6081.0,1
6086.75,0
6087.0,1
6088.75,0
6089.25,1
6089.5,0
6093.0,1
6093.25,0
6105.25,1
6106.5,0
6106.75,1
6110.5,0
6110.75,1
6112.25,0
6112.5,1
6113.0,0
6127.5,1
6127.75,0
6129.0,1
6129.25,0
6129.5,1
6137.5,0
6140.5,1
6140.75,0
6141.0,1
6141.25,0
6151.25,1
6151.5,0
6152.25,1
6152.5,0
6153.25,1
6157.0,0
6157.75,1
6161.25,0
6162.0,1
6162.25,0
6176.75,1
6177.25,0
6177.5,1
6178.0,0
6178.25,1
6185.25,0
6248.5,1
6257.25,0
6272.75,1
6273.0,0
6273.25,1
6276.5,0
6276.75,1
6277.25,0
6277.75,1
6281.0,0
6281.25,1
6281.5,0
6296.25,1
6296.5,0
6296.75,1
6298.0,0
6298.25,1
6304.75,0
6320.25,1
6320.5,0
6320.75,1
6329.75,0
6344.25,1
6344.5,0
6344.75,1
6353.25,0
6414.5,1
6414.75,0
6416.5,1
6417.0,0
6417.25,1
6421.25,0
6421.75,1
6422.5,0
6422.75,1
6423.25,0
6423.5,1
6424.5,0
6424.75,1
6425.5,0
6428.5,1
6428.75,0
6429.5,1
6429.75,0
6439.25,1
6439.5,0
6440.75,1
6445.5,0
6445.75,1
6449.25,0
6453.75,1
6454.25,0
6461.25,1
6461.5,0
6464.5,1
6465.75,0
6466.0,1
6467.5,0
6467.75,1
6468.0,0
6468.25,1
6471.5,0
6471.75,1
6473.5,0
6476.75,1
6477.0,0
6489.0,1
6489.75,0
6490.0,1
6490.25,0
6490.5,1
6491.0,0
6491.25,1
6492.5,0
6492.75,1
6494.75,0
6495.0,1
6496.5,0
6496.75,1
6497.25,0
6501.0,1
6501.25,0
6513.25,1
6521.25,0
6526.25,1
6526.5,0
6584.75,1
6585.0,0
6585.25,1
6588.5,0
6588.75,1
6590.75,0
6591.0,1
6593.25,0
6608.75,1
6610.0,0
6610.25,1
6611.25,0
6611.5,1
6612.0,0
6612.5,1
6617.0,0
6617.25,1
6617.5,0
6621.0,1
6621.25,0
6633.0,1
6635.25,0
6635.5,1
6636.5,0
6636.75,1
6637.0,0
6637.25,1
6641.25,0
6656.0,1
6656.25,0
6657.25,1
6659.25,0
6659.5,1
6660.25,0
6660.5,1
6661.0,0
6661.25,1
6663.0,0
6663.25,1
6665.0,0
6665.25,1
6665.75,0
6680.75,1
6681.0,0
6681.25,1
6683.5,0
6683.75,1
6684.5,0
6684.75,1
6689.5,0
6694.25,1
6694.5,0
6750.0,1
6750.25,0
6752.5,1
6752.75,0
6753.0,1
6761.0,0
6800.25,1
6805.75,0
6806.0,1
6809.75,0
6824.5,1
6833.5,0
6837.0,1
6837.25,0
6845.75,1
6846.0,0
6848.5,1
6852.0,0
6852.25,1
6857.25,0
6857.75,1
6858.0,0
6859.75,1
6860.0,0
6920.75,1
6921.0,0
6921.5,1
6925.25,0
6925.5,1
6929.0,0
6929.25,1
6929.75,0
6944.5,1
6946.25,0
6946.5,1
6947.0,0
6947.25,1
6948.5,0
6948.75,1
6953.25,0
6956.25,1
6956.5,0
6968.5,1
6969.25,0
6970.0,1
6972.75,0
6973.25,1
6977.25,0
6981.0,1
6981.25,0
6990.0,1
6990.25,0
6992.5,1
6992.75,0
6993.5,1
6997.75,0
6998.0,1
6998.5,0
6998.75,1
6999.25,0
6999.5,1
7000.75,0
7001.0,1
7001.25,0
7004.75,1
7005.0,0
7017.0,1
7025.75,0
7028.25,1
7028.5,0
7089.5,1
7091.5,0
7091.75,1
7097.5,0
7101.25,1
7101.5,0
7110.75,1
7111.0,0
7112.75,1
7116.5,0
7117.0,1
7117.25,0
7117.5,1
7118.75,0
7119.0,1
7121.0,0
7121.25,1
7121.5,0
7124.5,1
7124.75,0
7136.75,1
7137.5,0
7137.75,1
7145.75,0
7149.25,1
7149.5,0
7160.5,1
7163.75,0
7164.0,1
7168.25,0
7168.5,1
7169.25,0
7172.25,1
7172.75,0
7184.75,1
7185.0,0
7185.25,1
7188.0,0
7188.25,1
7193.25,0
7253.25,1
7253.5,0
7254.75,1
7255.0,0
7257.25,1
7258.0,0
7258.5,1
7265.25,0
7281.25,1
7284.75,0
7285.0,1
7285.25,0
7285.5,1
7287.5,0
7287.75,1
7289.5,0
7292.25,1
7292.5,0
7303.25,1
7303.5,0
7304.25,1
7305.75,0
7306.0,1
7307.25,0
7307.5,1
7312.75,0
7328.25,1
7334.25,0
7334.75,1
7336.5,0
7336.75,1
7337.0,0
7340.0,1
7340.25,0
7351.25,1
7351.5,0
7352.75,1
7355.5,0
7355.75,1
7356.25,0
7356.5,1
7357.25,0
7357.5,1
7359.0,0
7359.25,1
7360.25,0
7360.5,1
7360.75,0
7361.0,1
7361.25,0
7422.0,1
7422.5,0
7425.0,1
7428.0,0
7428.25,1
7429.5,0
7429.75,1
7433.25,0
7434.25,1
7434.5,0
7437.0,1
7437.25,0
7447.25,1
7447.5,0
7449.0,1
7450.25,0
7450.5,1
7453.75,0
7454.0,1
7457.0,0
7472.75,1
7473.75,0
7474.0,1
7474.25,0
7474.5,1
7476.25,0
7476.75,1
7481.0,0
7485.25,1
7485.5,0
7496.5,1
7496.75,0
7497.25,1
7501.5,0
7501.75,1
7504.75,0
7505.25,1
7505.5,0
7508.5,1
7509.25,0
7519.5,1
7519.75,0
7520.75,1
7525.5,0
7525.75,1
7529.0,0
7529.25,1
7529.5,0
7529.75,1
7530.0,0
7532.25,1
7532.5,0
7591.0,1
7591.25,0
7591.5,1
7592.0,0
7592.75,1
7597.25,0
7597.5,1
7598.75,0
7599.0,1
7600.5,0
7600.75,1
7601.5,0
7617.0,1
7625.25,0
7635.25,1
7635.5,0
7640.75,1
7644.25,0
7644.5,1
7649.25,0
7650.75,1
7651.0,0
7653.25,1
7653.5,0
7664.75,1
7673.5,0
7688.5,1
7688.75,0
7689.25,1
7697.25,0
7758.5,1
7758.75,0
7759.5,1
7759.75,0
7760.25,1
7765.25,0
7765.5,1
7769.5,0
7785.0,1
7789.0,0
7789.25,1
7793.5,0
7809.25,1
7817.0,0
7831.75,1
7832.0,0
7832.75,1
7835.0,0
7835.25,1
7835.75,0
7836.0,1
7841.25,0
7928.5,1
7930.0,0
7930.25,1
7937.0,0
7950.25,1
7950.5,0
7952.75,1
7953.0,0
7953.5,1
7955.25,0
7955.5,1
7961.5,0
7976.75,1
7977.0,0
7977.5,1
7981.5,0
7981.75,1
7985.25,0
7985.5,1
7985.75,0
8001.25,1
8004.0,0
8004.5,1
8007.0,0
8007.25,1
8009.25,0
8024.25,1
8031.0,0
8031.25,1
8033.5,0
8033.75,1
8034.0,0
8096.75,1
8105.5,0
8118.25,1
8118.5,0
8119.5,1
8119.75,0
8120.5,1
8120.75,0
8121.0,1
8123.5,0
8123.75,1
8125.5,0
8125.75,1
8127.0,0
8127.25,1
8129.0,0
8129.75,1
8130.0,0
8133.5,1
8133.75,0
8144.75,1
8148.5,0
8148.75,1
8153.75,0
8156.0,1
8156.25,0
8166.25,1
8166.5,0
8168.5,1
8173.75,0
8174.5,1
8177.25,0
8178.0,1
8178.25,0
8192.75,1
8194.0,0
8194.25,1
8201.5,0
8203.5,1
8203.75,0
8207.75,1
8208.0,0
8263.75,1
8264.0,0
8264.25,1
8264.5,0
8265.0,1
8270.25,0
8270.5,1
8273.5,0
8288.25,1
8288.5,0
8289.5,1
8293.0,0
8293.25,1
8297.25,0
8310.25,1
8310.5,0
8311.5,1
8311.75,0
8312.5,1
8312.75,0
8313.0,1
8315.75,0
8316.25,1
8318.75,0
8319.0,1
8319.25,0
8319.5,1
8320.5,0
8320.75,1
8321.25,0
8321.5,1
8321.75,0
8336.75,1
8345.0,0
8360.0,1
8360.25,0
8360.75,1
8361.5,0
8361.75,1
8363.0,0
8363.25,1
8364.75,0
8365.0,1
8365.25,0
8365.5,1
8365.75,0
8366.0,1
8369.25,0
8372.0,1
8372.25,0
8429.75,1
8430.0,0
8432.75,1
8436.0,0
8436.25,1
8437.25,0
8437.5,1
8441.25,0
8445.75,1
8446.0,0
8457.0,1
8460.5,0
8460.75,1
8461.5,0
8461.75,1
8464.75,0
8465.0,1
8465.25,0
8468.5,1
8468.75,0
8480.5,1
8481.0,0
8481.25,1
8485.5,0
8485.75,1
8489.25,0
8491.75,1
8492.0,0
8503.75,1
8504.0,0
8504.5,1
8504.75,0
8505.0,1
8507.75,0
8508.0,1
8513.0,0
8513.25,1
8513.5,0
8516.75,1
8517.0,0
8528.5,1
8532.25,0
8532.5,1
8534.25,0
8534.5,1
8535.5,0
8535.75,1
8536.5,0
8536.75,1
8537.0,0
8537.5,1
8537.75,0
8623.5,1
8623.75,0
8625.0,1
8628.5,0
8628.75,1
8633.0,0
8633.25,1
8633.75,0
8648.5,1
8648.75,0
8649.0,1
8657.5,0
8661.25,1
8661.5,0
8671.25,1
8671.5,0
8672.0,1
8672.25,0
8672.75,1
8677.0,0
8677.25,1
8679.0,0
8679.25,1
8681.0,0
8681.75,1
8682.0,0
8684.25,1
8684.5,0
8694.25,1
8694.5,0
8697.0,1
8699.0,0
8699.25,1
8700.75,0
8701.0,1
8705.0,0
8705.5,1
8705.75,0

float Room-207 (4305,2)
0.0,0
30.5,1
30.75,0
32.75,1
33.0,0
33.5,1
34.75,0
35.25,1
36.0,0
36.25,1
36.75,0
37.0,1
37.25,0
37.5,1
41.5,0
45.25,1
45.5,0
46.0,1
46.25,0
54.25,1
54.5,0
57.0,1
58.75,0
59.0,1
60.25,0
60.5,1
60.75,0
61.0,1
61.5,0
62.25,1
64.0,0
64.25,1
65.25,0
79.0,1
79.25,0
79.5,1
79.75,0
80.25,1
83.0,0
83.25,1
86.0,0
86.25,1
87.75,0
88.0,1
89.25,0
104.75,1
105.75,0
106.0,1
108.25,0
108.5,1
110.0,0
110.25,1
110.75,0
111.0,1
112.0,0
112.25,1
112.75,0
113.75,1
114.0,0
126.5,1
126.75,0
128.25,1
128.75,0
129.25,1
130.75,0
131.0,1
132.25,0
132.5,1
133.0,0
133.5,1
135.5,0
135.75,1
136.25,0
136.5,1
136.75,0
137.0,1
137.5,0
199.75,1
200.0,0
200.5,1
201.25,0
201.75,1
203.0,0
203.5,1
204.25,0
204.5,1
205.0,0
205.25,1
205.75,0
206.0,1
206.25,0
206.5,1
208.5,0
208.75,1
209.25,0
212.5,1
212.75,0
213.75,1
214.0,0
214.25,1
214.5,0
225.0,1
225.25,0
225.5,1
232.0,0
232.25,1
232.75,0
233.0,1
233.25,0
247.75,1
248.25,0
248.75,1
249.0,0
249.5,1
250.25,0
250.5,1
251.0,0
251.25,1
253.25,0
253.5,1
255.75,0
256.0,1
256.25,0
256.5,1
257.0,0
262.25,1
262.5,0
269.5,1
269.75,0
270.5,1
270.75,0
271.75,1
272.0,0
273.0,1
273.75,0
274.25,1
274.5,0
274.75,1
275.25,0
275.5,1
278.0,0
278.25,1
278.75,0
279.0,1
279.5,0
279.75,1
280.0,0
280.25,1
281.0,0
284.5,1
284.75,0
295.5,1
296.0,0
297.0,1
298.0,0
298.25,1
298.75,0
299.0,1
300.0,0
300.25,1
301.5,0
301.75,1
303.75,0
304.0,1
304.5,0
304.75,1
305.25,0
308.0,1
308.25,0
368.75,1
371.0,0
371.25,1
372.25,0
372.75,1
373.5,0
374.0,1
376.75,0
382.0,1
382.25,0
393.0,1
394.5,0
394.75,1
395.0,0
395.25,1
395.75,0
396.0,1
397.5,0
397.75,1
399.75,0
400.0,1
400.25,0
400.75,1
401.0,0
438.5,1
438.75,0
439.75,1
440.0,0
441.0,1
441.25,0
441.5,1
443.5,0
444.0,1
445.25,0
445.5,1
447.0,0
447.25,1
449.25,0
449.5,1
449.75,0
462.0,1
462.25,0
462.75,1
463.25,0
465.0,1
465.5,0
466.5,1
467.5,0
467.75,1
468.75,0
469.25,1
469.5,0
469.75,1
471.0,0
471.25,1
473.5,0
533.75,1
534.0,0
535.5,1
535.75,0
537.25,1
538.0,0
538.25,1
539.0,0
539.25,1
540.75,0
541.0,1
542.0,0
542.5,1
545.5,0
557.5,1
557.75,0
560.5,1
561.5,0
561.75,1
564.25,0
564.5,1
564.75,0
565.5,1
565.75,0
566.5,1
569.0,0
571.25,1
571.5,0
573.75,1
574.0,0
583.25,1
583.5,0
584.25,1
584.5,0
584.75,1
585.0,0
585.5,1
586.75,0
587.0,1
589.5,0
589.75,1
590.0,0
590.25,1
590.5,0
590.75,1
591.25,0
591.5,1
592.0,0
592.25,1
592.5,0
592.75,1
593.0,0
597.75,1
598.0,0
608.75,1
610.0,0
610.25,1
613.25,0
613.5,1
614.0,0
614.25,1
614.75,0
615.25,1
615.5,0
616.0,1
617.25,0
630.75,1
631.0,0
633.25,1
633.75,0
634.0,1
637.75,0
638.0,1
638.5,0
638.75,1
639.0,0
639.25,1
640.25,0
640.5,1
641.25,0
644.0,1
644.25,0
645.0,1
645.25,0
646.0,1
646.25,0
703.5,1
703.75,0
704.25,1
704.5,0
705.0,1
705.5,0
705.75,1
706.5,0
706.75,1
708.0,0
708.25,1
709.25,0
709.5,1
710.5,0
710.75,1
711.5,0
711.75,1
712.25,0
716.5,1
716.75,0
729.0,1
729.25,0
730.0,1
730.25,0
730.75,1
734.75,0
735.0,1
735.25,0
735.5,1
736.5,0
736.75,1
737.25,0
740.5,1
740.75,0
750.25,1
750.5,0
750.75,1
751.0,0
751.25,1
751.5,0
752.75,1
753.0,0
753.25,1
753.75,0
754.0,1
755.25,0
755.75,1
756.5,0
756.75,1
757.0,0
757.25,1
758.0,0
758.25,1
758.75,0
759.0,1
759.5,0
759.75,1
760.25,0
760.5,1
761.5,0
774.0,1
774.25,0
776.5,1
777.5,0
777.75,1
778.75,0
779.25,1
779.5,0
779.75,1
780.5,0
780.75,1
781.0,0
781.25,1
782.75,0
783.0,1
783.5,0
783.75,1
785.25,0
798.5,1
798.75,0
799.25,1
799.5,0
800.5,1
801.5,0
801.75,1
803.5,0
803.75,1
804.75,0
805.25,1
805.75,0
806.0,1
809.25,0
809.75,1
810.0,0
871.25,1
871.5,0
872.25,1
872.5,0
873.25,1
873.5,0
873.75,1
874.75,0
875.0,1
875.25,0
875.5,1
875.75,0
876.75,1
877.25,0
877.75,1
878.0,0
878.25,1
880.25,0
880.75,1
881.0,0
881.25,1
881.5,0
894.0,1
894.25,0
895.5,1
895.75,0
896.5,1
896.75,0
897.75,1
898.0,0
898.5,1
899.0,0
899.5,1
900.0,0
900.5,1
900.75,0
901.25,1
903.25,0
903.5,1
904.0,0
904.25,1
904.5,0
904.75,1
905.25,0
918.25,1
918.5,0
919.5,1
919.75,0
920.75,1
921.0,0
921.25,1
921.5,0
921.75,1
922.75,0
923.0,1
924.0,0
924.25,1
925.0,0
925.25,1
926.0,0
926.5,1
927.5,0
927.75,1
928.5,0
928.75,1
929.0,0
929.25,1
929.5,0
942.75,1
943.0,0
945.25,1
946.25,0
946.5,1
947.75,0
948.25,1
948.75,0
949.0,1
949.25,0
949.5,1
949.75,0
950.0,1
952.0,0
952.25,1
953.25,0
958.0,1
958.25,0
966.0,1
966.25,0
967.0,1
967.25,0
969.75,1
972.0,0
972.5,1
972.75,0
973.0,1
974.5,0
975.0,1
975.25,0
975.5,1
975.75,0
976.0,1
976.75,0
977.0,1
977.25,0
1041.0,1
1043.25,0
1043.5,1
1044.5,0
1044.75,1
1046.25,0
1046.5,1
1046.75,0
1047.25,1
1047.5,0
1047.75,1
1048.75,0
1049.0,1
1049.25,0
1062.75,1
1063.25,0
1064.5,1
1065.0,0
1065.25,1
1065.5,0
1066.0,1
1066.25,0
1066.5,1
1067.5,0
1068.0,1
1069.0,0
1069.25,1
1069.5,0
1069.75,1
1071.0,0
1071.25,1
1072.0,0
1072.25,1
1072.5,0
1072.75,1
1073.75,0
1076.5,1
1076.75,0
1112.5,1
1116.0,0
1116.25,1
1117.5,0
1117.75,1
1118.75,0
1119.0,1
1119.75,0
1120.0,1
1121.0,0
1126.0,1
1126.25,0
1134.25,1
1134.75,0
1135.25,1
1135.5,0
1137.0,1
1137.5,0
1137.75,1
1138.75,0
1139.0,1
1139.25,0
1139.75,1
1140.5,0
1140.75,1
1141.25,0
1141.5,1
1142.25,0
1142.5,1
1145.5,0
1207.75,1
1208.0,0
1208.25,1
1211.0,0
1211.25,1
1212.0,0
1212.25,1
1213.25,0
1213.5,1
1216.25,0
1217.0,1
1217.5,0
1217.75,1
1218.0,0
1232.0,1
1232.25,0
1233.25,1
1233.5,0
1234.0,1
1234.25,0
1234.5,1
1235.75,0
1236.25,1
1237.0,0
1237.25,1
1239.5,0
1239.75,1
1241.0,0
1241.25,1
1241.75,0
1245.0,1
1245.25,0
1245.5,1
1245.75,0
1254.25,1
1254.5,0
1254.75,1
1255.0,0
1256.5,1
1256.75,0
1257.25,1
1257.5,0
1257.75,1
1260.0,0
1260.25,1
1260.75,0
1261.0,1
1262.5,0
1263.0,1
1263.5,0
1263.75,1
1264.0,0
1264.25,1
1264.75,0
1265.25,1
1265.5,0
1265.75,1
1266.0,0
1269.75,1
1270.0,0
1278.5,1
1278.75,0
1279.0,1
1279.25,0
1280.75,1
1281.5,0
1281.75,1
1282.0,0
1282.25,1
1283.5,0
1283.75,1
1284.75,0
1285.0,1
1285.75,0
1286.75,1
1288.0,0
1288.25,1
1288.5,0
1288.75,1
1289.0,0
1289.5,1
1289.75,0
1293.75,1
1294.0,0
1303.75,1
1304.0,0
1304.75,1
1305.75,0
1306.0,1
1306.5,0
1306.75,1
1307.5,0
1307.75,1
1308.0,0
1308.25,1
1310.0,0
1310.25,1
1311.0,0
1311.25,1
1313.25,0
1374.75,1
1375.0,0
1376.75,1
1377.0,0
1377.25,1
1377.5,0
1378.0,1
1379.25,0
1379.5,1
1380.75,0
1381.0,1
1381.25,0
1381.75,1
1382.5,0
1382.75,1
1384.75,0
1385.0,1
1385.25,0
1389.5,1
1389.75,0
1398.5,1
1399.0,0
1399.5,1
1399.75,0
1400.75,1
1401.0,0
1401.25,1
1402.0,0
1402.25,1
1402.5,0
1402.75,1
1403.0,0
1403.25,1
1403.5,0
1403.75,1
1404.75,0
1405.25,1
1405.5,0
1405.75,1
1406.25,0
1406.75,1
1407.0,0
1407.25,1
1407.75,0
1408.0,1
1409.25,0
1409.75,1
1410.0,0
1424.75,1
1425.25,0
1425.75,1
1427.0,0
1427.25,1
1428.75,0
1429.0,1
1430.75,0
1431.0,1
1432.25,0
1432.5,1
1432.75,0
1433.0,1
1433.25,0
1447.5,1
1448.0,0
1449.0,1
1449.75,0
1450.25,1
1450.75,0
1451.0,1
1451.5,0
1452.0,1
1452.25,0
1452.5,1
1454.0,0
1454.25,1
1454.75,0
1455.0,1
1457.0,0
1459.75,1
1460.0,0
1461.25,1
1461.5,0
1470.5,1
1470.75,0
1471.0,1
1471.25,0
1472.5,1
1474.5,0
1474.75,1
1475.5,0
1476.0,1
1477.0,0
1477.25,1
1480.0,0
1480.25,1
1480.75,0
1481.0,1
1481.25,0
1542.25,1
1542.5,0
1545.0,1
1546.25,0
1546.75,1
1548.0,0
1548.5,1
1550.0,0
1550.5,1
1551.0,0
1551.25,1
1552.0,0
1552.25,1
1552.5,0
1553.0,1
1553.5,0
1568.0,1
1568.25,0
1568.75,1
1569.0,0
1570.0,1
1572.25,0
1572.75,1
1574.0,0
1574.25,1
1575.25,0
1575.5,1
1576.0,0
1576.25,1
1576.5,0
1576.75,1
1577.25,0
1577.5,1
1577.75,0
1590.25,1
1590.5,0
1592.75,1
1593.0,0
1593.25,1
1596.25,0
1596.5,1
1597.25,0
1597.5,1
1597.75,0
1598.0,1
1599.5,0
1599.75,1
1600.0,0
1600.25,1
1600.5,0
1600.75,1
1601.0,0
1615.0,1
1615.25,0
1616.5,1
1617.0,0
1617.25,1
1622.0,0
1622.25,1
1622.75,0
1623.0,1
1623.5,0
1623.75,1
1624.25,0
1624.5,1
1625.0,0
1625.25,1
1625.75,0
1640.0,1
1640.25,0
1640.75,1
1641.5,0
1641.75,1
1642.0,0
1642.25,1
1644.5,0
1644.75,1
1645.75,0
1646.0,1
1646.25,0
1646.5,1
1646.75,0
1647.25,1
1648.25,0
1648.5,1
1649.75,0
1653.25,1
1653.5,0
1710.0,1
1710.25,0
1712.0,1
1712.75,0
1713.75,1
1717.0,0
1717.25,1
1720.25,0
1720.5,1
1720.75,0
1721.0,1
1721.25,0
1721.5,1
1721.75,0
1725.25,1
1725.5,0
1734.25,1
1734.5,0
1736.25,1
1736.75,0
1737.25,1
1737.5,0
1737.75,1
1738.25,0
1738.5,1
1739.0,0
1739.25,1
1740.25,0
1740.5,1
1741.5,0
1742.0,1
1742.75,0
1743.0,1
1743.75,0
1744.0,1
1744.25,0
1744.5,1
1745.0,0
1745.25,1
1745.5,0
1747.5,1
1747.75,0
1749.0,1
1749.25,0
1761.0,1
1762.0,0
1762.25,1
1763.75,0
1764.0,1
1767.0,0
1767.25,1
1767.5,0
1768.0,1
1768.5,0
1768.75,1
1769.25,0
1783.75,1
1784.0,0
1784.75,1
1785.0,0
1785.25,1
1785.5,0
1785.75,1
1786.5,0
1786.75,1
1787.25,0
1787.5,1
1788.0,0
1788.5,1
1789.0,0
1789.25,1
1790.75,0
1791.0,1
1792.0,0
1792.25,1
1793.25,0
1798.0,1
1798.25,0
1807.25,1
1807.5,0
1808.5,1
1809.0,0
1809.25,1
1809.75,0
1810.0,1
1811.0,0
1811.25,1
1813.0,0
1813.25,1
1816.5,0
1816.75,1
1817.0,0
1817.25,1
1817.5,0
1878.0,1
1878.25,0
1880.75,1
1881.0,0
1881.25,1
1882.0,0
1882.25,1
1884.0,0
1884.25,1
1884.5,0
1884.75,1
1885.5,0
1885.75,1
1886.5,0
1886.75,1
1887.25,0
1887.5,1
1888.5,0
1888.75,1
1889.0,0
1903.25,1
1903.5,0
1905.0,1
1905.25,0
1905.5,1
1905.75,0
1906.25,1
1906.75,0
1907.25,1
1908.0,0
1908.25,1
1908.75,0
1909.25,1
1909.75,0
1910.0,1
1910.5,0
1910.75,1
1911.0,0
1911.5,1
1912.0,0
1912.25,1
1912.5,0
1928.25,1
1928.5,0
1929.0,1
1929.5,0
1929.75,1
1932.0,0
1932.5,1
1933.25,0
1933.5,1
1935.0,0
1935.25,1
1935.5,0
1936.25,1
1936.75,0
1937.0,1
1937.25,0
1950.75,1
1951.0,0
1953.25,1
1954.0,0
1954.25,1
1954.5,0
1954.75,1
1956.5,0
1956.75,1
1957.75,0
1958.0,1
1958.5,0
1959.25,1
1961.25,0
1974.25,1
1974.5,0
1975.25,1
1975.5,0
1976.25,1
1976.75,0
1977.25,1
1977.75,0
1978.0,1
1978.25,0
1978.5,1
1979.0,0
1979.25,1
1982.0,0
1982.25,1
1984.75,0
2046.75,1
2047.0,0
2048.75,1
2049.25,0
2050.0,1
2051.25,0
2051.75,1
2052.25,0
2052.75,1
2054.75,0
2055.75,1
2056.5,0
2057.0,1
2057.25,0
2073.25,1
2073.75,0
2074.0,1
2074.5,0
2074.75,1
2075.25,0
2075.75,1
2078.25,0
2078.5,1
2080.0,0
2081.25,1
2081.5,0
2085.75,1
2086.0,0
2093.75,1
2094.0,0
2095.5,1
2095.75,0
2097.0,1
2100.0,0
2100.25,1
2100.75,0
2101.25,1
2102.25,0
2102.5,1
2103.5,0
2103.75,1
2104.25,0
2104.5,1
2104.75,0
2118.25,1
2118.5,0
2119.75,1
2120.0,0
2120.25,1
2120.5,0
2121.0,1
2121.5,0
2121.75,1
2122.0,0
2122.25,1
2122.5,0
2122.75,1
2124.25,0
2124.5,1
2128.5,0
2132.5,1
2132.75,0
2133.5,1
2133.75,0
2142.0,1
2142.25,0
2143.75,1
2144.25,0
2145.0,1
2145.5,0
2145.75,1
2146.0,0
2146.25,1
2148.0,0
2148.25,1
2149.0,0
2149.25,1
2149.75,0
2150.0,1
2150.75,0
2151.0,1
2152.25,0
2152.5,1
2152.75,0
2153.5,1
2153.75,0
2156.75,1
2157.0,0
2214.5,1
2214.75,0
2215.0,1
2215.25,0
2216.75,1
2217.25,0
2217.5,1
2220.0,0
2220.25,1
2221.5,0
2221.75,1
2222.25,0
2222.5,1
2225.5,0
2239.75,1
2240.0,0
2241.25,1
2242.5,0
2243.0,1
2245.25,0
2245.75,1
2246.25,0
2246.5,1
2246.75,0
2247.0,1
2247.25,0
2247.5,1
2248.5,0
2248.75,1
2249.0,0
2252.5,1
2252.75,0
2265.0,1
2265.25,0
2265.5,1
2265.75,0
2266.0,1
2268.0,0
2268.5,1
2270.25,0
2270.5,1
2271.0,0
2271.25,1
2273.0,0
2273.25,1
2273.75,0
2276.0,1
2276.25,0
2276.75,1
2277.0,0
2287.5,1
2287.75,0
2288.25,1
2288.5,0
2288.75,1
2290.25,0
2290.5,1
2290.75,0
2291.25,1
2292.25,0
2292.5,1
2293.75,0
2294.0,1
2295.25,0
2295.5,1
2296.5,0
2296.75,1
2297.0,0
2302.0,1
2302.25,0
2312.25,1
2312.5,0
2312.75,1
2316.75,0
2317.5,1
2318.0,0
2318.25,1
2319.5,0
2319.75,1
2320.25,0
2320.5,1
2321.0,0
2325.5,1
2325.75,0
2383.0,1
2383.25,0
2384.75,1
2385.25,0
2385.5,1
2386.5,0
2386.75,1
2388.0,0
2388.75,1
2390.25,0
2390.5,1
2390.75,0
2391.0,1
2391.25,0
2391.5,1
2392.0,0
2392.25,1
2393.0,0
2407.0,1
2407.25,0
2407.75,1
2408.5,0
2409.0,1
2415.5,0
2415.75,1
2416.5,0
2416.75,1
2417.25,0
2417.75,1
2418.0,0
2432.5,1
2433.0,0
2433.5,1
2434.5,0
2434.75,1
2435.25,0
2435.5,1
2436.0,0
2436.25,1
2437.25,0
2437.5,1
2438.0,0
2438.25,1
2441.25,0
2457.0,1
2457.25,0
2457.5,1
2460.0,0
2460.75,1
2462.0,0
2462.25,1
2462.5,0
2462.75,1
2463.75,0
2464.0,1
2464.75,0
2465.5,1
2465.75,0
2479.5,1
2479.75,0
2481.0,1
2483.75,0
2484.5,1
2486.75,0
2487.25,1
2487.5,0
2487.75,1
2489.5,0
2492.0,1
2492.5,0
2493.0,1
2493.25,0
2550.5,1
2550.75,0
2553.0,1
2553.25,0
2553.5,1
2553.75,0
2554.0,1
2554.25,0
2554.5,1
2557.0,0
2557.25,1
2557.75,0
2558.0,1
2559.75,0
2560.0,1
2561.25,0
2575.0,1
2575.25,0
2575.5,1
2575.75,0
2577.0,1
2580.25,0
2580.5,1
2585.5,0
2589.5,1
2589.75,0
2599.0,1
2599.5,0
2599.75,1
2600.0,0
2601.5,1
2604.5,0
2604.75,1
2605.25,0
2605.5,1
2606.75,0
2607.25,1
2608.25,0
2608.5,1
2608.75,0
2609.0,1
2609.25,0
2623.5,1
2623.75,0
2624.0,1
2624.25,0
2624.75,1
2625.0,0
2625.25,1
2625.5,0
2626.0,1
2627.25,0
2627.5,1
2628.25,0
2628.5,1
2629.5,0
2629.75,1
2632.0,0
2632.25,1
2632.5,0
2632.75,1
2633.25,0
2646.25,1
2646.5,0
2647.25,1
2647.5,0
2649.5,1
2649.75,0
2650.0,1
2652.25,0
2652.5,1
2653.0,0
2653.25,1
2653.5,0
2654.25,1
2654.5,0
2654.75,1
2655.0,0
2655.25,1
2655.5,0
2655.75,1
2656.5,0
2718.25,1
2718.5,0
2719.5,1
2719.75,0
2720.5,1
2722.5,0
2722.75,1
2726.5,0
2726.75,1
2727.0,0
2727.25,1
2727.75,0
2728.0,1
2728.5,0
2729.0,1
2729.75,0
2733.0,1
2733.25,0
2742.0,1
2742.25,0
2743.0,1
2743.25,0
2743.5,1
2743.75,0
2745.25,1
2745.75,0
2746.0,1
2747.0,0
2747.25,1
2749.5,0
2749.75,1
2752.25,0
2752.5,1
2753.25,0
2767.25,1
2767.5,0
2767.75,1
2768.25,0
2769.0,1
2771.5,0
2771.75,1
2772.0,0
2772.25,1
2773.0,0
2773.25,1
2777.25,0
2781.5,1
2781.75,0
2791.0,1
2791.25,0
2793.0,1
2796.75,0
2797.0,1
2797.5,0
2797.75,1
2798.0,0
2798.25,1
2798.5,0
2799.25,1
2799.5,0
2799.75,1
2801.0,0
2806.0,1
2806.25,0
2814.25,1
2814.5,0
2815.0,1
2815.5,0
2816.0,1
2816.5,0
2816.75,1
2817.25,0
2817.5,1
2818.0,0
2818.25,1
2818.75,0
2819.0,1
2820.0,0
2820.25,1
2824.0,0
2824.75,1
2825.0,0
2887.25,1
2887.75,0
2889.0,1
2891.75,0
2892.0,1
2892.75,0
2893.0,1
2894.0,0
2894.5,1
2896.0,0
2896.25,1
2896.75,0
2900.0,1
2900.25,0
2912.5,1
2912.75,0
2913.0,1
2913.5,0
2913.75,1
2914.5,0
2914.75,1
2915.0,0
2915.25,1
2916.75,0
2917.0,1
2917.5,0
2918.0,1
2918.25,0
2918.75,1
2919.0,0
2919.25,1
2919.75,0
2920.0,1
2921.0,0
2934.75,1
2935.0,0
2935.75,1
2936.25,0
2937.0,1
2937.5,0
2937.75,1
2939.75,0
2940.0,1
2941.0,0
2941.75,1
2942.25,0
2942.5,1
2942.75,0
2943.0,1
2943.25,0
2943.5,1
2943.75,0
2944.25,1
2944.5,0
2944.75,1
2945.0,0
2945.75,1
2946.0,0
2959.25,1
2959.5,0
2960.0,1
2960.25,0
2960.75,1
2961.0,0
2961.25,1
2961.5,0
2961.75,1
2962.5,0
2962.75,1
2963.5,0
2963.75,1
2965.5,0
2965.75,1
2966.25,0
2966.5,1
2968.75,0
2969.0,1
2969.25,0
2971.75,1
2972.0,0
2981.5,1
2981.75,0
2982.75,1
2983.0,0
2985.0,1
2986.25,0
2986.5,1
2987.75,0
2988.25,1
2989.5,0
2989.75,1
2990.0,0
2990.25,1
2993.5,0
2993.75,1
2994.0,0
3057.25,1
3057.5,0
3058.0,1
3058.25,0
3058.75,1
3060.0,0
3060.25,1
3062.0,0
3062.25,1
3062.5,0
3063.5,1
3064.5,0
3064.75,1
3065.75,0
3076.5,1
3076.75,0
3077.5,1
3077.75,0
3080.75,1
3081.0,0
3081.25,1
3081.5,0
3082.0,1
3086.0,0
3086.25,1
3088.0,0
3088.75,1
3089.0,0
3104.25,1
3104.75,0
3105.25,1
3105.5,0
3105.75,1
3106.25,0
3106.75,1
3108.75,0
3109.0,1
3110.5,0
3110.75,1
3111.0,0
3111.25,1
3111.5,0
3111.75,1
3112.75,0
3116.25,1
3116.5,0
3117.75,1
3118.25,0
3127.75,1
3128.0,0
3128.25,1
3128.75,0
3129.0,1
3129.25,0
3129.5,1
3130.0,0
3130.25,1
3132.75,0
3133.0,1
3133.25,0
3133.75,1
3136.0,0
3136.75,1
3137.25,0
3138.0,1
3138.25,0
3142.0,1
3142.25,0
3151.75,1
3152.0,0
3152.5,1
3153.0,0
3153.25,1
3153.5,0
3153.75,1
3154.0,0
3154.25,1
3154.5,0
3154.75,1
3155.75,0
3156.0,1
3157.0,0
3157.25,1
3157.5,0
3157.75,1
3158.0,0
3158.25,1
3159.0,0
3159.25,1
3159.5,0
3159.75,1
3160.25,0
3160.5,1
3161.0,0
3225.0,1
3226.75,0
3227.0,1
3228.5,0
3228.75,1
3230.0,0
3230.25,1
3230.5,0
3230.75,1
3231.25,0
3231.5,1
3233.5,0
3236.25,1
3236.5,0
3245.75,1
3246.0,0
3247.0,1
3247.25,0
3248.0,1
3248.25,0
3248.75,1
3250.0,0
3250.5,1
3251.0,0
3251.25,1
3251.75,0
3252.0,1
3252.5,0
3252.75,1
3254.75,0
3255.25,1
3255.75,0
3256.0,1
3257.0,0
3260.25,1
3260.5,0
3271.5,1
3271.75,0
3272.75,1
3273.0,0
3273.25,1
3273.75,0
3274.25,1
3275.25,0
3275.5,1
3277.0,0
3277.5,1
3278.25,0
3278.75,1
3279.0,0
3279.25,1
3279.5,0
3279.75,1
3280.75,0
3281.25,1
3281.5,0
3294.0,1
3294.25,0
3295.75,1
3296.0,0
3297.5,1
3298.0,0
3298.5,1
3300.25,0
3300.5,1
3302.0,0
3302.25,1
3303.5,0
3303.75,1
3304.0,0
3304.75,1
3305.25,0
3318.5,1
3318.75,0
3320.75,1
3321.0,0
3321.5,1
3323.75,0
3324.0,1
3329.75,0
3390.25,1
3390.75,0
3391.5,1
3391.75,0
3393.0,1
3394.75,0
3395.0,1
3397.0,0
3397.25,1
3398.25,0
3398.5,1
3400.0,0
3400.25,1
3400.75,0
3414.25,1
3414.5,0
3416.0,1
3416.25,0
3416.75,1
3419.0,0
3419.5,1
3420.75,0
3421.0,1
3424.25,0
3424.75,1
3425.0,0
3428.0,1
3428.25,0
3429.75,1
3430.0,0
3440.25,1
3440.5,0
3441.0,1
3441.75,0
3442.0,1
3442.5,0
3442.75,1
3443.75,0
3444.0,1
3444.5,0
3444.75,1
3445.25,0
3446.0,1
3446.75,0
3447.0,1
3448.75,0
3462.75,1
3463.0,0
3464.5,1
3464.75,0
3465.25,1
3468.0,0
3468.5,1
3471.25,0
3471.5,1
3472.25,0
3472.75,1
3473.0,0
3486.75,1
3487.0,0
3487.25,1
3487.75,0
3489.5,1
3490.75,0
3491.0,1
3491.25,0
3491.5,1
3492.25,0
3492.5,1
3493.5,0
3493.75,1
3494.5,0
3494.75,1
3496.75,0
3497.5,1
3498.0,0
3558.0,1
3558.25,0
3560.25,1
3560.5,0
3560.75,1
3561.25,0
3561.5,1
3562.75,0
3563.0,1
3563.25,0
3563.5,1
3564.25,0
3564.75,1
3566.5,0
3566.75,1
3569.25,0
3607.25,1
3607.5,0
3608.0,1
3608.25,0
3608.5,1
3609.5,0
3609.75,1
3611.0,0
3611.25,1
3613.5,0
3613.75,1
3614.25,0
3614.5,1
3615.75,0
3616.25,1
3617.0,0
3617.5,1
3617.75,0
3618.25,1
3618.5,0
3629.25,1
3629.5,0
3630.25,1
3630.5,0
3631.75,1
3632.5,0
3632.75,1
3633.0,0
3633.5,1
3634.0,0
3634.5,1
3635.0,0
3635.75,1
3637.25,0
3637.5,1
3638.0,0
3638.25,1
3638.75,0
3639.0,1
3640.5,0
3640.75,1
3641.0,0
3653.75,1
3654.0,0
3657.5,1
3658.5,0
3658.75,1
3659.75,0
3660.0,1
3661.5,0
3661.75,1
3662.25,0
3662.5,1
3665.0,0
3726.0,1
3726.25,0
3727.25,1
3727.5,0
3728.25,1
3728.5,0
3729.0,1
3729.25,0
3729.5,1
3730.75,0
3731.0,1
3731.75,0
3732.0,1
3732.75,0
3733.0,1
3736.5,0
3736.75,1
3737.0,0
3737.25,1
3737.5,0
3750.75,1
3751.0,0
3752.5,1
3753.0,0
3753.5,1
3757.0,0
3757.25,1
3758.75,0
3759.25,1
3759.5,0
3759.75,1
3760.25,0
3760.5,1
3761.0,0
3777.0,1
3777.75,0
3778.0,1
3778.25,0
3778.5,1
3780.75,0
3781.25,1
3782.75,0
3783.0,1
3785.0,0
3785.25,1
3785.5,0
3800.25,1
3800.5,0
3800.75,1
3803.5,0
3803.75,1
3805.75,0
3806.0,1
3806.25,0
3806.5,1
3807.25,0
3807.75,1
3809.0,0
3809.25,1
3809.5,0
3813.75,1
3814.0,0
3824.75,1
3825.0,0
3825.25,1
3828.25,0
3828.5,1
3828.75,0
3829.0,1
3829.75,0
3830.25,1
3831.5,0
3831.75,1
3832.75,0
3895.25,1
3895.5,0
3896.0,1
3896.25,0
3897.25,1
3897.5,0
3897.75,1
3899.5,0
3899.75,1
3903.5,0
3903.75,1
3905.0,0
3905.25,1
3905.5,0
3907.75,1
3908.25,0
3921.25,1
3921.75,0
3922.0,1
3922.5,0
3922.75,1
3924.25,0
3924.5,1
3925.0,0
3925.25,1
3926.5,0
3927.0,1
3927.5,0
3927.75,1
3928.75,0
3929.0,1
3929.25,0
3932.5,1
3932.75,0
3933.75,1
3934.0,0
3943.25,1
3943.5,0
3944.5,1
3944.75,0
3945.0,1
3945.25,0
3945.5,1
3946.25,0
3946.5,1
3948.0,0
3948.25,1
3948.5,0
3948.75,1
3950.75,0
3951.0,1
3951.5,0
3952.0,1
3953.25,0
3953.5,1
3953.75,0
3958.5,1
3958.75,0
3965.75,1
3966.0,0
3969.0,1
3972.75,0
3973.5,1
3975.75,0
3976.5,1
3977.0,0
3981.5,1
3981.75,0
3990.0,1
3990.25,0
3992.75,1
3995.25,0
3995.75,1
3996.25,0
3996.5,1
3997.0,0
3997.25,1
3997.5,0
3997.75,1
3998.5,0
3998.75,1
4001.0,0
4001.5,1
4001.75,0
4003.75,1
4004.0,0
4005.0,1
4005.25,0
4062.5,1
4062.75,0
4064.25,1
4064.5,0
4065.25,1
4067.25,0
4067.75,1
4069.75,0
4070.25,1
4071.0,0
4071.25,1
4073.0,0
4073.25,1
4073.5,0
4076.75,1
4077.0,0
4089.0,1
4089.25,0
4089.5,1
4090.25,0
4090.5,1
4091.75,0
4092.0,1
4092.25,0
4093.0,1
4093.5,0
4093.75,1
4095.5,0
4095.75,1
4096.75,0
4097.0,1
4097.5,0
4113.5,1
4115.5,0
4115.75,1
4117.25,0
4117.5,1
4118.5,0
4118.75,1
4119.0,0
4119.25,1
4120.25,0
4120.5,1
4120.75,0
4121.25,1
4121.5,0
4136.5,1
4136.75,0
4137.0,1
4137.25,0
4137.75,1
4141.0,0
4141.25,1
4142.75,0
4143.0,1
4144.75,0
4145.25,1
4145.5,0
4160.75,1
4161.0,0
4161.5,1
4161.75,0
4162.0,1
4165.0,0
4165.25,1
4166.0,0
4166.25,1
4167.5,0
4168.0,1
4168.75,0
4169.0,1
4169.25,0
4172.25,1
4172.5,0
4231.75,1
4232.0,0
4232.75,1
4233.5,0
4233.75,1
4234.5,0
4234.75,1
4237.75,0
4238.0,1
4238.5,0
4238.75,1
4239.5,0
4240.0,1
4241.0,0
4241.5,1
4241.75,0
4244.75,1
4245.0,0
4245.75,1
4246.25,0
4255.5,1
4255.75,0
4256.75,1
4257.0,0
4257.25,1
4257.5,0
4257.75,1
4258.0,0
4258.5,1
4259.75,0
4260.25,1
4261.25,0
4261.5,1
4262.0,0
4262.5,1
4263.75,0
4264.0,1
4264.75,0
4265.0,1
4265.25,0
4278.5,1
4278.75,0
4280.0,1
4280.25,0
4280.5,1
4281.0,0
4281.25,1
4282.0,0
4282.25,1
4285.0,0
4285.25,1
4286.75,0
4287.0,1
4288.0,0
4288.25,1
4288.75,0
4303.75,1
4304.0,0
4305.0,1
4305.25,0
4305.5,1
4310.5,0
4310.75,1
4311.0,0
4311.25,1
4311.5,0
4311.75,1
4312.75,0
4313.25,1
4313.5,0
4326.25,1
4326.5,0
4329.0,1
4329.5,0
4330.0,1
4331.25,0
4331.5,1
4332.0,0
4332.25,1
4332.75,0
4333.0,1
4333.75,0
4334.25,1
4335.5,0
4335.75,1
4336.5,0
4336.75,1
4337.25,0
4400.75,1
4401.75,0
4402.0,1
4404.25,0
4404.75,1
4405.75,0
4406.0,1
4406.5,0
4406.75,1
4407.0,0
4407.25,1
4408.5,0
4408.75,1
4409.0,0
4409.25,1
4409.5,0
4445.5,1
4445.75,0
4446.5,1
4446.75,0
4447.0,1
4447.5,0
4448.0,1
4448.25,0
4448.5,1
4449.5,0
4449.75,1
4450.0,0
4450.25,1
4451.0,0
4451.25,1
4452.25,0
4452.5,1
4452.75,0
4453.0,1
4454.0,0
4454.25,1
4457.0,0
4469.25,1
4469.5,0
4473.0,1
4475.0,0
4475.25,1
4475.75,0
4476.0,1
4477.75,0
4478.0,1
4478.75,0
4479.0,1
4480.0,0
4480.25,1
4480.75,0
4481.25,1
4481.5,0
4495.5,1
4496.5,0
4497.0,1
4498.25,0
4498.5,1
4499.0,0
4499.25,1
4500.0,0
4500.5,1
4501.0,0
4502.0,1
4503.5,0
4503.75,1
4504.75,0
4505.0,1
4505.75,0
4566.25,1
4566.5,0
4568.5,1
4568.75,0
4569.0,1
4569.5,0
4569.75,1
4573.25,0
4573.75,1
4574.0,0
4574.5,1
4575.0,0
4575.25,1
4575.5,0
4575.75,1
4577.0,0
4577.5,1
4577.75,0
4592.25,1
4592.75,0
4593.25,1
4594.25,0
4594.5,1
4595.25,0
4595.5,1
4597.5,0
4597.75,1
4598.0,0
4598.25,1
4598.75,0
4599.0,1
4601.0,0
4604.0,1
4604.25,0
4605.25,1
4605.5,0
4614.0,1
4614.25,0
4617.0,1
4617.25,0
4617.5,1
4618.0,0
4618.25,1
4619.25,0
4619.5,1
4619.75,0
4620.5,1
4620.75,0
4621.0,1
4623.0,0
4623.25,1
4624.5,0
4625.25,1
4625.75,0
4628.25,1
4628.5,0
4640.5,1
4641.0,0
4641.25,1
4642.25,0
4642.5,1
4643.25,0
4643.5,1
4644.25,0
4644.5,1
4645.25,0
4645.5,1
4646.0,0
4646.25,1
4647.0,0
4647.25,1
4649.0,0
4662.75,1
4663.0,0
4664.75,1
4665.25,0
4665.75,1
4669.75,0
4670.0,1
4670.5,0
4671.0,1
4671.75,0
4672.0,1
4673.0,0
4676.5,1
4676.75,0
4734.75,1
4735.0,0
4737.0,1
4737.25,0
4737.75,1
4738.0,0
4738.25,1
4739.5,0
4740.0,1
4745.0,0
4747.75,1
4748.0,0
4760.25,1
4760.75,0
4761.5,1
4762.0,0
4762.25,1
4763.25,0
4763.5,1
4764.25,0
4764.5,1
4765.5,0
4766.0,1
4766.5,0
4766.75,1
4767.5,0
4767.75,1
4768.25,0
4768.5,1
4769.5,0
4782.75,1
4783.0,0
4784.75,1
4785.0,0
4785.5,1
4788.0,0
4788.25,1
4789.5,0
4789.75,1
4790.75,0
4791.0,1
4792.5,0
4792.75,1
4793.0,0
4793.25,1
4793.75,0
4808.0,1
4808.25,0
4809.25,1
4809.5,0
4809.75,1
4814.0,0
4814.75,1
4815.75,0
4816.0,1
4816.75,0
4817.75,1
4818.0,0
4820.75,1
4821.0,0
4821.5,1
4821.75,0
4830.0,1
4830.25,0
4833.0,1
4833.25,0
4833.75,1
4834.0,0
4834.25,1
4834.5,0
4834.75,1
4839.5,0
4839.75,1
4840.25,0
4841.0,1
4841.5,0
4845.25,1
4845.5,0
4846.0,1
4846.25,0
4903.5,1
4904.0,0
4904.25,1
4904.75,0
4905.25,1
4905.75,0
4906.0,1
4906.25,0
4906.5,1
4907.0,0
4907.25,1
4908.75,0
4909.0,1
4909.75,0
4910.25,1
4913.5,0
4926.75,1
4927.0,0
4928.25,1
4928.75,0
4929.0,1
4931.0,0
4931.25,1
4932.25,0
4932.75,1
4933.0,0
4933.5,1
4934.0,0
4934.25,1
4934.75,0
4935.0,1
4935.5,0
4935.75,1
4936.25,0
4938.0,1
4938.25,0
4940.75,1
4941.0,0
4942.0,1
4942.25,0
4950.25,1
4950.5,0
4951.0,1
4951.25,0
4952.5,1
4953.0,0
4953.75,1
4954.75,0
4955.0,1
4956.75,0
4957.0,1
4958.5,0
4959.0,1
4960.75,0
4961.0,1
4961.25,0
4966.5,1
4966.75,0
4974.25,1
4974.5,0
4976.0,1
4976.25,0
4977.5,1
4978.5,0
4978.75,1
4979.0,0
4979.25,1
4979.75,0
4980.25,1
4980.75,0
4981.0,1
4981.75,0
4982.5,1
4983.0,0
4983.25,1
4983.5,0
4983.75,1
4985.0,0
4985.75,1
4986.0,0
4988.5,1
4988.75,0
4999.25,1
4999.5,0
5000.0,1
5001.75,0
5002.0,1
5003.25,0
5003.5,1
5005.5,0
5005.75,1
5007.5,0
5007.75,1
5009.5,0
5012.5,1
5012.75,0
5070.25,1
5070.5,0
5072.5,1
5072.75,0
5073.0,1
5074.75,0
5075.25,1
5076.0,0
5076.5,1
5077.75,0
5078.25,1
5078.75,0
5079.0,1
5080.25,0
5080.5,1
5081.25,0
5085.75,1
5086.0,0
5096.75,1
5097.0,0
5097.25,1
5100.75,0
5101.0,1
5101.75,0
5102.25,1
5102.5,0
5102.75,1
5105.0,0
5119.75,1
5120.0,0
5121.0,1
5121.5,0
5121.75,1
5122.75,0
5123.25,1
5123.5,0
5123.75,1
5124.25,0
5124.5,1
5125.25,0
5126.0,1
5127.5,0
5127.75,1
5129.5,0
5144.75,1
5146.75,0
5147.0,1
5147.75,0
5148.0,1
5148.75,0
5149.0,1
5150.0,0
5150.25,1
5151.0,0
5151.5,1
5153.0,0
5168.75,1
5171.0,0
5172.25,1
5173.75,0
5174.0,1
5175.25,0
5175.5,1
5176.0,0
5176.25,1
5176.5,0
5177.25,1
5177.5,0
5181.75,1
5182.0,0
5238.0,1
5238.25,0
5241.25,1
5245.5,0
5245.75,1
5246.0,0
5246.5,1
5248.25,0
5248.5,1
5249.0,0
5251.5,1
5251.75,0
5264.25,1
5264.5,0
5265.0,1
5265.25,0
5265.5,1
5265.75,0
5266.0,1
5266.25,0
5267.0,1
5267.25,0
5267.5,1
5268.0,0
5268.25,1
5268.5,0
5269.0,1
5269.5,0
5270.25,1
5271.5,0
5271.75,1
5272.25,0
5272.5,1
5273.0,0
5276.0,1
5276.25,0
5287.25,1
5287.5,0
5288.75,1
5291.75,0
5292.0,1
5292.5,0
5292.75,1
5293.75,0
5294.25,1
5296.25,0
5296.5,1
5297.0,0
5312.75,1
5313.5,0
5313.75,1
5314.0,0
5314.25,1
5315.5,0
5315.75,1
5316.25,0
5316.5,1
5316.75,0
5317.0,1
5318.0,0
5318.25,1
5318.5,0
5318.75,1
5320.25,0
5320.5,1
5321.5,0
5334.25,1
5334.5,0
5335.0,1
5335.25,0
5335.5,1
5335.75,0
5336.5,1
5336.75,0
5337.0,1
5338.25,0
5338.5,1
5339.25,0
5340.0,1
5341.0,0
5341.25,1
5342.5,0
5342.75,1
5343.25,0
5343.5,1
5343.75,0
5344.0,1
5345.5,0
5408.75,1
5409.25,0
5409.5,1
5410.25,0
5411.25,1
5411.75,0
5412.0,1
5413.5,0
5413.75,1
5414.75,0
5415.0,1
5415.75,0
5416.0,1
5416.75,0
5417.0,1
5417.25,0
5417.5,1
5417.75,0
5420.25,1
5420.5,0
5431.5,1
5431.75,0
5432.0,1
5432.5,0
5432.75,1
5433.0,0
5433.25,1
5434.0,0
5434.25,1
5435.0,0
5435.25,1
5436.0,0
5436.5,1
5438.0,0
5438.5,1
5439.25,0
5439.5,1
5439.75,0
5440.0,1
5441.75,0
5445.25,1
5445.5,0
5456.25,1
5456.75,0
5457.0,1
5457.5,0
5457.75,1
5458.75,0
5459.0,1
5461.0,0
5461.25,1
5461.75,0
5462.0,1
5463.0,0
5463.25,1
5463.5,0
5464.0,1
5465.25,0
5478.0,1
5478.25,0
5478.75,1
5479.0,0
5481.5,1
5482.75,0
5483.0,1
5484.0,0
5484.25,1
5484.75,0
5485.0,1
5486.0,0
5486.25,1
5487.25,0
5487.5,1
5488.0,0
5488.5,1
5489.0,0
5489.25,1
5489.75,0
5492.75,1
5493.0,0
5504.5,1
5505.25,0
5505.5,1
5506.0,0
5506.25,1
5507.5,0
5507.75,1
5508.0,0
5508.25,1
5509.25,0
5509.75,1
5510.5,0
5510.75,1
5511.0,0
5511.25,1
5513.25,0
5516.25,1
5516.5,0
5574.75,1
5575.0,0
5575.75,1
5576.0,0
5577.0,1
5577.5,0
5577.75,1
5580.25,0
5580.5,1
5581.25,0
5581.5,1
5582.75,0
5583.0,1
5583.5,0
5583.75,1
5584.75,0
5601.25,1
5604.0,0
5604.25,1
5604.5,0
5604.75,1
5605.0,0
5605.5,1
5607.25,0
5607.5,1
5608.5,0
5608.75,1
5609.0,0
5609.5,1
5609.75,0
5614.5,1
5614.75,0
5623.5,1
5623.75,0
5625.0,1
5625.25,0
5625.5,1
5628.25,0
5628.5,1
5628.75,0
5629.0,1
5629.25,0
5630.0,1
5630.5,0
5630.75,1
5631.25,0
5631.5,1
5631.75,0
5632.25,1
5633.0,0
5637.25,1
5637.5,0
5647.5,1
5647.75,0
5648.0,1
5648.25,0
5648.75,1
5649.5,0
5649.75,1
5652.5,0
5652.75,1
5653.0,0
5653.25,1
5654.25,0
5654.5,1
5655.5,0
5655.75,1
5657.5,0
5661.75,1
5662.0,0
5670.25,1
5670.5,0
5671.5,1
5672.0,0
5673.0,1
5674.25,0
5674.5,1
5674.75,0
5675.0,1
5676.75,0
5677.0,1
5677.25,0
5677.5,1
5677.75,0
5678.0,1
5678.75,0
5679.25,1
5679.75,0
5680.0,1
5680.25,0
5680.5,1
5681.25,0
5684.25,1
5684.5,0
5745.0,1
5747.75,0
5748.5,1
5750.0,0
5750.75,1
5752.75,0
5753.0,1
5753.5,0
5753.75,1
5754.0,0
5769.25,1
5769.75,0
5770.25,1
5771.0,0
5771.25,1
5772.5,0
5772.75,1
5773.0,0
5773.25,1
5773.5,0
5773.75,1
5775.5,0
5775.75,1
5776.75,0
5777.0,1
5777.25,0
5780.25,1
5780.5,0
5790.0,1
5790.25,0
5793.0,1
5794.25,0
5794.5,1
5797.5,0
5797.75,1
5798.5,0
5799.25,1
5799.5,0
5800.0,1
5800.25,0
5800.5,1
5800.75,0
5801.5,1
5801.75,0
5814.25,1
5814.5,0
5816.5,1
5817.0,0
5817.25,1
5819.25,0
5819.5,1
5820.25,0
5821.0,1
5822.25,0
5823.0,1
5823.75,0
5824.0,1
5825.25,0
5825.75,1
5826.0,0
5833.0,1
5833.25,0
5838.0,1
5838.25,0
5841.0,1
5845.0,0
5845.25,1
5846.0,0
5846.25,1
5847.75,0
5848.0,1
5849.5,0
5906.25,1
5906.5,0
5907.75,1
5908.0,0
5911.0,1
5911.25,0
5913.0,1
5913.25,0
5913.75,1
5916.0,0
5916.25,1
5916.75,0
5917.0,1
5919.0,0
5919.25,1
5919.5,0
5919.75,1
5920.75,0
5957.75,1
5958.0,0
5959.0,1
5959.25,0
5961.0,1
5963.5,0
5963.75,1
5965.5,0
5965.75,1
5967.0,0
5967.25,1
5968.5,0
5969.0,1
5969.5,0
5984.0,1
5984.25,0
5984.5,1
5984.75,0
5985.0,1
5987.75,0
5988.0,1
5988.5,0
5988.75,1
5989.25,0
5989.5,1
5990.75,0
5991.5,1
5992.25,0
5992.75,1
5993.0,0
6006.5,1
6006.75,0
6008.25,1
6008.5,0
6009.0,1
6010.75,0
6011.0,1
6012.25,0
6012.5,1
6013.0,0
6013.5,1
6014.75,0
6015.0,1
6015.75,0
6016.0,1
6017.0,0
6077.5,1
6077.75,0
6079.0,1
6079.25,0
6080.75,1
6081.0,0
6081.5,1
6083.0,0
6083.25,1
6083.75,0
6084.25,1
6084.75,0
6085.0,1
6088.25,0
6088.5,1
6088.75,0
6089.0,1
6089.25,0
6093.5,1
6093.75,0
6102.0,1
6102.25,0
6104.25,1
6104.75,0
6105.0,1
6105.25,0
6105.5,1
6105.75,0
6106.0,1
6108.25,0
6108.5,1
6109.5,0
6109.75,1
6110.25,0
6110.5,1
6112.75,0
6113.0,1
6113.25,0
6126.0,1
6126.25,0
6126.75,1
6127.25,0
6128.75,1
6131.25,0
6131.5,1
6133.25,0
6133.5,1
6135.75,0
6136.0,1
6136.25,0
6136.5,1
6137.25,0
6151.25,1
6151.5,0
6152.25,1
6152.5,0
6152.75,1
6153.5,0
6153.75,1
6155.75,0
6156.0,1
6157.0,0
6157.25,1
6157.75,0
6158.25,1
6158.5,0
6158.75,1
6159.75,0
6160.0,1
6160.75,0
6161.0,1
6161.5,0
6175.0,1
6175.75,0
6177.0,1
6177.5,0
6177.75,1
6179.25,0
6179.5,1
6181.5,0
6181.75,1
6183.5,0
6183.75,1
6185.25,0
6246.25,1
6246.5,0
6246.75,1
6247.0,0
6248.5,1
6249.75,0
6250.0,1
6251.5,0
6251.75,1
6252.0,0
6253.25,1
6253.75,0
6254.0,1
6254.5,0
6254.75,1
6255.0,0
6255.25,1
6255.5,0
6256.0,1
6257.25,0
6273.25,1
6273.75,0
6274.0,1
6275.0,0
6275.25,1
6275.5,0
6275.75,1
6281.25,0
6285.0,1
6285.25,0
6295.0,1
6295.25,0
6297.25,1
6297.5,0
6297.75,1
6298.0,0
6298.25,1
6300.0,0
6300.25,1
6301.75,0
6302.0,1
6302.25,0
6302.5,1
6303.25,0
6303.5,1
6304.5,0
6304.75,1
6305.0,0
6305.25,1
6305.75,0
6307.0,1
6307.25,0
6309.5,1
6309.75,0
6320.5,1
6322.25,0
6322.5,1
6323.0,0
6323.25,1
6323.75,0
6324.25,1
6324.5,0
6325.0,1
6325.75,0
6326.0,1
6326.25,0
6326.5,1
6328.5,0
6328.75,1
6329.0,0
6329.25,1
6329.5,0
6342.75,1
6343.0,0
6344.0,1
6344.5,0
6345.25,1
6348.75,0
6349.0,1
6349.25,0
6349.5,1
6352.25,0
6352.5,1
6352.75,0
6353.25,1
6353.5,0
6356.5,1
6356.75,0
6415.5,1
6415.75,0
6416.75,1
6417.0,0
6417.5,1
6417.75,0
6418.0,1
6418.5,0
6419.25,1
6420.5,0
6421.0,1
6421.25,0
6421.5,1
6422.25,0
6422.5,1
6423.0,0
6423.25,1
6424.0,0
6424.5,1
6425.25,0
6439.75,1
6440.0,0
6440.75,1
6441.0,0
6441.5,1
6441.75,0
6442.0,1
6443.25,0
6443.5,1
6444.0,0
6444.5,1
6445.75,0
6446.0,1
6446.5,0
6446.75,1
6447.0,0
6447.25,1
6447.75,0
6448.25,1
6449.75,0
6450.0,1
6450.25,0
6452.0,1
6452.25,0
6461.75,1
6462.0,0
6464.25,1
6464.5,0
6464.75,1
6465.75,0
6466.0,1
6467.0,0
6467.25,1
6468.5,0
6468.75,1
6469.5,0
6469.75,1
6470.25,0
6470.5,1
6470.75,0
6471.25,1
6471.75,0
6472.0,1
6472.5,0
6472.75,1
6473.25,0
6488.0,1
6488.25,0
6488.5,1
6490.25,0
6490.5,1
6491.5,0
6491.75,1
6495.0,0
6495.25,1
6496.5,0
6496.75,1
6497.0,0
6501.5,1
6501.75,0
6512.5,1
6514.0,0
6514.25,1
6516.75,0
6517.0,1
6517.25,0
6517.5,1
6518.75,0
6519.0,1
6520.75,0
6521.0,1
6521.25,0
6582.25,1
6582.5,0
6583.25,1
6583.5,0
6585.0,1
6587.5,0
6587.75,1
6589.0,0
6589.25,1
6589.75,0
6590.0,1
6590.25,0
6590.5,1
6591.0,0
6591.25,1
6591.75,0
6592.0,1
6592.25,0
6592.75,1
6593.25,0
6597.5,1
6598.0,0
6607.5,1
6607.75,0
6608.75,1
6609.0,0
6609.75,1
6610.25,0
6610.5,1
6611.0,0
6611.25,1
6612.0,0
6612.25,1
6614.25,0
6614.75,1
6616.75,0
6617.25,1
6617.5,0
6620.25,1
6620.5,0
6630.75,1
6631.0,0
6631.25,1
6631.5,0
6633.5,1
6634.5,0
6634.75,1
6635.0,0
6635.25,1
6638.75,0
6639.0,1
6639.5,0
6639.75,1
6641.25,0
6645.25,1
6645.5,0
6654.25,1
6654.5,0
6656.75,1
6657.5,0
6657.75,1
6659.0,0
6659.25,1
6660.5,0
6660.75,1
6661.25,0
6661.5,1
6663.0,0
6663.5,1
6664.75,0
6670.25,1
6670.5,0
6671.75,1
6672.0,0
6677.0,1
6677.25,0
6679.25,1
6679.5,0
6680.25,1
6680.5,0
6680.75,1
6682.25,0
6682.5,1
6683.0,0
6683.5,1
6685.75,0
6686.0,1
6687.25,0
6687.5,1
6688.5,0
6688.75,1
6689.0,0
6693.25,1
6693.5,0
6750.5,1
6751.0,0
6752.25,1
6752.5,0
6752.75,1
6753.0,0
6753.25,1
6754.75,0
6755.0,1
6756.0,0
6757.25,1
6759.25,0
6759.5,1
6761.0,0
6798.0,1
6798.5,0
6799.25,1
6799.5,0
6801.5,1
6801.75,0
6802.0,1
6803.5,0
6804.0,1
6804.75,0
6805.0,1
6805.75,0
6806.0,1
6806.25,0
6806.75,1
6807.5,0
6808.25,1
6808.75,0
6809.0,1
6809.25,0
6813.5,1
6813.75,0
6823.25,1
6823.5,0
6825.5,1
6825.75,0
6826.0,1
6827.25,0
6827.5,1
6827.75,0
6828.0,1
6828.25,0
6828.75,1
6829.5,0
6829.75,1
6830.75,0
6831.0,1
6832.5,0
6832.75,1
6833.0,0
6833.25,1
6833.5,0
6836.25,1
6836.5,0
6836.75,1
6837.0,0
6846.5,1
6847.5,0
6849.0,1
6850.0,0
6850.25,1
6851.25,0
6851.5,1
6853.75,0
6854.0,1
6854.25,0
6854.5,1
6854.75,0
6855.25,1
6855.75,0
6856.25,1
6857.5,0
6860.25,1
6860.5,0
6919.75,1
6920.0,0
6920.5,1
6921.0,0
6921.75,1
6922.0,0
6922.25,1
6922.75,0
6923.0,1
6924.5,0
6924.75,1
6925.0,0
6925.25,1
6928.75,0
6929.0,1
6929.25,0
6941.75,1
6942.0,0
6943.25,1
6944.0,0
6945.0,1
6948.25,0
6948.5,1
6950.75,0
6951.0,1
6953.0,0
6967.0,1
6967.25,0
6969.0,1
6970.5,0
6970.75,1
6971.25,0
6971.5,1
6972.5,0
6973.0,1
6973.25,0
6973.5,1
6974.0,0
6974.25,1
6976.0,0
6976.25,1
6977.25,0
6977.75,1
6978.0,0
6990.5,1
6991.0,0
6991.25,1
6991.75,0
6992.75,1
6993.25,0
6993.5,1
6994.0,0
6994.5,1
6994.75,0
6995.0,1
6995.5,0
6995.75,1
6996.75,0
6997.0,1
6997.75,0
6998.0,1
7000.5,0
7000.75,1
7001.0,0
7001.25,1
7001.5,0
7004.75,1
7005.0,0
7005.25,1
7005.5,0
7014.5,1
7015.0,0
7015.75,1
7016.5,0
7016.75,1
7017.0,0
7017.5,1
7018.75,0
7019.0,1
7020.75,0
7021.0,1
7023.5,0
7023.75,1
7024.5,0
7024.75,1
7025.25,0
7088.75,1
7089.0,0
7089.25,1
7090.0,0
7090.25,1
7091.0,0
7091.5,1
7091.75,0
7092.25,1
7092.75,0
7093.0,1
7094.5,0
7094.75,1
7097.5,0
7113.5,1
7114.5,0
7114.75,1
7116.25,0
7116.5,1
7116.75,0
7117.0,1
7117.75,0
7118.75,1
7121.5,0
7125.75,1
7126.0,0
7136.0,1
7136.5,0
7137.0,1
7139.25,0
7139.5,1
7140.0,0
7140.5,1
7140.75,0
7141.25,1
7141.75,0
7142.0,1
7142.5,0
7142.75,1
7143.0,0
7143.25,1
7144.25,0
7144.5,1
7145.0,0
7157.5,1
7157.75,0
7159.5,1
7159.75,0
7160.5,1
7161.25,0
7161.75,1
7163.75,0
7164.0,1
7164.25,0
7164.75,1
7165.75,0
7166.0,1
7166.5,0
7166.75,1
7167.25,0
7167.5,1
7169.25,0
7173.5,1
7173.75,0
7184.0,1
7184.25,0
7184.5,1
7184.75,0
7185.0,1
7185.25,0
7185.5,1
7188.0,0
7188.25,1
7189.75,0
7190.0,1
7190.75,0
7191.25,1
7192.0,0
7192.5,1
7193.0,0
7197.25,1
7197.5,0
7257.0,1
7257.25,0
7257.5,1
7260.25,0
7260.5,1
7260.75,0
7261.0,1
7262.0,0
7262.75,1
7263.0,0
7263.25,1
7265.0,0
7278.75,1
7279.0,0
7281.0,1
7282.0,0
7282.25,1
7282.75,0
7283.0,1
7284.0,0
7284.25,1
7284.5,0
7284.75,1
7285.75,0
7286.0,1
7286.25,0
7286.75,1
7287.25,0
7288.0,1
7288.75,0
7289.0,1
7289.25,0
7303.5,1
7304.0,0
7304.75,1
7305.0,0
7305.25,1
7305.5,0
7306.0,1
7307.5,0
7307.75,1
7308.75,0
7309.0,1
7310.5,0
7311.0,1
7312.5,0
7327.25,1
7327.5,0
7328.75,1
7329.75,0
7330.0,1
7330.5,0
7330.75,1
7331.75,0
7332.0,1
7332.5,0
7332.75,1
7334.75,0
7335.0,1
7336.75,0
7337.0,1
7337.25,0
7352.75,1
7353.0,0
7353.25,1
7353.75,0
7354.0,1
7357.75,0
7358.25,1
7361.25,0
7423.25,1
7423.5,0
7423.75,1
7424.0,0
7425.25,1
7426.75,0
7427.0,1
7428.5,0
7428.75,1
7429.5,0
7429.75,1
7431.75,0
7432.25,1
7432.75,0
7437.0,1
7437.25,0
7448.75,1
7451.5,0
7451.75,1
7452.0,0
7452.25,1
7453.0,0
7453.75,1
7456.0,0
7456.5,1
7457.0,0
7461.25,1
7461.5,0
7470.0,1
7470.25,0
7471.25,1
7471.5,0
7473.0,1
7474.75,0
7475.0,1
7479.0,0
7479.25,1
7480.5,0
7480.75,1
7481.0,0
7494.75,1
7495.0,0
7496.5,1
7496.75,0
7497.25,1
7497.75,0
7498.0,1
7499.5,0
7499.75,1
7500.5,0
7500.75,1
7503.0,0
7503.25,1
7504.75,0
7508.5,1
7508.75,0
7509.25,1
7509.5,0
7519.5,1
7520.0,0
7521.0,1
7521.5,0
7521.75,1
7524.5,0
7525.25,1
7528.25,0
7528.5,1
7529.25,0
7529.5,1
7529.75,0
7592.75,1
7595.75,0
7596.75,1
7597.25,0
7597.5,1
7597.75,0
7598.0,1
7599.25,0
7600.0,1
7600.25,0
7600.5,1
7600.75,0
7601.25,1
7601.5,0
7616.25,1
7616.5,0
7617.0,1
7618.0,0
7618.25,1
7618.75,0
7619.0,1
7619.5,0
7619.75,1
7622.25,0
7622.5,1
7622.75,0
7623.0,1
7624.0,0
7624.75,1
7625.25,0
7641.5,1
7642.0,0
7642.5,1
7643.0,0
7643.25,1
7644.0,0
7644.25,1
7644.5,0
7644.75,1
7646.0,0
7646.5,1
7647.0,0
7647.25,1
7648.5,0
7648.75,1
7649.0,0
7651.0,1
7651.25,0
7652.25,1
7652.5,0
7665.5,1
7666.0,0
7666.25,1
7667.5,0
7667.75,1
7670.0,0
7670.25,1
7670.75,0
7671.0,1
7672.0,0
7673.0,1
7673.25,0
7685.75,1
7686.0,0
7686.25,1
7686.5,0
7688.75,1
7689.25,0
7690.0,1
7690.25,0
7690.5,1
7690.75,0
7691.25,1
7692.0,0
7692.25,1
7693.75,0
7694.25,1
7695.5,0
7695.75,1
7696.75,0
7697.0,1
7697.25,0
7701.25,1
7701.5,0
7758.75,1
7759.0,0
7759.25,1
7759.5,0
7760.0,1
7760.25,0
7760.5,1
7761.0,0
7761.25,1
7764.5,0
7764.75,1
7766.0,0
7766.25,1
7767.5,0
7768.0,1
7769.25,0
7773.0,1
7773.25,0
7783.0,1
7783.25,0
7783.5,1
7783.75,0
7784.75,1
7787.25,0
7787.5,1
7788.0,0
7788.25,1
7789.75,0
7790.0,1
7792.25,0
7792.5,1
7792.75,0
7805.75,1
7806.0,0
7808.75,1
7811.5,0
7811.75,1
7812.0,0
7812.75,1
7813.25,0
7813.5,1
7814.25,0
7814.5,1
7815.0,0
7815.25,1
7815.5,0
7815.75,1
7817.0,0
7817.25,1
7817.5,0
7832.5,1
7832.75,0
7833.0,1
7833.5,0
7833.75,1
7834.25,0
7834.5,1
7836.75,0
7837.0,1
7838.5,0
7838.75,1
7840.5,0
7840.75,1
7841.0,0
7841.25,1
7841.5,0
7926.75,1
7927.0,0
7927.25,1
7927.5,0
7929.0,1
7932.0,0
7932.25,1
7933.75,0
7934.0,1
7935.5,0
7935.75,1
7936.25,0
7936.5,1
7937.25,0
7940.25,1
7940.5,0
7949.75,1
7950.0,0
7950.5,1
7951.0,0
7951.75,1
7952.0,0
7952.75,1
7953.5,0
7953.75,1
7954.25,0
7954.5,1
7955.5,0
7955.75,1
7956.0,0
7956.25,1
7957.0,0
7957.25,1
7958.0,0
7958.5,1
7959.25,0
7959.5,1
7959.75,0
7960.0,1
7960.5,0
7960.75,1
7961.25,0
7961.5,1
7961.75,0
7973.5,1
7973.75,0
7974.0,1
7974.25,0
7977.0,1
7977.75,0
7978.0,1
7978.25,0
7978.5,1
7978.75,0
7979.25,1
7980.5,0
7980.75,1
7981.5,0
7981.75,1
7983.25,0
7983.75,1
7984.0,0
7984.25,1
7985.0,0
8001.5,1
8002.0,0
8002.25,1
8002.5,0
8003.25,1
8004.0,0
8004.25,1
8005.0,0
8005.25,1
8006.25,0
8006.5,1
8007.0,0
8007.5,1
8009.25,0
8009.5,1
8009.75,0
8013.5,1
8013.75,0
8022.5,1
8022.75,0
8024.5,1
8024.75,0
8025.0,1
8028.5,0
8028.75,1
8029.5,0
8029.75,1
8030.25,0
8030.5,1
8033.0,0
8096.75,1
8099.0,0
8099.5,1
8101.5,0
8101.75,1
8102.25,0
8102.5,1
8103.5,0
8103.75,1
8105.25,0
8110.5,1
8110.75,0
8120.5,1
8120.75,0
8121.0,1
8122.25,0
8122.5,1
8122.75,0
8123.0,1
8124.0,0
8124.5,1
8125.0,0
8125.25,1
8125.75,0
8126.75,1
8127.5,0
8127.75,1
8128.0,0
8128.25,1
8129.25,0
8143.0,1
8143.25,0
8145.25,1
8145.5,0
8145.75,1
8148.25,0
8149.0,1
8150.0,0
8150.25,1
8152.5,0
8152.75,1
8153.25,0
8166.5,1
8166.75,0
8168.5,1
8169.5,0
8169.75,1
8171.0,0
8171.5,1
8171.75,0
8172.0,1
8173.25,0
8173.5,1
8176.25,0
8176.5,1
8177.25,0
8190.0,1
8190.25,0
8192.5,1
8193.0,0
8193.25,1
8193.5,0
8193.75,1
8194.0,0
8194.25,1
8195.5,0
8195.75,1
8197.75,0
8198.5,1
8199.25,0
8199.5,1
8201.0,0
8201.25,1
8201.5,0
8264.5,1
8265.5,0
8265.75,1
8267.75,0
8268.0,1
8270.5,0
8271.0,1
8273.25,0
8276.5,1
8276.75,0
8285.5,1
8285.75,0
8288.25,1
8288.75,0
8289.0,1
8290.5,0
8290.75,1
8291.25,0
8291.5,1
8291.75,0
8292.0,1
8292.5,0
8292.75,1
8296.5,0
8296.75,1
8297.0,0
8300.75,1
8301.0,0
8310.5,1
8311.25,0
8311.75,1
8312.0,0
8313.25,1
8316.5,0
8316.75,1
8317.25,0
8317.75,1
8318.5,0
8318.75,1
8320.75,0
8337.25,1
8337.75,0
8338.0,1
8341.5,0
8341.75,1
8343.0,0
8343.25,1
8343.5,0
8343.75,1
8344.0,0
8344.25,1
8345.25,0
8345.5,1
8345.75,0
8349.0,1
8349.5,0
8358.0,1
8358.5,0
8360.5,1
8360.75,0
8361.0,1
8363.0,0
8363.25,1
8364.0,0
8364.25,1
8366.5,0
8366.75,1
8368.75,0
8369.0,1
8369.25,0
8430.75,1
8431.0,0
8432.25,1
8432.5,0
8432.75,1
8433.0,0
8433.25,1
8433.5,0
8433.75,1
8435.5,0
8435.75,1
8436.25,0
8436.75,1
8439.5,0
8439.75,1
8440.5,0
8440.75,1
8441.25,0
8441.5,1
8441.75,0
8454.75,1
8455.0,0
8456.5,1
8456.75,0
8457.25,1
8460.0,0
8460.75,1
8461.0,0
8461.25,1
8462.5,0
8462.75,1
8463.25,0
8463.5,1
8464.0,0
8464.25,1
8464.75,0
8478.25,1
8478.5,0
8480.75,1
8481.0,0
8481.5,1
8483.5,0
8483.75,1
8485.25,0
8485.5,1
8487.25,0
8487.5,1
8489.0,0
8489.5,1
8489.75,0
8492.25,1
8492.5,0
8493.75,1
8494.0,0
8503.5,1
8503.75,0
8504.75,1
8505.0,0
8505.25,1
8509.0,0
8509.25,1
8510.5,0
8510.75,1
8511.5,0
8511.75,1
8512.0,0
8512.25,1
8512.75,0
8513.25,1
8513.75,0
8526.25,1
8526.5,0
8528.0,1
8529.25,0
8529.5,1
8530.25,0
8530.5,1
8533.5,0
8533.75,1
8534.0,0
8534.5,1
8537.5,0
8540.25,1
8540.5,0
8622.25,1
8622.5,0
8623.5,1
8623.75,0
8624.5,1
8624.75,0
8625.25,1
8625.5,0
8625.75,1
8626.25,0
8626.5,1
8628.25,0
8628.5,1
8629.25,0
8629.5,1
8629.75,0
8630.0,1
8632.25,0
8632.5,1
8633.0,0
8637.5,1
8637.75,0
8646.75,1
8647.25,0
8647.5,1
8648.0,0
8648.5,1
8649.0,0
8649.25,1
8649.5,0
8649.75,1
8650.5,0
8650.75,1
8651.5,0
8651.75,1
8652.0,0
8652.5,1
8653.0,0
8653.5,1
8653.75,0
8654.5,1
8657.0,0
8661.25,1
8661.5,0
8672.75,1
8673.0,0
8673.25,1
8673.75,0
8674.75,1
8675.75,0
8676.25,1
8677.0,0
8677.75,1
8679.75,0
8680.5,1
8681.25,0
8681.75,1
8682.25,0
8694.5,1
8694.75,0
8696.75,1
8697.0,0
8697.25,1
8699.0,0
8699.25,1
8700.0,0
8700.5,1
8701.25,0
8701.5,1
8702.0,0
8702.5,1
8703.75,0
8704.0,1
8704.75,0
8705.0,1
8705.25,0
8710.0,1
8710.25,0

float Room-227A (1157,2)
0.0,0
31.5,1
31.75,0
32.0,1
41.5,0
54.5,1
54.75,0
55.75,1
65.5,0
69.5,1
69.75,0
70.25,1
70.5,0
80.25,1
90.5,0
94.0,1
94.25,0
102.75,1
103.0,0
104.25,1
114.5,0
128.5,1
137.5,0
138.0,1
138.25,0
199.25,1
209.75,0
213.5,1
213.75,0
214.0,1
214.25,0
224.5,1
233.75,0
237.0,1
237.5,0
248.25,1
257.5,0
261.25,1
261.5,0
270.5,1
270.75,0
271.5,1
271.75,0
272.0,1
281.5,0
293.25,1
293.5,0
296.25,1
306.25,0
308.75,1
309.0,0
368.0,1
378.0,0
392.5,1
401.75,0
404.0,1
404.25,0
439.75,1
440.0,0
440.25,1
449.75,0
461.75,1
462.0,0
464.25,1
473.75,0
536.25,1
545.75,0
549.75,1
550.0,0
560.25,1
569.75,0
584.0,1
594.25,0
607.75,1
618.0,0
631.75,1
642.0,0
643.75,1
644.0,0
644.25,1
644.5,0
645.5,1
645.75,0
702.5,1
702.75,0
704.0,1
713.75,0
726.5,1
726.75,0
728.0,1
737.75,0
738.0,1
738.25,0
741.5,1
741.75,0
752.25,1
762.0,0
776.0,1
786.0,0
800.25,1
810.0,0
813.75,1
814.0,0
872.25,1
881.75,0
896.5,1
906.0,0
920.0,1
929.75,0
944.25,1
953.25,0
953.5,1
953.75,0
955.0,1
955.25,0
956.0,1
956.25,0
956.75,1
957.0,0
966.75,1
967.0,0
968.25,1
978.25,0
980.5,1
980.75,0
981.75,1
982.0,0
1040.5,1
1049.25,0
1049.5,1
1049.75,0
1052.25,1
1052.5,0
1055.0,1
1055.25,0
1064.0,1
1073.75,0
1078.0,1
1078.25,0
1110.5,1
1110.75,0
1111.25,1
1111.5,0
1112.0,1
1122.0,0
1136.25,1
1146.0,0
1208.25,1
1217.75,0
1219.5,1
1219.75,0
1231.25,1
1242.25,0
1245.75,1
1246.0,0
1255.75,1
1265.75,0
1276.5,1
1276.75,0
1280.0,1
1289.75,0
1290.0,1
1290.25,0
1304.0,1
1314.25,0
1316.25,1
1316.5,0
1375.75,1
1386.0,0
1388.0,1
1388.25,0
1390.25,1
1390.5,0
1398.75,1
1399.0,0
1399.5,1
1409.75,0
1424.5,1
1434.0,0
1436.5,1
1436.75,0
1437.5,1
1437.75,0
1448.25,1
1458.0,0
1459.5,1
1459.75,0
1461.0,1
1461.25,0
1469.75,1
1470.0,0
1472.25,1
1482.0,0
1486.0,1
1486.25,0
1544.25,1
1553.25,0
1553.5,1
1553.75,0
1568.0,1
1578.25,0
1589.5,1
1589.75,0
1592.0,1
1602.0,0
1605.5,1
1605.75,0
1616.0,1
1625.5,0
1626.0,1
1626.5,0
1628.25,1
1628.5,0
1637.75,1
1638.0,0
1640.0,1
1649.75,0
1653.5,1
1653.75,0
1710.0,1
1710.25,0
1710.5,1
1710.75,0
1711.75,1
1712.5,0
1712.75,1
1722.0,0
1733.75,1
1734.0,0
1736.0,1
1746.5,0
1748.5,1
1748.75,0
1760.0,1
1770.0,0
1773.75,1
1774.0,0
1784.0,1
1793.75,0
1794.0,1
1794.25,0
1806.25,1
1806.5,0
1808.25,1
1818.25,0
1820.0,1
1820.25,0
1877.0,1
1877.25,0
1880.25,1
1880.5,0
1880.75,1
1890.25,0
1893.0,1
1893.25,0
1902.75,1
1903.0,0
1903.75,1
1904.0,0
1904.25,1
1913.75,0
1916.5,1
1916.75,0
1926.25,1
1926.5,0
1927.75,1
1938.25,0
1951.75,1
1961.5,0
1961.75,1
1962.25,0
1963.5,1
1963.75,0
1964.25,1
1964.5,0
1966.25,1
1966.5,0
1975.75,1
1976.0,0
1976.25,1
1985.75,0
1990.0,1
1990.25,0
2047.5,1
2057.75,0
2072.25,1
2082.0,0
2084.5,1
2084.75,0
2096.25,1
2105.5,0
2118.5,1
2118.75,0
2119.75,1
2120.0,0
2120.25,1
2129.5,0
2133.75,1
2134.0,0
2143.0,1
2143.25,0
2144.25,1
2153.75,0
2155.75,1
2156.0,0
2216.25,1
2225.75,0
2228.25,1
2228.5,0
2240.0,1
2249.75,0
2251.25,1
2251.5,0
2264.0,1
2273.5,0
2288.25,1
2297.5,0
2309.5,1
2309.75,0
2310.5,1
2310.75,0
2312.25,1
2322.0,0
2384.0,1
2393.75,0
2407.75,1
2408.0,0
2408.25,1
2417.75,0
2418.0,1
2418.25,0
2431.25,1
2431.5,0
2432.25,1
2442.0,0
2455.75,1
2465.5,0
2479.75,1
2489.25,0
2489.5,1
2489.75,0
2494.5,1
2494.75,0
2550.0,1
2550.25,0
2550.75,1
2551.0,0
2552.0,1
2562.25,0
2575.5,1
2575.75,0
2576.25,1
2586.0,0
2599.75,1
2609.75,0
2610.0,1
2610.75,0
2624.25,1
2633.75,0
2647.75,1
2648.0,0
2648.25,1
2658.0,0
2658.25,1
2658.5,0
2660.75,1
2661.0,0
2718.75,1
2719.0,0
2720.25,1
2729.5,0
2744.0,1
2754.0,0
2768.25,1
2777.5,0
2778.0,1
2778.25,0
2792.0,1
2802.0,0
2805.0,1
2805.25,0
2816.5,1
2825.75,0
2888.25,1
2897.75,0
2900.0,1
2900.25,0
2900.5,1
2900.75,0
2903.0,1
2903.25,0
2912.0,1
2922.0,0
2934.5,1
2934.75,0
2936.0,1
2945.75,0
2949.5,1
2949.75,0
2960.0,1
2970.25,0
2984.25,1
2994.25,0
3055.5,1
3056.0,0
3056.5,1
3065.75,0
3070.0,1
3070.25,0
3070.75,1
3071.0,0
3071.25,1
3071.5,0
3076.0,1
3076.25,0
3080.25,1
3090.25,0
3093.5,1
3093.75,0
3103.25,1
3103.5,0
3104.5,1
3114.0,0
3117.0,1
3117.25,0
3128.25,1
3137.25,0
3137.5,1
3137.75,0
3140.75,1
3141.0,0
3152.25,1
3161.75,0
3162.0,1
3162.25,0
3165.0,1
3165.25,0
3223.25,1
3223.5,0
3224.0,1
3234.25,0
3247.0,1
3247.5,0
3248.25,1
3258.0,0
3272.0,1
3282.0,0
3283.75,1
3284.0,0
3285.0,1
3285.25,0
3285.75,1
3286.0,0
3296.5,1
3306.0,0
3320.0,1
3330.25,0
3392.5,1
3402.0,0
3414.25,1
3414.5,0
3416.0,1
3425.75,0
3426.0,1
3426.25,0
3428.5,1
3429.0,0
3440.25,1
3450.25,0
3462.75,1
3463.0,0
3464.0,1
3473.5,0
3487.75,1
3488.0,0
3488.5,1
3497.5,0
3498.0,1
3498.25,0
3560.25,1
3570.0,0
3606.75,1
3607.0,0
3608.25,1
3617.75,0
3631.5,1
3641.5,0
3642.0,1
3642.25,0
3654.25,1
3654.5,0
3656.25,1
3665.5,0
3726.0,1
3726.25,0
3728.0,1
3738.0,0
3751.75,1
3752.0,0
3752.5,1
3762.25,0
3776.25,1
3785.5,0
3785.75,1
3786.0,0
3799.75,1
3809.75,0
3813.0,1
3813.25,0
3824.25,1
3834.0,0
3896.25,1
3905.5,0
3920.0,1
3930.0,0
3943.5,1
3944.0,0
3944.25,1
3954.0,0
3956.0,1
3956.25,0
3967.75,1
3968.0,0
3968.5,1
3977.75,0
3992.25,1
3992.5,0
3992.75,1
4001.75,0
4063.75,1
4073.75,0
4088.0,1
4097.75,0
4112.25,1
4122.25,0
4124.5,1
4124.75,0
4135.0,1
4135.5,0
4136.25,1
4146.25,0
4148.75,1
4149.0,0
4160.5,1
4170.0,0
4232.0,1
4242.25,0
4245.75,1
4246.0,0
4256.25,1
4266.5,0
4269.25,1
4269.5,0
4279.75,1
4289.25,0
4292.75,1
4293.0,0
4302.5,1
4302.75,0
4304.25,1
4314.0,0
4317.75,1
4318.0,0
4326.75,1
4327.0,0
4327.75,1
4328.5,0
4328.75,1
4337.75,0
4340.5,1
4340.75,0
4400.25,1
4409.75,0
4447.75,1
4448.0,0
4448.25,1
4458.0,0
4459.75,1
4460.0,0
4462.0,1
4462.25,0
4471.75,1
4472.0,0
4472.25,1
4482.0,0
4496.0,1
4506.25,0
4567.75,1
4577.75,0
4581.0,1
4581.25,0
4590.75,1
4591.0,0
4591.5,1
4591.75,0
4592.0,1
4602.0,0
4615.25,1
4615.5,0
4616.25,1
4625.75,0
4639.5,1
4649.75,0
4651.75,1
4652.0,0
4663.0,1
4663.25,0
4663.75,1
4674.75,0
4736.25,1
4746.5,0
4748.5,1
4749.0,0
4759.75,1
4769.75,0
4784.0,1
4793.5,0
4796.5,1
4796.75,0
4797.5,1
4798.0,0
4806.25,1
4806.5,0
4808.5,1
4817.75,0
4820.5,1
4820.75,0
4832.25,1
4842.0,0
4904.5,1
4914.25,0
4926.0,1
4926.25,0
4927.25,1
4927.5,0
4928.25,1
4938.0,0
4951.75,1
4952.0,0
4952.5,1
4962.0,0
4973.75,1
4974.0,0
4975.5,1
4975.75,0
4976.25,1
4986.0,0
4988.25,1
4988.5,0
4988.75,1
4989.0,0
4989.5,1
4989.75,0
5000.25,1
5010.25,0
5072.0,1
5082.0,0
5095.25,1
5095.5,0
5096.5,1
5106.0,0
5118.25,1
5118.5,0
5120.5,1
5130.0,0
5130.25,1
5130.5,0
5131.25,1
5131.5,0
5132.25,1
5132.5,0
5144.0,1
5153.75,0
5154.0,1
5154.25,0
5168.0,1
5177.75,0
5181.5,1
5181.75,0
5182.0,1
5182.25,0
5240.5,1
5249.75,0
5250.0,1
5251.0,0
5252.5,1
5252.75,0
5254.0,1
5254.25,0
5264.5,1
5273.75,0
5288.0,1
5298.75,0
5312.25,1
5322.5,0
5336.25,1
5345.5,0
5346.0,1
5346.25,0
5407.75,1
5418.25,0
5422.0,1
5422.25,0
5432.25,1
5442.0,0
5444.25,1
5444.5,0
5445.25,1
5445.5,0
5454.0,1
5454.25,0
5455.75,1
5465.5,0
5478.0,1
5478.25,0
5479.5,1
5490.0,0
5504.25,1
5514.0,0
5576.25,1
5585.75,0
5586.0,1
5586.5,0
5599.0,1
5599.25,0
5600.0,1
5609.75,0
5624.25,1
5633.75,0
5635.75,1
5636.0,0
5639.0,1
5639.25,0
5648.0,1
5658.25,0
5659.0,1
5659.25,0
5661.5,1
5661.75,0
5670.75,1
5671.0,0
5672.25,1
5682.0,0
5744.25,1
5754.0,0
5757.0,1
5757.25,0
5768.0,1
5778.25,0
5780.5,1
5780.75,0
5781.75,1
5782.0,0
5791.75,1
5802.0,0
5816.0,1
5826.0,0
5840.25,1
5850.0,0
5906.25,1
5906.5,0
5912.75,1
5921.75,0
5924.0,1
5924.25,0
5958.0,1
5958.25,0
5959.25,1
5959.5,0
5960.0,1
5970.0,0
5973.0,1
5973.5,0
5984.5,1
5993.75,0
5996.75,1
5997.25,0
5997.5,1
5997.75,0
6008.25,1
6017.75,0
6018.0,1
6018.5,0
6019.5,1
6020.0,0
6078.75,1
6079.0,0
6080.25,1
6089.5,0
6089.75,1
6090.0,0
6102.75,1
6103.0,0
6104.0,1
6113.75,0
6127.75,1
6138.0,0
6152.0,1
6161.75,0
6164.5,1
6164.75,0
6165.5,1
6165.75,0
6175.5,1
6176.0,0
6176.25,1
6186.0,0
6248.5,1
6257.75,0
6260.5,1
6260.75,0
6272.25,1
6272.5,0
6272.75,1
6282.0,0
6294.5,1
6294.75,0
6295.25,1
6295.5,0
6296.0,1
6305.75,0
6309.0,1
6309.25,0
6320.25,1
6329.75,0
6330.0,1
6330.25,0
6344.25,1
6353.75,0
6416.5,1
6426.0,0
6440.25,1
6450.0,0
6451.75,1
6452.0,0
6453.25,1
6453.75,0
6462.25,1
6462.5,0
6464.25,1
6474.0,0
6475.75,1
6476.0,0
6476.75,1
6477.0,0
6478.0,1
6478.25,0
6488.0,1
6498.25,0
6512.0,1
6522.0,0
6525.0,1
6525.25,0
6584.0,1
6594.0,0
6597.75,1
6598.0,0
6608.5,1
6618.25,0
6619.75,1
6620.25,0
6631.75,1
6632.0,0
6632.25,1
6642.25,0
6645.25,1
6645.5,0
6654.25,1
6654.5,0
6656.25,1
6666.0,0
6676.75,1
6677.0,0
6680.25,1
6689.75,0
6751.25,1
6751.5,0
6752.5,1
6761.75,0
6762.0,1
6762.25,0
6764.75,1
6765.0,0
6766.25,1
6766.5,0
6797.75,1
6798.0,0
6800.0,1
6810.0,0
6822.5,1
6822.75,0
6824.25,1
6834.0,0
6836.0,1
6836.25,0
6846.25,1
6846.5,0
6848.5,1
6857.75,0
6917.75,1
6918.0,0
6919.75,1
6920.0,0
6920.25,1
6929.5,0
6933.25,1
6933.5,0
6943.25,1
6943.5,0
6944.0,1
6953.75,0
6966.75,1
6967.0,0
6968.25,1
6978.25,0
6981.25,1
6981.5,0
6990.75,1
6991.0,0
6992.0,1
7001.75,0
7003.75,1
7004.0,0
7004.5,1
7004.75,0
7005.5,1
7005.75,0
7015.25,1
7015.5,0
7016.0,1
7025.5,0
7087.75,1
7097.5,0
7098.0,1
7098.75,0
7112.0,1
7112.5,0
7112.75,1
7122.5,0
7124.25,1
7124.5,0
7135.75,1
7145.75,0
7149.25,1
7149.5,0
7159.25,1
7159.5,0
7160.0,1
7170.25,0
7183.75,1
7184.0,0
7184.25,1
7193.75,0
7194.0,1
7194.25,0
7196.75,1
7197.0,0
7253.75,1
7254.0,0
7255.0,1
7255.25,0
7256.0,1
7266.75,0
7268.5,1
7268.75,0
7277.5,1
7277.75,0
7279.75,1
7289.25,0
7289.5,1
7290.0,0
7304.25,1
7314.25,0
7317.0,1
7317.25,0
7328.25,1
7338.0,0
7339.0,1
7339.25,0
7352.5,1
7361.75,0
7422.5,1
7422.75,0
7424.5,1
7433.75,0
7447.75,1
7448.0,0
7448.75,1
7458.0,0
7471.75,1
7472.0,0
7472.5,1
7481.5,0
7496.25,1
7506.0,0
7509.5,1
7509.75,0
7518.75,1
7519.0,0
7520.0,1
7529.75,0
7533.0,1
7533.25,0
7534.0,1
7534.25,0
7591.0,1
7591.25,0
7592.25,1
7602.0,0
7606.0,1
7606.25,0
7616.25,1
7625.75,0
7629.25,1
7629.5,0
7638.5,1
7638.75,0
7639.75,1
7650.0,0
7663.75,1
7673.75,0
7686.25,1
7686.5,0
7687.5,1
7687.75,0
7688.0,1
7697.75,0
7760.0,1
7770.0,0
7772.0,1
7772.25,0
7784.25,1
7793.5,0
7807.75,1
7808.0,0
7808.25,1
7818.25,0
7831.75,1
7842.0,0
7844.75,1
7845.0,0
7928.25,1
7937.75,0
7951.75,1
7962.0,0
7965.25,1
7965.5,0
7976.0,1
7986.0,0
7998.5,1
7998.75,0
7999.75,1
8010.25,0
8013.25,1
8013.5,0
8024.0,1
8024.25,0
8024.5,1
8034.0,0
8095.75,1
8096.0,0
8096.25,1
8105.75,0
8119.75,1
8120.0,0
8120.25,1
8130.25,0
8132.25,1
8132.5,0
8143.75,1
8154.0,0
8168.25,1
8178.25,0
8190.75,1
8191.0,0
8192.25,1
8201.5,0
8259.25,1
8259.5,0
8261.25,1
8261.5,0
8261.75,1
8262.0,0
8263.5,1
8263.75,0
8264.0,1
8274.5,0
8276.75,1
8277.0,0
8286.25,1
8286.5,0
8288.25,1
8298.0,0
8311.25,1
8311.5,0
8311.75,1
8312.0,0
8312.25,1
8322.0,0
8336.0,1
8345.75,0
8360.0,1
8370.5,0
8373.0,1
8373.25,0
8430.25,1
8430.5,0
8432.25,1
8441.25,0
8441.5,1
8441.75,0
8456.75,1
8465.75,0
8468.25,1
8468.75,0
8478.0,1
8478.25,0
8480.5,1
8490.25,0
8491.5,1
8491.75,0
8503.5,1
8503.75,0
8504.0,1
8513.75,0
8527.75,1
8528.0,0
8528.25,1
8537.75,0
8540.5,1
8540.75,0
8541.0,1
8541.25,0
8623.25,1
8623.5,0
8624.25,1
8634.25,0
8636.5,1
8636.75,0
8646.5,1
8646.75,0
8647.5,1
8658.5,0
8661.0,1
8661.25,0
8672.0,1
8682.0,0
8683.25,1
8683.5,0
8685.75,1
8686.0,0
8695.75,1
8705.25,0
8705.5,1
8705.75,0
8706.0,1
8706.25,0

float Room-228C (1153,2)
0.0,0
30.5,1
30.75,0
32.75,1
41.5,0
56.25,1
65.5,0
65.75,1
66.0,0
79.5,1
79.75,0
81.0,1
89.5,0
89.75,1
90.25,0
92.5,1
93.0,0
93.75,1
94.0,0
104.25,1
113.75,0
128.0,1
137.75,0
141.25,1
141.5,0
200.5,1
209.0,0
209.25,1
210.0,0
221.0,1
221.25,0
224.0,1
233.75,0
248.5,1
257.5,0
259.75,1
260.0,0
270.5,1
270.75,0
272.5,1
281.25,0
281.5,1
281.75,0
284.75,1
285.0,0
291.25,1
291.5,0
294.5,1
294.75,0
295.0,1
295.25,0
296.0,1
306.0,0
308.0,1
308.25,0
366.25,1
366.5,0
368.75,1
377.75,0
390.25,1
390.5,0
392.5,1
401.25,0
401.5,1
401.75,0
404.75,1
405.0,0
438.5,1
438.75,0
441.0,1
450.0,0
464.5,1
473.75,0
476.25,1
476.5,0
536.75,1
545.75,0
548.25,1
548.5,0
550.25,1
550.5,0
557.25,1
557.5,0
560.25,1
569.5,0
572.75,1
573.25,0
583.75,1
584.0,0
584.5,1
594.0,0
596.75,1
597.25,0
608.75,1
618.0,0
620.25,1
620.5,0
622.75,1
623.0,0
632.25,1
641.75,0
703.0,1
703.25,0
703.5,1
714.0,0
728.25,1
728.5,0
728.75,1
737.5,0
752.5,1
761.25,0
776.25,1
776.5,0
776.75,1
785.5,0
788.0,1
788.25,0
789.75,1
790.0,0
798.5,1
798.75,0
800.75,1
810.25,0
872.0,1
881.5,0
896.5,1
905.5,0
908.75,1
909.0,0
920.5,1
929.75,0
932.75,1
933.0,0
944.0,1
953.75,0
968.75,1
978.25,0
1040.5,1
1049.75,0
1052.25,1
1052.5,0
1053.0,1
1053.25,0
1064.25,1
1073.5,0
1077.75,1
1078.0,0
1112.5,1
1113.0,0
1113.25,1
1121.5,0
1126.0,1
1126.25,0
1134.25,1
1134.5,0
1136.75,1
1145.5,0
1148.75,1
1149.0,0
1208.25,1
1209.0,0
1209.25,1
1217.75,0
1232.0,1
1241.5,0
1245.25,1
1245.5,0
1254.25,1
1254.5,0
1255.25,1
1255.5,0
1256.0,1
1265.75,0
1280.5,1
1290.0,0
1292.0,1
1292.25,0
1304.75,1
1314.0,0
1375.0,1
1375.25,0
1376.5,1
1385.0,0
1385.25,1
1386.0,0
1400.75,1
1410.0,0
1414.0,1
1414.25,0
1421.75,1
1422.0,0
1425.0,1
1433.25,0
1446.0,1
1446.25,0
1447.0,1
1447.25,0
1448.25,1
1457.5,0
1472.5,1
1481.25,0
1483.5,1
1483.75,0
1541.75,1
1542.0,0
1544.5,1
1553.75,0
1568.5,1
1578.25,0
1592.75,1
1601.5,0
1614.0,1
1614.25,0
1615.25,1
1615.5,0
1617.0,1
1626.0,0
1640.25,1
1649.25,0
1649.5,1
1649.75,0
1652.75,1
1653.0,0
1712.25,1
1720.75,0
1721.0,1
1721.25,0
1721.75,1
1722.0,0
1725.25,1
1725.5,0
1734.75,1
1735.0,0
1736.75,1
1746.0,0
1747.5,1
1747.75,0
1749.75,1
1750.0,0
1760.75,1
1770.0,0
1782.5,1
1782.75,0
1783.75,1
1784.0,0
1784.5,1
1793.75,0
1808.5,1
1817.25,0
1878.0,1
1878.5,0
1880.5,1
1889.5,0
1893.5,1
1893.75,0
1894.25,1
1894.5,0
1903.0,1
1903.5,0
1905.0,1
1913.5,0
1928.25,1
1937.5,0
1939.75,1
1940.0,0
1940.75,1
1941.0,0
1952.5,1
1961.75,0
1975.75,1
1976.5,0
1976.75,1
1977.0,0
1977.25,1
1985.75,0
1990.25,1
1990.5,0
2048.75,1
2057.25,0
2057.75,1
2058.0,0
2060.75,1
2061.0,0
2071.75,1
2072.0,0
2072.25,1
2073.0,0
2073.25,1
2082.0,0
2084.0,1
2084.25,0
2096.25,1
2105.25,0
2119.75,1
2129.75,0
2134.25,1
2134.5,0
2143.25,1
2143.5,0
2144.25,1
2153.5,0
2156.25,1
2156.5,0
2216.25,1
2225.25,0
2240.75,1
2249.75,0
2264.75,1
2273.75,0
2274.0,1
2274.5,0
2288.5,1
2298.0,0
2300.5,1
2300.75,0
2301.5,1
2301.75,0
2302.0,1
2302.25,0
2312.25,1
2321.75,0
2384.25,1
2393.25,0
2396.0,1
2396.5,0
2407.75,1
2417.75,0
2432.5,1
2441.5,0
2456.5,1
2466.0,0
2478.75,1
2479.0,0
2479.5,1
2479.75,0
2480.0,1
2490.0,0
2552.5,1
2561.75,0
2564.75,1
2565.0,0
2565.25,1
2565.5,0
2576.0,1
2585.75,0
2598.75,1
2599.0,0
2600.5,1
2610.25,0
2612.0,1
2612.25,0
2612.5,1
2613.25,0
2624.0,1
2633.75,0
2648.5,1
2657.75,0
2661.75,1
2662.0,0
2663.0,1
2663.25,0
2720.5,1
2729.0,0
2743.5,1
2743.75,0
2744.25,1
2753.75,0
2768.5,1
2778.0,0
2789.75,1
2790.0,0
2792.5,1
2801.5,0
2803.75,1
2804.0,0
2816.5,1
2825.5,0
2888.25,1
2898.0,0
2903.0,1
2903.25,0
2911.25,1
2911.5,0
2911.75,1
2921.75,0
2924.0,1
2924.25,0
2936.5,1
2946.0,0
2950.75,1
2951.0,0
2960.25,1
2960.5,0
2960.75,1
2969.5,0
2971.75,1
2972.25,0
2984.5,1
2993.25,0
3056.25,1
3065.0,0
3065.25,1
3065.5,0
3067.5,1
3067.75,0
3071.25,1
3071.5,0
3080.5,1
3090.0,0
3103.75,1
3104.0,0
3104.25,1
3113.75,0
3117.0,1
3117.25,0
3128.75,1
3137.75,0
3142.25,1
3142.75,0
3152.5,1
3161.5,0
3224.5,1
3233.75,0
3235.75,1
3236.0,0
3237.0,1
3237.25,0
3237.75,1
3238.0,0
3248.0,1
3257.5,0
3261.0,1
3261.25,0
3272.5,1
3281.25,0
3281.5,1
3282.0,0
3295.0,1
3295.25,0
3296.0,1
3296.5,0
3296.75,1
3305.25,0
3308.5,1
3308.75,0
3317.25,1
3317.5,0
3319.75,1
3329.5,0
3329.75,1
3330.0,0
3389.75,1
3390.0,0
3392.75,1
3401.25,0
3405.5,1
3405.75,0
3416.5,1
3425.75,0
3429.25,1
3429.5,0
3440.5,1
3440.75,0
3441.0,1
3449.75,0
3464.75,1
3473.25,0
3473.5,1
3473.75,0
3477.0,1
3477.25,0
3488.0,1
3497.75,0
3558.0,1
3558.25,0
3559.0,1
3559.25,0
3560.5,1
3569.25,0
3573.75,1
3574.0,0
3608.25,1
3618.0,0
3631.0,1
3631.25,0
3632.5,1
3641.75,0
3646.0,1
3646.25,0
3655.75,1
3665.5,0
3670.5,1
3670.75,0
3728.75,1
3737.25,0
3740.0,1
3740.25,0
3752.0,1
3752.5,0
3752.75,1
3753.25,0
3753.5,1
3762.0,0
3765.25,1
3765.5,0
3776.5,1
3785.75,0
3801.0,1
3809.75,0
3813.5,1
3813.75,0
3822.5,1
3822.75,0
3824.5,1
3834.5,0
3896.5,1
3905.75,0
3909.75,1
3910.0,0
3920.25,1
3929.5,0
3944.5,1
3953.5,0
3953.75,1
3954.0,0
3967.5,1
3977.0,0
3977.25,1
3977.5,0
3977.75,1
3978.0,0
3980.0,1
3980.25,0
3981.25,1
3981.5,0
3981.75,1
3982.0,0
3990.0,1
3990.25,0
3992.5,1
4002.0,0
4062.75,1
4063.0,0
4064.75,1
4073.75,0
4075.5,1
4075.75,0
4087.75,1
4098.0,0
4101.25,1
4101.5,0
4102.75,1
4103.0,0
4109.25,1
4109.5,0
4112.5,1
4121.75,0
4136.5,1
4145.5,0
4145.75,1
4146.0,0
4147.25,1
4147.5,0
4160.5,1
4169.5,0
4232.0,1
4241.5,0
4241.75,1
4242.0,0
4256.25,1
4256.75,0
4257.0,1
4266.0,0
4269.25,1
4269.5,0
4271.0,1
4271.25,0
4279.5,1
4279.75,0
4280.5,1
4289.5,0
4302.5,1
4302.75,0
4304.5,1
4313.5,0
4328.25,1
4337.75,0
4400.5,1
4409.5,0
4448.5,1
4457.5,0
4472.25,1
4481.5,0
4495.5,1
4496.5,0
4496.75,1
4505.75,0
4566.5,1
4566.75,0
4568.75,1
4577.25,0
4592.25,1
4601.75,0
4604.25,1
4604.5,0
4616.75,1
4625.75,0
4638.75,1
4639.0,0
4639.75,1
4649.5,0
4663.75,1
4664.0,0
4664.25,1
4673.75,0
4677.75,1
4678.0,0
4736.75,1
4745.5,0
4749.0,1
4749.25,0
4758.5,1
4758.75,0
4760.0,1
4760.5,0
4760.75,1
4769.5,0
4782.5,1
4782.75,0
4784.5,1
4794.0,0
4797.25,1
4797.5,0
4807.75,1
4808.0,0
4808.25,1
4818.25,0
4832.5,1
4841.75,0
4904.0,1
4905.0,0
4905.25,1
4913.0,0
4913.25,1
4913.5,0
4913.75,1
4914.5,0
4928.5,1
4937.5,0
4940.5,1
4940.75,0
4952.75,1
4961.25,0
4964.0,1
4964.25,0
4965.0,1
4965.25,0
4976.5,1
4985.75,0
4988.25,1
4988.5,0
5000.5,1
5010.0,0
5072.25,1
5081.25,0
5081.5,1
5081.75,0
5085.25,1
5085.5,0
5096.25,1
5105.5,0
5120.25,1
5120.5,0
5120.75,1
5129.75,0
5132.75,1
5133.0,0
5142.25,1
5142.5,0
5144.75,1
5153.5,0
5166.75,1
5167.0,0
5167.75,1
5168.0,0
5168.5,1
5177.5,0
5240.25,1
5250.0,0
5253.5,1
5253.75,0
5264.0,1
5264.25,0
5264.5,1
5273.75,0
5278.0,1
5278.25,0
5288.75,1
5297.5,0
5300.5,1
5300.75,0
5311.5,1
5311.75,0
5312.5,1
5322.25,0
5336.75,1
5345.5,0
5408.25,1
5417.75,0
5431.0,1
5441.75,0
5457.0,1
5460.25,0
5460.5,1
5465.0,0
5465.25,1
5465.5,0
5467.75,1
5468.0,0
5477.0,1
5477.25,0
5479.5,1
5480.5,0
5480.75,1
5489.75,0
5502.25,1
5502.5,0
5504.5,1
5513.75,0
5514.0,1
5514.25,0
5576.75,1
5585.25,0
5586.0,1
5586.5,0
5589.0,1
5589.25,0
5600.25,1
5600.5,0
5600.75,1
5609.75,0
5613.0,1
5613.25,0
5623.0,1
5623.25,0
5624.5,1
5633.25,0
5636.0,1
5636.25,0
5647.5,1
5647.75,0
5648.5,1
5657.75,0
5660.75,1
5661.0,0
5672.25,1
5672.5,0
5673.0,1
5682.0,0
5744.25,1
5753.5,0
5768.5,1
5778.0,0
5790.25,1
5790.5,0
5792.5,1
5801.5,0
5816.5,1
5825.5,0
5825.75,1
5826.0,0
5831.0,1
5831.25,0
5840.5,1
5840.75,0
5841.0,1
5850.25,0
5853.25,1
5853.5,0
5906.75,1
5907.0,0
5910.0,1
5910.25,0
5912.5,1
5921.5,0
5924.0,1
5924.25,0
5924.75,1
5925.0,0
5925.25,1
5925.75,0
5961.25,1
5969.5,0
5972.25,1
5972.5,0
5984.5,1
5993.75,0
6008.5,1
6017.75,0
6080.75,1
6089.75,0
6103.25,1
6103.5,0
6104.5,1
6113.25,0
6129.0,1
6138.25,0
6142.25,1
6142.5,0
6150.25,1
6150.5,0
6151.75,1
6152.0,0
6152.5,1
6161.25,0
6176.5,1
6185.25,0
6185.5,1
6186.0,0
6248.0,1
6248.25,0
6248.5,1
6257.75,0
6262.0,1
6262.25,0
6272.75,1
6273.25,0
6273.5,1
6281.75,0
6296.5,1
6305.25,0
6318.0,1
6318.25,0
6318.5,1
6318.75,0
6320.0,1
6329.75,0
6345.0,1
6353.75,0
6416.75,1
6425.25,0
6440.0,1
6449.5,0
6452.5,1
6452.75,0
6463.0,1
6472.75,0
6473.0,1
6473.25,0
6487.25,1
6487.5,0
6488.75,1
6498.25,0
6500.5,1
6500.75,0
6512.25,1
6521.25,0
6521.5,1
6521.75,0
6584.5,1
6593.75,0
6597.5,1
6597.75,0
6608.0,1
6608.5,0
6609.0,1
6617.75,0
6620.25,1
6620.5,0
6632.25,1
6641.5,0
6656.75,1
6665.25,0
6670.25,1
6670.5,0
6680.5,1
6689.75,0
6750.75,1
6751.0,0
6752.75,1
6761.5,0
6764.5,1
6764.75,0
6765.0,1
6765.25,0
6800.5,1
6809.75,0
6824.5,1
6833.5,0
6837.25,1
6837.5,0
6846.75,1
6847.0,0
6847.75,1
6857.5,0
6920.25,1
6920.5,0
6920.75,1
6930.5,0
6942.25,1
6942.5,0
6944.25,1
6953.25,0
6953.5,1
6954.25,0
6965.75,1
6966.0,0
6968.25,1
6977.25,0
6977.5,1
6977.75,0
6978.0,1
6978.25,0
6980.5,1
6980.75,0
6982.5,1
6982.75,0
6992.25,1
7001.25,0
7001.5,1
7002.0,0
7015.25,1
7015.5,0
7016.5,1
7025.5,0
7025.75,1
7026.0,0
7030.25,1
7030.5,0
7088.25,1
7097.75,0
7112.5,1
7121.75,0
7136.75,1
7145.5,0
7148.25,1
7148.5,0
7157.75,1
7158.0,0
7160.75,1
7169.75,0
7183.25,1
7183.5,0
7183.75,1
7184.5,0
7184.75,1
7193.25,0
7197.25,1
7197.75,0
7256.25,1
7256.5,0
7256.75,1
7257.0,0
7257.25,1
7265.25,0
7265.5,1
7266.0,0
7280.25,1
7289.75,0
7293.0,1
7293.5,0
7304.75,1
7305.0,0
7305.25,1
7313.0,0
7327.75,1
7338.0,0
7341.75,1
7342.0,0
7352.25,1
7361.5,0
7424.75,1
7433.5,0
7436.5,1
7436.75,0
7448.75,1
7457.5,0
7462.5,1
7462.75,0
7472.25,1
7481.5,0
7484.75,1
7485.0,0
7496.75,1
7505.5,0
7518.75,1
7519.0,0
7520.75,1
7529.5,0
7532.75,1
7533.0,0
7533.5,1
7533.75,0
7591.25,1
7591.5,0
7592.5,1
7601.75,0
7607.5,1
7607.75,0
7615.25,1
7615.5,0
7616.25,1
7626.0,0
7631.75,1
7632.0,0
7638.5,1
7638.75,0
7640.75,1
7650.0,0
7664.5,1
7673.75,0
7678.0,1
7678.25,0
7688.5,1
7697.25,0
7760.25,1
7769.25,0
7783.25,1
7783.5,0
7784.75,1
7794.0,0
7808.25,1
7817.75,0
7830.5,1
7830.75,0
7831.5,1
7831.75,0
7832.0,1
7841.75,0
7842.0,1
7842.25,0
7925.75,1
7926.0,0
7926.75,1
7927.0,0
7928.25,1
7938.25,0
7941.75,1
7942.0,0
7952.25,1
7961.75,0
7962.25,1
7962.5,0
7964.0,1
7964.25,0
7976.75,1
7985.25,0
7988.25,1
7988.5,0
7998.5,1
7998.75,0
8000.75,1
8009.5,0
8013.25,1
8013.5,0
8025.25,1
8033.75,0
8094.75,1
8095.0,0
8096.0,1
8105.75,0
8120.25,1
8121.0,0
8121.25,1
8129.75,0
8133.0,1
8133.25,0
8144.25,1
8144.5,0
8144.75,1
8153.25,0
8153.5,1
8153.75,0
8156.25,1
8156.5,0
8168.25,1
8177.0,0
8177.75,1
8178.0,0
8192.0,1
8201.25,0
8205.75,1
8206.25,0
8264.5,1
8273.5,0
8286.0,1
8286.25,0
8288.25,1
8297.75,0
8312.5,1
8321.5,0
8324.5,1
8324.75,0
8336.25,1
8345.5,0
8360.5,1
8370.0,0
8372.0,1
8372.25,0
8372.75,1
8373.0,0
8430.5,1
8430.75,0
8432.25,1
8441.5,0
8453.75,1
8454.0,0
8456.5,1
8465.75,0
8468.75,1
8469.0,0
8480.0,1
8480.25,0
8480.75,1
8489.75,0
8493.5,1
8493.75,0
8504.0,1
8504.5,0
8504.75,1
8513.75,0
8527.75,1
8537.5,0
8540.25,1
8540.5,0
8624.25,1
8633.75,0
8636.75,1
8637.0,0
8638.0,1
8638.25,0
8647.25,1
8647.5,0
8647.75,1
8648.0,0
8648.25,1
8657.5,0
8658.0,1
8658.75,0
8660.75,1
8661.0,0
8670.75,1
8671.0,0
8671.75,1
8682.0,0
8684.5,1
8684.75,0
8685.0,1
8685.5,0
8697.0,1
8705.0,0
8709.75,1
8710.0,0

float Room-217B (1135,2)
0.0,0
32.0,1
41.5,0
42.0,1
42.25,0
56.0,1
65.75,0
79.5,1
80.0,0
80.75,1
89.75,0
104.25,1
114.0,0
114.75,1
115.0,0
128.5,1
138.0,0
140.25,1
140.75,0
198.0,1
198.25,0
200.5,1
209.5,0
224.0,1
234.0,0
248.5,1
257.75,0
272.5,1
281.75,0
290.25,1
290.5,0
296.5,1
306.0,0
368.5,1
378.0,0
381.5,1
381.75,0
392.0,1
401.75,0
405.5,1
405.75,0
406.75,1
407.0,0
440.5,1
449.75,0
464.25,1
473.5,0
536.5,1
546.5,0
557.5,1
557.75,0
560.25,1
569.5,0
572.0,1
572.25,0
583.75,1
593.5,0
597.25,1
597.5,0
608.25,1
617.5,0
620.0,1
620.25,0
621.25,1
621.5,0
631.75,1
632.0,0
632.5,1
642.0,0
703.0,1
703.25,0
704.75,1
714.25,0
728.0,1
738.0,0
752.5,1
761.25,0
775.5,1
786.0,0
798.25,1
798.5,0
799.0,1
799.25,0
800.5,1
809.5,0
872.75,1
881.25,0
885.0,1
885.25,0
893.5,1
893.75,0
895.75,1
896.0,0
896.5,1
906.0,0
918.25,1
918.5,0
920.5,1
929.75,0
944.5,1
953.5,0
955.5,1
955.75,0
957.75,1
958.0,0
968.5,1
968.75,0
969.0,1
977.25,0
977.5,1
978.25,0
980.75,1
981.0,0
1039.75,1
1049.5,0
1051.75,1
1052.0,0
1064.0,1
1064.25,0
1064.5,1
1072.75,0
1073.0,1
1073.5,0
1112.25,1
1121.5,0
1135.5,1
1135.75,0
1136.5,1
1146.5,0
1208.75,1
1217.75,0
1230.5,1
1230.75,0
1231.25,1
1231.5,0
1231.75,1
1232.0,0
1232.25,1
1241.5,0
1242.25,1
1242.5,0
1256.5,1
1265.25,0
1274.75,1
1275.0,0
1280.25,1
1289.75,0
1293.75,1
1294.0,0
1302.75,1
1303.0,0
1304.0,1
1313.75,0
1376.5,1
1385.75,0
1389.5,1
1389.75,0
1398.5,1
1398.75,0
1400.75,1
1409.75,0
1424.75,1
1433.5,0
1446.25,1
1446.5,0
1448.5,1
1457.75,0
1472.75,1
1481.75,0
1544.5,1
1553.75,0
1569.0,1
1577.75,0
1580.5,1
1580.75,0
1592.25,1
1601.75,0
1616.75,1
1625.75,0
1628.0,1
1628.25,0
1640.0,1
1649.5,0
1652.75,1
1653.0,0
1653.75,1
1654.0,0
1712.5,1
1721.5,0
1722.0,1
1722.25,0
1736.0,1
1736.25,0
1736.5,1
1746.0,0
1749.0,1
1749.25,0
1749.75,1
1750.0,0
1750.25,1
1750.5,0
1760.25,1
1770.25,0
1784.5,1
1793.75,0
1797.5,1
1797.75,0
1807.0,1
1807.25,0
1808.5,1
1818.25,0
1820.75,1
1821.0,0
1880.5,1
1889.75,0
1903.25,1
1903.5,0
1904.75,1
1914.25,0
1917.25,1
1917.5,0
1926.0,1
1926.25,0
1928.25,1
1937.25,0
1937.5,1
1938.0,0
1952.25,1
1962.0,0
1963.75,1
1964.0,0
1976.25,1
1985.5,0
2046.75,1
2047.0,0
2048.25,1
2058.0,0
2071.5,1
2071.75,0
2072.25,1
2082.0,0
2096.0,1
2106.0,0
2108.25,1
2108.75,0
2120.5,1
2130.0,0
2144.0,1
2153.75,0
2214.75,1
2215.0,0
2215.75,1
2216.0,0
2216.25,1
2226.25,0
2240.0,1
2240.5,0
2240.75,1
2250.25,0
2264.25,1
2273.5,0
2276.5,1
2276.75,0
2286.25,1
2286.5,0
2287.5,1
2287.75,0
2288.25,1
2297.75,0
2299.5,1
2299.75,0
2301.5,1
2301.75,0
2311.0,1
2311.25,0
2312.75,1
2321.5,0
2384.25,1
2393.75,0
2396.5,1
2396.75,0
2397.75,1
2398.0,0
2407.25,1
2407.5,0
2408.5,1
2417.75,0
2419.25,1
2419.5,0
2421.5,1
2421.75,0
2431.0,1
2431.25,0
2432.5,1
2441.75,0
2444.5,1
2444.75,0
2456.5,1
2465.5,0
2466.0,1
2466.25,0
2480.0,1
2490.0,0
2491.75,1
2492.0,0
2552.5,1
2561.5,0
2565.25,1
2565.75,0
2575.5,1
2575.75,0
2576.75,1
2585.25,0
2600.5,1
2609.5,0
2613.25,1
2613.5,0
2624.0,1
2624.5,0
2624.75,1
2634.0,0
2646.75,1
2647.0,0
2647.25,1
2647.75,0
2648.75,1
2657.75,0
2658.0,1
2658.25,0
2658.5,1
2658.75,0
2719.75,1
2720.25,0
2720.5,1
2729.5,0
2732.5,1
2733.0,0
2744.25,1
2753.25,0
2753.5,1
2753.75,0
2755.75,1
2756.0,0
2768.25,1
2777.25,0
2777.5,1
2777.75,0
2792.5,1
2801.75,0
2816.5,1
2825.25,0
2825.75,1
2826.25,0
2888.25,1
2888.5,0
2888.75,1
2897.25,0
2897.5,1
2898.0,0
2900.25,1
2900.5,0
2910.75,1
2911.0,0
2912.25,1
2921.75,0
2936.25,1
2945.25,0
2959.75,1
2969.5,0
2972.25,1
2972.5,0
2984.5,1
2994.75,0
3055.75,1
3056.0,0
3056.5,1
3065.75,0
3076.25,1
3076.5,0
3080.0,1
3089.75,0
3104.75,1
3114.0,0
3128.0,1
3128.25,0
3128.5,1
3137.25,0
3137.5,1
3137.75,0
3150.25,1
3150.5,0
3151.25,1
3151.5,0
3152.5,1
3161.75,0
3164.5,1
3164.75,0
3165.0,1
3165.25,0
3224.5,1
3233.75,0
3246.75,1
3247.0,0
3248.25,1
3257.25,0
3272.5,1
3281.25,0
3283.75,1
3284.0,0
3285.0,1
3285.25,0
3295.75,1
3296.0,0
3296.25,1
3305.75,0
3319.75,1
3329.75,0
3392.25,1
3401.5,0
3401.75,1
3402.25,0
3415.75,1
3425.75,0
3429.5,1
3430.0,0
3440.0,1
3449.25,0
3450.0,1
3450.25,0
3464.0,1
3473.5,0
3488.0,1
3497.75,0
3499.75,1
3500.0,0
3500.75,1
3501.0,0
3557.75,1
3558.0,0
3560.25,1
3570.0,0
3572.25,1
3572.5,0
3574.25,1
3574.5,0
3607.25,1
3607.5,0
3608.0,1
3617.5,0
3631.25,1
3631.5,0
3632.25,1
3641.25,0
3645.0,1
3645.25,0
3645.75,1
3646.0,0
3653.75,1
3654.0,0
3656.5,1
3666.0,0
3728.5,1
3738.0,0
3740.0,1
3740.25,0
3750.75,1
3751.0,0
3752.25,1
3752.5,0
3753.0,1
3761.75,0
3765.0,1
3765.25,0
3776.0,1
3786.0,0
3788.5,1
3788.75,0
3789.0,1
3789.25,0
3799.0,1
3799.25,0
3800.5,1
3810.5,0
3824.5,1
3833.5,0
3838.25,1
3838.5,0
3895.0,1
3895.25,0
3896.25,1
3896.5,0
3897.0,1
3906.25,0
3908.5,1
3908.75,0
3920.5,1
3929.75,0
3932.5,1
3932.75,0
3944.0,1
3953.75,0
3968.5,1
3977.5,0
3992.5,1
4001.75,0
4063.5,1
4063.75,0
4064.0,1
4074.0,0
4078.0,1
4078.25,0
4087.25,1
4097.5,0
4097.75,1
4098.0,0
4112.25,1
4121.75,0
4124.25,1
4124.5,0
4125.75,1
4126.0,0
4136.25,1
4145.5,0
4148.5,1
4148.75,0
4160.5,1
4169.5,0
4231.0,1
4231.25,0
4232.75,1
4241.5,0
4243.75,1
4244.0,0
4256.75,1
4266.0,0
4270.75,1
4271.0,0
4280.25,1
4290.25,0
4303.5,1
4304.0,0
4304.5,1
4313.75,0
4328.25,1
4337.75,0
4342.75,1
4343.0,0
4399.75,1
4409.5,0
4413.25,1
4413.5,0
4446.75,1
4447.0,0
4448.25,1
4458.0,0
4470.0,1
4470.25,0
4472.5,1
4482.25,0
4494.75,1
4495.0,0
4496.75,1
4505.5,0
4566.75,1
4567.0,0
4567.75,1
4568.0,0
4568.75,1
4577.0,0
4577.25,1
4577.75,0
4580.25,1
4580.5,0
4581.25,1
4581.5,0
4592.25,1
4602.25,0
4616.25,1
4625.75,0
4628.25,1
4628.5,0
4639.25,1
4639.5,0
4640.0,1
4640.25,0
4640.5,1
4649.75,0
4654.25,1
4654.5,0
4664.25,1
4664.5,0
4664.75,1
4665.0,0
4665.25,1
4673.75,0
4674.0,1
4674.25,0
4677.25,1
4677.75,0
4736.25,1
4746.0,0
4749.25,1
4749.5,0
4760.0,1
4769.75,0
4784.25,1
4793.75,0
4808.25,1
4817.75,0
4832.25,1
4841.25,0
4844.75,1
4845.0,0
4904.5,1
4913.75,0
4928.25,1
4928.5,0
4928.75,1
4937.0,0
4937.25,1
4937.5,0
4940.5,1
4940.75,0
4952.0,1
4952.5,0
4952.75,1
4961.75,0
4976.25,1
4985.5,0
4988.25,1
4988.5,0
4989.5,1
4989.75,0
4999.25,1
4999.5,0
5000.0,1
5009.5,0
5013.75,1
5014.0,0
5072.5,1
5082.0,0
5096.5,1
5105.5,0
5108.25,1
5108.5,0
5120.5,1
5129.5,0
5130.75,1
5131.0,0
5144.0,1
5153.5,0
5167.25,1
5167.75,0
5168.5,1
5177.5,0
5240.5,1
5250.0,0
5263.75,1
5264.0,0
5264.5,1
5273.75,0
5288.0,1
5298.0,0
5312.25,1
5321.25,0
5321.5,1
5321.75,0
5336.25,1
5345.5,0
5348.25,1
5348.5,0
5408.75,1
5417.25,0
5420.5,1
5421.0,0
5432.0,1
5432.5,0
5433.0,1
5441.75,0
5444.5,1
5444.75,0
5455.25,1
5455.5,0
5456.5,1
5465.5,0
5468.25,1
5468.75,0
5480.0,1
5489.5,0
5493.75,1
5494.0,0
5504.25,1
5514.0,0
5575.25,1
5575.5,0
5576.25,1
5585.75,0
5600.0,1
5610.0,0
5613.25,1
5613.5,0
5624.5,1
5633.25,0
5633.5,1
5634.0,0
5637.25,1
5637.5,0
5647.75,1
5648.0,0
5648.25,1
5657.5,0
5661.25,1
5661.5,0
5672.0,1
5672.5,0
5672.75,1
5681.25,0
5742.0,1
5742.25,0
5744.25,1
5754.0,0
5767.75,1
5768.25,0
5768.75,1
5777.5,0
5792.75,1
5801.25,0
5801.5,1
5802.0,0
5816.25,1
5825.5,0
5830.25,1
5830.5,0
5832.75,1
5833.0,0
5834.25,1
5834.5,0
5840.5,1
5849.5,0
5910.75,1
5911.0,0
5911.75,1
5921.5,0
5923.0,1
5923.25,0
5960.0,1
5969.5,0
5970.0,1
5970.25,0
5974.5,1
5974.75,0
5984.5,1
5993.5,0
6006.25,1
6006.5,0
6007.75,1
6008.0,0
6008.5,1
6012.0,0
6012.25,1
6017.25,0
6079.25,1
6079.5,0
6080.0,1
6080.5,0
6080.75,1
6090.0,0
6091.75,1
6092.0,0
6103.5,1
6103.75,0
6104.5,1
6114.0,0
6117.25,1
6117.75,0
6128.25,1
6137.5,0
6143.0,1
6143.25,0
6151.25,1
6151.5,0
6152.75,1
6161.5,0
6164.75,1
6165.0,0
6174.75,1
6175.25,0
6176.5,1
6185.5,0
6246.5,1
6246.75,0
6248.25,1
6257.75,0
6272.5,1
6281.5,0
6296.75,1
6305.25,0
6305.5,1
6306.0,0
6308.5,1
6308.75,0
6320.75,1
6329.5,0
6329.75,1
6330.0,0
6332.0,1
6332.25,0
6344.75,1
6353.75,0
6416.75,1
6426.0,0
6428.5,1
6428.75,0
6440.5,1
6449.75,0
6463.75,1
6464.0,0
6464.25,1
6473.5,0
6473.75,1
6474.0,0
6486.25,1
6486.5,0
6488.25,1
6497.25,0
6497.5,1
6497.75,0
6511.5,1
6511.75,0
6512.5,1
6521.5,0
6526.25,1
6526.5,0
6584.5,1
6594.0,0
6608.5,1
6618.0,0
6631.5,1
6631.75,0
6632.0,1
6632.5,0
6632.75,1
6642.25,0
6654.75,1
6655.0,0
6656.5,1
6665.75,0
6679.0,1
6679.25,0
6680.25,1
6689.75,0
6690.5,1
6690.75,0
6751.0,1
6751.25,0
6752.5,1
6761.75,0
6764.5,1
6764.75,0
6800.5,1
6810.25,0
6824.25,1
6833.25,0
6833.5,1
6834.0,0
6848.25,1
6848.5,0
6848.75,1
6857.75,0
6920.25,1
6929.75,0
6943.5,1
6943.75,0
6944.75,1
6953.25,0
6953.5,1
6953.75,0
6956.75,1
6957.0,0
6968.75,1
6979.25,0
6980.0,1
6980.25,0
6992.5,1
7000.5,0
7000.75,1
7002.0,0
7004.5,1
7004.75,0
7014.25,1
7014.5,0
7015.5,1
7015.75,0
7016.25,1
7026.0,0
7088.0,1
7097.5,0
7099.75,1
7100.0,0
7110.0,1
7110.25,0
7111.75,1
7112.5,0
7112.75,1
7121.5,0
7134.25,1
7134.5,0
7136.25,1
7145.5,0
7157.5,1
7157.75,0
7160.5,1
7170.0,0
7182.5,1
7182.75,0
7184.0,1
7193.25,0
7193.5,1
7193.75,0
7197.25,1
7197.5,0
7256.75,1
7265.25,0
7265.5,1
7265.75,0
7280.5,1
7289.25,0
7289.5,1
7290.25,0
7303.75,1
7313.25,0
7313.5,1
7313.75,0
7328.0,1
7338.0,0
7340.0,1
7340.25,0
7341.5,1
7341.75,0
7351.5,1
7351.75,0
7352.25,1
7352.5,0
7353.0,1
7362.25,0
7424.0,1
7424.5,0
7425.0,1
7433.75,0
7434.0,1
7434.25,0
7437.25,1
7437.5,0
7448.75,1
7457.5,0
7470.75,1
7471.0,0
7471.5,1
7471.75,0
7472.5,1
7481.25,0
7494.5,1
7494.75,0
7496.75,1
7505.75,0
7519.0,1
7519.25,0
7520.5,1
7529.75,0
7530.0,1
7530.25,0
7592.5,1
7601.5,0
7616.0,1
7626.0,0
7630.0,1
7630.5,0
7631.5,1
7631.75,0
7640.75,1
7650.0,0
7664.75,1
7673.25,0
7673.5,1
7673.75,0
7686.0,1
7686.25,0
7688.0,1
7697.5,0
7759.0,1
7759.25,0
7760.0,1
7760.25,0
7760.5,1
7769.0,0
7769.25,1
7769.5,0
7770.0,1
7770.5,0
7774.25,1
7774.5,0
7782.75,1
7783.0,0
7784.0,1
7784.5,0
7784.75,1
7793.75,0
7808.25,1
7817.25,0
7817.5,1
7817.75,0
7832.5,1
7842.25,0
7846.0,1
7846.25,0
7926.25,1
7926.5,0
7928.25,1
7937.75,0
7941.0,1
7941.25,0
7952.0,1
7952.25,0
7952.5,1
7962.0,0
7973.75,1
7974.0,0
7976.75,1
7985.5,0
7985.75,1
7986.0,0
8000.5,1
8009.75,0
8010.0,1
8010.5,0
8024.75,1
8033.25,0
8033.5,1
8033.75,0
8094.0,1
8094.25,0
8096.75,1
8105.75,0
8108.5,1
8108.75,0
8109.25,1
8109.5,0
8119.75,1
8120.0,0
8120.5,1
8129.25,0
8144.25,1
8153.75,0
8157.25,1
8157.5,0
8167.75,1
8168.0,0
8168.25,1
8178.0,0
8192.25,1
8202.25,0
8205.75,1
8206.0,0
8258.0,1
8258.25,0
8261.75,1
8262.25,0
8263.0,1
8263.25,0
8264.25,1
8273.75,0
8288.25,1
8297.75,0
8310.75,1
8311.0,0
8312.25,1
8312.5,0
8312.75,1
8321.5,0
8335.75,1
8336.0,0
8336.25,1
8345.25,0
8345.5,1
8345.75,0
8347.5,1
8347.75,0
8357.75,1
8358.0,0
8358.25,1
8358.5,0
8358.75,1
8359.0,0
8360.5,1
8369.75,0
8372.75,1
8373.0,0
8431.75,1
8432.5,0
8432.75,1
8441.5,0
8441.75,1
8442.0,0
8445.0,1
8445.25,0
8456.25,1
8465.75,0
8480.25,1
8490.0,0
8501.75,1
8502.0,0
8503.5,1
8503.75,0
8504.0,1
8513.75,0
8527.75,1
8537.75,0
8624.0,1
8634.0,0
8637.0,1
8637.25,0
8646.75,1
8647.0,0
8648.5,1
8657.5,0
8671.75,1
8681.75,0
8684.0,1
8684.25,0
8685.25,1
8685.75,0
8693.75,1
8694.0,0
8696.75,1
8706.0,0

float Room-205 (4313,2)
0.0,0
31.0,1
31.5,0
32.5,1
32.75,0
33.0,1
33.25,0
33.5,1
34.75,0
35.0,1
36.0,0
36.5,1
38.0,0
38.5,1
39.25,0
39.5,1
40.75,0
54.0,1
54.25,0
57.0,1
57.75,0
58.0,1
58.75,0
59.0,1
59.25,0
59.75,1
60.0,0
60.25,1
61.0,0
61.25,1
61.5,0
61.75,1
65.25,0
70.75,1
71.0,0
79.0,1
79.5,0
80.5,1
80.75,0
81.0,1
81.25,0
81.5,1
81.75,0
82.0,1
84.75,0
85.0,1
86.5,0
87.0,1
88.0,0
88.25,1
89.0,0
89.25,1
89.5,0
104.25,1
104.5,0
104.75,1
107.0,0
107.25,1
107.5,0
107.75,1
111.5,0
111.75,1
113.0,0
113.25,1
113.5,0
128.75,1
129.0,0
129.5,1
131.25,0
131.5,1
131.75,0
132.0,1
133.0,0
133.25,1
133.5,0
133.75,1
134.5,0
134.75,1
136.75,0
137.25,1
137.75,0
198.75,1
199.0,0
199.25,1
199.5,0
200.0,1
200.25,0
201.25,1
203.0,0
203.25,1
203.5,0
204.0,1
205.25,0
205.5,1
206.0,0
206.75,1
207.0,0
207.25,1
207.5,0
207.75,1
209.0,0
209.25,1
209.75,0
221.75,1
222.0,0
224.5,1
224.75,0
225.0,1
225.25,0
226.0,1
228.75,0
229.25,1
229.5,0
229.75,1
231.25,0
231.75,1
232.25,0
232.5,1
233.25,0
247.0,1
247.25,0
247.5,1
247.75,0
249.25,1
249.75,0
250.0,1
251.0,0
251.25,1
251.5,0
251.75,1
255.0,0
255.25,1
256.75,0
257.0,1
257.5,0
260.25,1
260.5,0
271.0,1
271.25,0
273.5,1
273.75,0
274.0,1
275.0,0
275.25,1
275.5,0
275.75,1
277.75,0
278.0,1
278.5,0
279.0,1
279.25,0
279.75,1
281.25,0
296.75,1
297.25,0
298.0,1
299.25,0
299.5,1
300.25,0
300.5,1
301.75,0
302.0,1
303.5,0
303.75,1
304.0,0
304.25,1
305.25,0
308.5,1
308.75,0
366.75,1
367.0,0
368.75,1
369.75,0
370.0,1
370.75,0
371.0,1
373.5,0
373.75,1
374.0,0
374.25,1
374.5,0
375.0,1
375.25,0
375.5,1
376.0,0
376.25,1
377.0,0
390.75,1
391.0,0
392.75,1
393.0,0
393.25,1
394.0,0
394.25,1
396.5,0
396.75,1
397.0,0
397.25,1
397.75,0
398.0,1
398.75,0
399.0,1
400.5,0
400.75,1
401.25,0
439.5,1
439.75,0
440.25,1
440.5,0
441.0,1
441.5,0
441.75,1
444.0,0
444.25,1
445.0,0
445.25,1
445.5,0
446.0,1
446.5,0
446.75,1
447.5,0
447.75,1
449.0,0
463.0,1
463.25,0
464.75,1
468.0,0
468.25,1
471.0,0
471.5,1
472.0,0
472.25,1
472.75,0
473.0,1
473.25,0
534.75,1
535.0,0
535.25,1
535.75,0
537.25,1
540.75,0
541.0,1
541.5,0
541.75,1
543.0,0
543.25,1
543.75,0
544.0,1
545.25,0
557.5,1
557.75,0
558.0,1
558.25,0
560.75,1
561.0,0
561.75,1
562.0,0
562.25,1
563.5,0
563.75,1
564.25,0
564.5,1
564.75,0
565.25,1
566.25,0
566.75,1
567.5,0
567.75,1
568.5,0
568.75,1
569.25,0
573.75,1
574.0,0
584.75,1
585.0,0
585.25,1
586.0,0
586.25,1
587.0,0
587.25,1
588.0,0
588.25,1
588.5,0
588.75,1
591.75,0
592.0,1
592.75,0
593.0,1
593.25,0
609.25,1
610.0,0
610.25,1
611.75,0
612.0,1
615.25,0
615.5,1
616.25,0
616.5,1
617.5,0
630.5,1
631.25,0
633.25,1
634.5,0
634.75,1
635.25,0
635.5,1
635.75,0
636.0,1
636.25,0
637.0,1
639.0,0
639.5,1
641.0,0
642.0,1
642.25,0
644.0,1
644.25,0
704.75,1
705.25,0
705.5,1
707.25,0
707.5,1
708.25,0
708.5,1
709.25,0
709.5,1
710.25,0
710.5,1
712.25,0
712.5,1
713.0,0
727.75,1
728.0,0
728.5,1
728.75,0
729.0,1
731.75,0
732.0,1
732.75,0
733.0,1
734.75,0
735.0,1
736.25,0
736.75,1
737.5,0
750.5,1
750.75,0
751.0,1
751.5,0
752.75,1
753.0,0
753.5,1
755.25,0
755.5,1
756.25,0
756.5,1
757.5,0
757.75,1
758.0,0
758.25,1
759.5,0
759.75,1
761.0,0
761.75,1
762.0,0
776.25,1
776.5,0
776.75,1
777.0,0
777.25,1
779.75,0
780.0,1
781.0,0
781.5,1
782.0,0
782.25,1
782.75,0
783.5,1
783.75,0
784.0,1
784.75,0
785.0,1
785.25,0
788.0,1
788.25,0
788.5,1
788.75,0
800.75,1
801.0,0
801.5,1
802.5,0
802.75,1
804.0,0
804.25,1
805.5,0
805.75,1
806.0,0
806.25,1
806.5,0
806.75,1
807.5,0
808.0,1
809.0,0
809.25,1
809.75,0
812.25,1
812.5,0
813.25,1
813.5,0
873.25,1
873.5,0
873.75,1
874.75,0
875.0,1
876.0,0
876.25,1
876.75,0
877.0,1
879.5,0
879.75,1
880.5,0
880.75,1
881.0,0
881.5,1
881.75,0
884.5,1
884.75,0
885.5,1
885.75,0
886.25,1
886.5,0
894.5,1
894.75,0
897.0,1
897.75,0
898.0,1
901.5,0
902.0,1
903.25,0
903.5,1
903.75,0
904.0,1
905.0,0
908.25,1
908.5,0
919.5,1
920.0,0
921.0,1
923.5,0
924.0,1
924.5,0
924.75,1
925.25,0
925.75,1
926.0,0
926.25,1
927.5,0
928.0,1
929.0,0
929.5,1
929.75,0
945.25,1
945.5,0
946.25,1
947.5,0
947.75,1
949.0,0
949.25,1
950.0,0
950.25,1
951.0,0
951.25,1
951.5,0
951.75,1
953.25,0
953.75,1
954.0,0
957.25,1
957.5,0
966.25,1
966.75,0
968.75,1
969.0,0
969.25,1
971.5,0
971.75,1
973.5,0
973.75,1
975.25,0
976.0,1
976.75,0
1040.25,1
1040.75,0
1041.25,1
1042.25,0
1043.0,1
1043.5,0
1043.75,1
1044.25,0
1044.5,1
1045.75,0
1046.0,1
1047.75,0
1048.0,1
1048.25,0
1048.75,1
1049.25,0
1049.5,1
1049.75,0
1062.25,1
1062.5,0
1065.25,1
1066.0,0
1066.25,1
1067.0,0
1067.25,1
1069.0,0
1069.25,1
1070.5,0
1070.75,1
1071.5,0
1071.75,1
1073.5,0
1077.75,1
1078.0,0
1110.5,1
1110.75,0
1111.0,1
1111.25,0
1112.75,1
1114.25,0
1114.5,1
1115.5,0
1115.75,1
1116.0,0
1117.0,1
1117.5,0
1117.75,1
1118.25,0
1118.5,1
1119.0,0
1119.25,1
1120.5,0
1121.0,1
1121.5,0
1126.5,1
1126.75,0
1135.0,1
1135.25,0
1137.25,1
1138.0,0
1138.25,1
1138.5,0
1138.75,1
1141.0,0
1142.5,1
1144.0,0
1144.25,1
1145.0,0
1145.25,1
1145.5,0
1149.5,1
1149.75,0
1208.25,1
1208.5,0
1209.5,1
1212.25,0
1212.75,1
1214.25,0
1214.5,1
1216.0,0
1216.25,1
1217.25,0
1231.5,1
1231.75,0
1232.25,1
1232.5,0
1232.75,1
1233.0,0
1233.25,1
1234.0,0
1234.25,1
1236.75,0
1237.25,1
1239.25,0
1239.5,1
1239.75,0
1240.0,1
1240.25,0
1240.75,1
1241.5,0
1255.25,1
1256.0,0
1256.5,1
1257.0,0
1257.25,1
1257.5,0
1257.75,1
1258.0,0
1258.25,1
1258.5,0
1258.75,1
1260.75,0
1261.0,1
1261.75,0
1262.0,1
1262.5,0
1262.75,1
1263.75,0
1264.0,1
1265.25,0
1279.25,1
1280.0,0
1281.25,1
1282.0,0
1282.25,1
1283.5,0
1283.75,1
1284.25,0
1284.5,1
1285.25,0
1285.75,1
1286.25,0
1286.5,1
1288.5,0
1289.0,1
1289.25,0
1293.75,1
1294.25,0
1302.25,1
1302.5,0
1303.0,1
1303.25,0
1305.0,1
1305.25,0
1305.5,1
1309.5,0
1309.75,1
1310.0,0
1310.25,1
1310.75,0
1311.0,1
1312.5,0
1312.75,1
1313.0,0
1313.25,1
1313.5,0
1375.0,1
1375.25,0
1377.0,1
1377.5,0
1377.75,1
1378.0,0
1378.25,1
1379.75,0
1380.25,1
1380.5,0
1380.75,1
1381.0,0
1381.75,1
1382.5,0
1382.75,1
1383.0,0
1383.25,1
1384.0,0
1384.5,1
1385.25,0
1398.75,1
1399.0,0
1400.25,1
1400.5,0
1400.75,1
1401.0,0
1401.25,1
1401.5,0
1401.75,1
1402.5,0
1402.75,1
1404.25,0
1404.5,1
1405.25,0
1405.5,1
1406.0,0
1406.25,1
1408.25,0
1408.5,1
1409.0,0
1422.5,1
1422.75,0
1423.75,1
1424.0,0
1424.75,1
1426.0,0
1426.25,1
1427.25,0
1427.5,1
1430.5,0
1430.75,1
1431.25,0
1431.5,1
1432.0,0
1432.5,1
1433.0,0
1446.0,1
1446.25,0
1449.5,1
1450.0,0
1450.25,1
1453.25,0
1453.5,1
1455.25,0
1455.5,1
1456.5,0
1456.75,1
1457.0,0
1470.75,1
1471.0,0
1473.5,1
1474.5,0
1475.0,1
1475.75,0
1476.0,1
1477.5,0
1477.75,1
1478.0,0
1478.5,1
1479.75,0
1480.25,1
1480.5,0
1481.5,1
1481.75,0
1485.0,1
1485.25,0
1541.75,1
1542.0,0
1543.75,1
1544.0,0
1544.5,1
1545.25,0
1545.5,1
1546.0,0
1546.25,1
1547.5,0
1547.75,1
1549.5,0
1549.75,1
1550.0,0
1550.25,1
1550.5,0
1550.75,1
1551.25,0
1551.5,1
1553.25,0
1566.25,1
1566.5,0
1567.0,1
1567.25,0
1567.75,1
1568.25,0
1568.75,1
1569.0,0
1569.5,1
1570.25,0
1570.5,1
1571.5,0
1571.75,1
1572.5,0
1573.0,1
1573.75,0
1574.0,1
1577.5,0
1591.0,1
1591.25,0
1593.25,1
1594.5,0
1594.75,1
1595.75,0
1596.0,1
1596.5,0
1596.75,1
1597.5,0
1598.25,1
1599.0,0
1599.25,1
1600.0,0
1600.25,1
1600.5,0
1601.25,1
1601.5,0
1604.5,1
1604.75,0
1615.0,1
1615.5,0
1617.0,1
1617.75,0
1618.0,1
1619.0,0
1619.25,1
1620.25,0
1620.75,1
1621.0,0
1621.25,1
1621.5,0
1622.0,1
1622.25,0
1622.5,1
1623.25,0
1623.5,1
1624.25,0
1624.5,1
1625.25,0
1628.75,1
1629.0,0
1629.5,1
1629.75,0
1638.0,1
1638.25,0
1638.5,1
1638.75,0
1639.0,1
1639.25,0
1641.25,1
1641.5,0
1641.75,1
1642.25,0
1642.5,1
1644.25,0
1644.5,1
1645.5,0
1645.75,1
1647.0,0
1647.25,1
1647.5,0
1648.0,1
1648.75,0
1649.0,1
1649.25,0
1712.75,1
1713.0,0
1713.75,1
1715.5,0
1715.75,1
1717.25,0
1717.75,1
1718.25,0
1718.5,1
1718.75,0
1719.0,1
1719.5,0
1719.75,1
1720.25,0
1720.5,1
1721.25,0
1734.5,1
1735.0,0
1736.75,1
1739.5,0
1739.75,1
1740.25,0
1740.5,1
1742.25,0
1742.5,1
1742.75,0
1743.0,1
1744.25,0
1744.5,1
1744.75,0
1745.0,1
1745.25,0
1747.5,1
1747.75,0
1749.0,1
1749.25,0
1760.0,1
1760.25,0
1761.0,1
1761.25,0
1761.5,1
1761.75,0
1762.25,1
1762.75,0
1763.0,1
1763.5,0
1763.75,1
1765.5,0
1766.0,1
1766.75,0
1767.0,1
1769.25,0
1769.5,1
1769.75,0
1782.5,1
1783.0,0
1785.5,1
1786.0,0
1786.25,1
1787.5,0
1788.0,1
1790.0,0
1790.25,1
1791.0,0
1791.5,1
1791.75,0
1792.0,1
1792.5,0
1793.0,1
1793.5,0
1797.75,1
1798.0,0
1806.0,1
1806.25,0
1806.5,1
1806.75,0
1808.75,1
1810.5,0
1810.75,1
1812.25,0
1812.5,1
1813.0,0
1813.5,1
1817.75,0
1880.75,1
1881.5,0
1882.5,1
1883.5,0
1883.75,1
1885.0,0
1885.25,1
1888.75,0
1889.75,1
1890.0,0
1902.5,1
1902.75,0
1905.25,1
1907.25,0
1907.5,1
1907.75,0
1908.0,1
1908.25,0
1908.5,1
1909.25,0
1909.5,1
1910.0,0
1910.25,1
1912.5,0
1913.0,1
1913.25,0
1913.5,1
1914.0,0
1929.25,1
1930.0,0
1930.25,1
1931.0,0
1931.25,1
1932.0,0
1932.25,1
1932.5,0
1932.75,1
1933.25,0
1933.5,1
1933.75,0
1934.0,1
1935.0,0
1935.25,1
1937.25,0
1937.5,1
1937.75,0
1950.0,1
1950.25,0
1950.75,1
1951.0,0
1953.0,1
1953.25,0
1953.5,1
1954.75,0
1955.0,1
1957.0,0
1957.25,1
1957.75,0
1958.0,1
1958.25,0
1958.5,1
1959.25,0
1959.5,1
1961.0,0
1965.25,1
1965.5,0
1974.5,1
1974.75,0
1976.5,1
1977.25,0
1977.75,1
1978.5,0
1978.75,1
1979.25,0
1979.5,1
1983.0,0
1983.25,1
1984.75,0
1985.0,1
1985.25,0
1989.5,1
1989.75,0
2049.0,1
2049.75,0
2050.0,1
2050.25,0
2050.5,1
2052.5,0
2053.5,1
2054.5,0
2054.75,1
2055.25,0
2055.5,1
2055.75,0
2056.0,1
2057.0,0
2060.75,1
2061.0,0
2072.0,1
2072.25,0
2073.0,1
2073.5,0
2073.75,1
2076.75,0
2077.0,1
2077.75,0
2078.25,1
2078.75,0
2079.0,1
2080.0,0
2080.5,1
2081.0,0
2081.25,1
2081.75,0
2097.0,1
2099.5,0
2099.75,1
2100.25,0
2100.5,1
2104.25,0
2104.75,1
2105.25,0
2118.25,1
2118.5,0
2119.0,1
2119.25,0
2119.75,1
2120.0,0
2120.75,1
2121.0,0
2121.25,1
2121.75,0
2122.0,1
2123.25,0
2123.5,1
2123.75,0
2124.25,1
2127.75,0
2128.0,1
2128.75,0
2143.25,1
2143.5,0
2144.75,1
2145.0,0
2145.25,1
2146.5,0
2146.75,1
2148.75,0
2149.0,1
2149.5,0
2149.75,1
2150.25,0
2150.75,1
2153.0,0
2213.75,1
2214.0,0
2215.0,1
2215.25,0
2216.75,1
2220.75,0
2221.25,1
2222.75,0
2223.0,1
2223.25,0
2223.5,1
2225.25,0
2227.0,1
2227.25,0
2227.5,1
2227.75,0
2228.5,1
2228.75,0
2238.5,1
2238.75,0
2239.75,1
2240.0,0
2241.0,1
2241.25,0
2241.5,1
2242.25,0
2242.5,1
2244.5,0
2245.0,1
2245.25,0
2245.5,1
2247.0,0
2247.25,1
2249.0,0
2251.5,1
2251.75,0
2265.25,1
2265.5,0
2265.75,1
2266.25,0
2266.5,1
2268.25,0
2268.5,1
2269.5,0
2269.75,1
2270.75,0
2271.0,1
2272.0,0
2272.25,1
2272.5,0
2273.25,1
2273.5,0
2276.0,1
2276.25,0
2288.0,1
2288.25,0
2289.0,1
2289.25,0
2289.5,1
2290.0,0
2290.25,1
2290.75,0
2291.0,1
2295.25,0
2295.5,1
2297.0,0
2299.75,1
2300.0,0
2311.0,1
2311.25,0
2311.5,1
2312.0,0
2312.25,1
2312.5,0
2312.75,1
2314.25,0
2314.5,1
2317.25,0
2318.0,1
2318.75,0
2319.0,1
2321.25,0
2384.25,1
2384.5,0
2385.75,1
2386.25,0
2386.5,1
2386.75,0
2387.0,1
2388.25,0
2388.5,1
2389.5,0
2389.75,1
2390.25,0
2390.5,1
2391.5,0
2391.75,1
2392.0,0
2392.25,1
2393.0,0
2407.25,1
2407.5,0
2408.5,1
2409.0,0
2409.25,1
2410.25,0
2410.5,1
2413.0,0
2413.25,1
2413.75,0
2414.0,1
2414.5,0
2414.75,1
2416.25,0
2416.75,1
2417.0,0
2417.25,1
2417.5,0
2431.0,1
2431.25,0
2431.75,1
2432.0,0
2432.25,1
2432.5,0
2432.75,1
2433.0,0
2433.5,1
2434.0,0
2434.25,1
2436.25,0
2436.75,1
2437.0,0
2437.25,1
2438.0,0
2438.5,1
2440.0,0
2440.25,1
2440.5,0
2455.0,1
2455.25,0
2456.75,1
2457.75,0
2458.0,1
2459.75,0
2460.0,1
2460.75,0
2461.0,1
2461.25,0
2461.5,1
2465.0,0
2470.0,1
2470.25,0
2479.25,1
2479.5,0
2480.0,1
2480.25,0
2481.0,1
2482.25,0
2482.5,1
2483.5,0
2483.75,1
2484.25,0
2484.5,1
2485.5,0
2486.25,1
2488.0,0
2488.25,1
2488.75,0
2550.5,1
2550.75,0
2552.5,1
2553.75,0
2554.25,1
2555.25,0
2555.5,1
2556.25,0
2556.5,1
2557.75,0
2558.25,1
2558.5,0
2558.75,1
2559.5,0
2559.75,1
2560.5,0
2560.75,1
2561.0,0
2575.0,1
2575.25,0
2576.5,1
2576.75,0
2577.0,1
2580.0,0
2580.25,1
2581.75,0
2582.0,1
2583.25,0
2583.5,1
2583.75,0
2584.0,1
2585.0,0
2585.25,1
2585.5,0
2588.75,1
2589.0,0
2598.5,1
2598.75,0
2599.0,1
2599.25,0
2601.25,1
2601.5,0
2601.75,1
2602.0,0
2602.25,1
2603.0,0
2603.25,1
2605.5,0
2605.75,1
2607.0,0
2607.25,1
2607.75,0
2608.0,1
2609.5,0
2622.75,1
2623.0,0
2624.0,1
2624.5,0
2625.5,1
2627.5,0
2627.75,1
2628.0,0
2628.5,1
2628.75,0
2629.0,1
2629.5,0
2629.75,1
2630.0,0
2630.25,1
2631.5,0
2631.75,1
2633.0,0
2647.5,1
2648.0,0
2648.25,1
2649.5,0
2650.0,1
2650.75,0
2651.0,1
2652.0,0
2652.25,1
2652.5,0
2652.75,1
2653.5,0
2654.0,1
2656.5,0
2657.25,1
2657.5,0
2657.75,1
2658.0,0
2719.0,1
2719.25,0
2721.5,1
2722.25,0
2722.5,1
2722.75,0
2723.0,1
2724.25,0
2724.5,1
2725.0,0
2725.25,1
2725.5,0
2725.75,1
2726.0,0
2726.25,1
2727.25,0
2727.5,1
2728.5,0
2729.0,1
2729.5,0
2732.25,1
2732.5,0
2743.5,1
2744.25,0
2744.75,1
2745.0,0
2745.25,1
2747.75,0
2748.0,1
2749.0,0
2749.25,1
2750.0,0
2750.25,1
2750.5,0
2750.75,1
2751.0,0
2751.25,1
2752.0,0
2752.25,1
2752.75,0
2757.5,1
2757.75,0
2758.0,1
2758.25,0
2767.75,1
2768.0,0
2769.0,1
2770.0,0
2770.5,1
2772.25,0
2772.5,1
2773.5,0
2774.0,1
2775.25,0
2775.5,1
2776.75,0
2793.25,1
2795.0,0
2795.25,1
2796.25,0
2796.5,1
2797.5,0
2797.75,1
2800.0,0
2800.5,1
2800.75,0
2801.0,1
2801.5,0
2816.25,1
2816.75,0
2817.0,1
2818.0,0
2818.25,1
2819.75,0
2820.0,1
2821.0,0
2821.5,1
2823.75,0
2824.25,1
2825.25,0
2829.25,1
2829.5,0
2886.5,1
2886.75,0
2888.0,1
2888.25,0
2888.75,1
2889.0,0
2889.5,1
2891.5,0
2891.75,1
2892.75,0
2893.25,1
2893.5,0
2893.75,1
2894.25,0
2894.75,1
2895.25,0
2895.75,1
2896.0,0
2896.25,1
2896.5,0
2896.75,1
2897.0,0
2910.5,1
2910.75,0
2911.5,1
2912.0,0
2912.5,1
2913.0,0
2913.75,1
2915.5,0
2915.75,1
2916.5,0
2916.75,1
2917.0,0
2917.5,1
2917.75,0
2918.0,1
2919.25,0
2919.5,1
2920.5,0
2936.25,1
2936.5,0
2937.0,1
2939.25,0
2939.5,1
2939.75,0
2940.0,1
2940.25,0
2940.5,1
2940.75,0
2941.0,1
2941.75,0
2942.0,1
2942.5,0
2942.75,1
2943.5,0
2943.75,1
2944.25,0
2944.5,1
2945.0,0
2958.25,1
2958.5,0
2959.75,1
2960.0,0
2960.5,1
2960.75,0
2961.0,1
2962.0,0
2962.25,1
2962.5,0
2962.75,1
2964.0,0
2964.25,1
2964.5,0
2964.75,1
2965.25,0
2965.5,1
2966.0,0
2966.25,1
2966.75,0
2967.0,1
2967.5,0
2967.75,1
2968.25,0
2968.75,1
2969.0,0
2969.25,1
2969.5,0
2972.75,1
2973.0,0
2973.25,1
2973.5,0
2983.0,1
2983.25,0
2985.25,1
2985.5,0
2986.0,1
2989.25,0
2990.0,1
2993.25,0
3055.25,1
3055.5,0
3056.75,1
3057.0,0
3057.25,1
3057.5,0
3057.75,1
3058.25,0
3059.0,1
3059.5,0
3059.75,1
3065.0,0
3068.25,1
3068.5,0
3072.5,1
3072.75,0
3080.25,1
3080.5,0
3081.0,1
3084.25,0
3084.75,1
3086.0,0
3086.25,1
3087.5,0
3088.0,1
3088.75,0
3089.0,1
3089.25,0
3102.75,1
3103.0,0
3104.5,1
3105.0,0
3105.25,1
3105.5,0
3105.75,1
3106.75,0
3107.0,1
3107.75,0
3108.0,1
3108.5,0
3108.75,1
3109.0,0
3109.25,1
3110.5,0
3110.75,1
3112.5,0
3112.75,1
3113.25,0
3118.25,1
3118.5,0
3127.75,1
3128.0,0
3128.75,1
3131.0,0
3131.25,1
3133.5,0
3133.75,1
3136.0,0
3136.25,1
3136.75,0
3141.0,1
3141.5,0
3150.5,1
3150.75,0
3152.75,1
3157.5,0
3157.75,1
3160.5,0
3160.75,1
3161.0,0
3164.75,1
3165.0,0
3222.25,1
3222.5,0
3224.75,1
3225.0,0
3225.5,1
3226.5,0
3226.75,1
3228.5,0
3228.75,1
3229.5,0
3229.75,1
3230.25,0
3230.75,1
3231.5,0
3231.75,1
3232.75,0
3236.5,1
3236.75,0
3237.25,1
3237.5,0
3249.25,1
3250.25,0
3250.5,1
3250.75,0
3251.5,1
3252.25,0
3252.5,1
3253.0,0
3253.25,1
3255.5,0
3255.75,1
3256.75,0
3257.75,1
3258.0,0
3262.25,1
3262.5,0
3271.0,1
3271.25,0
3271.75,1
3272.0,0
3273.25,1
3273.5,0
3273.75,1
3275.25,0
3275.5,1
3277.5,0
3277.75,1
3278.25,0
3278.5,1
3278.75,0
3279.5,1
3280.5,0
3280.75,1
3281.5,0
3285.25,1
3285.5,0
3286.75,1
3287.0,0
3294.0,1
3294.25,0
3294.5,1
3294.75,0
3296.5,1
3297.0,0
3297.25,1
3298.0,0
3298.25,1
3298.5,0
3298.75,1
3299.5,0
3299.75,1
3301.75,0
3302.0,1
3302.25,0
3302.75,1
3303.0,0
3303.25,1
3303.5,0
3303.75,1
3304.0,0
3304.25,1
3305.5,0
3318.75,1
3319.0,0
3320.0,1
3320.25,0
3320.75,1
3321.0,0
3321.5,1
3323.75,0
3324.25,1
3325.0,0
3325.25,1
3326.5,0
3326.75,1
3329.0,0
3332.5,1
3332.75,0
3390.25,1
3390.5,0
3391.25,1
3391.5,0
3393.0,1
3395.5,0
3395.75,1
3396.25,0
3396.75,1
3397.5,0
3398.0,1
3398.25,0
3398.75,1
3400.5,0
3400.75,1
3401.25,0
3401.5,1
3401.75,0
3415.25,1
3415.5,0
3415.75,1
3416.25,0
3417.0,1
3417.25,0
3418.25,1
3420.75,0
3421.0,1
3421.5,0
3421.75,1
3422.5,0
3422.75,1
3423.0,0
3423.25,1
3423.5,0
3423.75,1
3424.25,0
3424.5,1
3425.25,0
3440.0,1
3440.25,0
3441.25,1
3442.0,0
3442.25,1
3444.25,0
3444.5,1
3445.25,0
3445.5,1
3446.75,0
3447.0,1
3447.25,0
3447.5,1
3448.0,0
3448.25,1
3448.75,0
3463.0,1
3464.0,0
3464.5,1
3467.75,0
3468.0,1
3468.5,0
3468.75,1
3472.5,0
3472.75,1
3473.25,0
3474.0,1
3474.25,0
3476.0,1
3476.25,0
3487.25,1
3487.5,0
3488.5,1
3488.75,0
3489.0,1
3490.0,0
3490.25,1
3491.25,0
3491.5,1
3492.0,0
3492.5,1
3493.25,0
3493.75,1
3497.25,0
3500.0,1
3500.25,0
3560.25,1
3560.5,0
3561.0,1
3561.25,0
3561.5,1
3564.25,0
3564.5,1
3565.75,0
3566.0,1
3568.75,0
3569.0,1
3569.5,0
3572.75,1
3573.0,0
3608.5,1
3608.75,0
3609.0,1
3609.5,0
3609.75,1
3610.75,0
3611.0,1
3611.25,0
3611.5,1
3612.5,0
3612.75,1
3613.0,0
3613.25,1
3613.75,0
3614.0,1
3614.75,0
3615.0,1
3615.25,0
3615.5,1
3615.75,0
3616.0,1
3616.5,0
3617.0,1
3617.5,0
3632.75,1
3633.25,0
3633.5,1
3635.75,0
3636.0,1
3639.75,0
3640.0,1
3640.25,0
3640.5,1
3641.0,0
3644.75,1
3645.0,0
3653.0,1
3653.25,0
3653.75,1
3654.0,0
3656.25,1
3656.5,0
3657.0,1
3657.25,0
3657.5,1
3659.25,0
3659.5,1
3660.5,0
3660.75,1
3663.0,0
3663.25,1
3663.5,0
3663.75,1
3664.25,0
3664.5,1
3664.75,0
3727.0,1
3727.25,0
3728.0,1
3728.5,0
3729.25,1
3731.25,0
3731.5,1
3732.0,0
3732.25,1
3732.75,0
3733.0,1
3733.5,0
3733.75,1
3734.25,0
3734.5,1
3735.0,0
3735.25,1
3735.75,0
3736.0,1
3736.5,0
3736.75,1
3737.25,0
3739.75,1
3740.0,0
3753.0,1
3753.75,0
3754.0,1
3755.0,0
3755.25,1
3756.0,0
3756.25,1
3757.0,0
3757.25,1
3758.5,0
3758.75,1
3759.75,0
3760.0,1
3760.5,0
3764.5,1
3764.75,0
3776.5,1
3777.25,0
3777.5,1
3778.25,0
3778.5,1
3780.0,0
3780.25,1
3780.5,0
3780.75,1
3781.5,0
3781.75,1
3782.75,0
3783.0,1
3783.5,0
3783.75,1
3784.5,0
3784.75,1
3785.5,0
3797.75,1
3798.0,0
3800.75,1
3801.0,0
3801.25,1
3801.5,0
3801.75,1
3802.75,0
3803.0,1
3804.0,0
3804.5,1
3805.5,0
3806.0,1
3806.25,0
3806.5,1
3808.5,0
3808.75,1
3809.0,0
3824.75,1
3825.0,0
3825.25,1
3827.5,0
3828.25,1
3829.0,0
3829.25,1
3831.0,0
3831.25,1
3833.0,0
3894.25,1
3894.5,0
3895.0,1
3895.25,0
3895.5,1
3895.75,0
3896.5,1
3896.75,0
3897.25,1
3900.5,0
3900.75,1
3903.75,0
3904.25,1
3905.75,0
3918.5,1
3918.75,0
3920.5,1
3920.75,0
3921.0,1
3922.25,0
3922.5,1
3926.0,0
3926.25,1
3927.75,0
3928.0,1
3928.75,0
3929.0,1
3929.5,0
3942.75,1
3943.0,0
3944.0,1
3944.25,0
3945.0,1
3949.25,0
3949.5,1
3950.0,0
3950.5,1
3950.75,0
3951.25,1
3953.0,0
3953.25,1
3953.75,0
3956.75,1
3957.0,0
3957.5,1
3957.75,0
3967.75,1
3968.0,0
3969.0,1
3970.5,0
3970.75,1
3973.0,0
3973.25,1
3973.5,0
3974.0,1
3974.25,0
3974.5,1
3975.0,0
3975.25,1
3976.0,0
3976.25,1
3976.5,0
3976.75,1
3977.25,0
3993.25,1
3993.5,0
3993.75,1
3995.75,0
3996.0,1
3999.25,0
3999.5,1
4000.5,0
4000.75,1
4001.0,0
4003.5,1
4003.75,0
4004.75,1
4005.0,0
4062.25,1
4062.5,0
4062.75,1
4063.0,0
4064.5,1
4064.75,0
4065.0,1
4065.25,0
4065.5,1
4066.0,0
4066.5,1
4068.0,0
4068.25,1
4070.5,0
4070.75,1
4072.75,0
4087.5,1
4087.75,0
4089.0,1
4091.75,0
4092.0,1
4092.5,0
4092.75,1
4094.0,0
4094.25,1
4094.5,0
4094.75,1
4095.25,0
4095.5,1
4096.5,0
4096.75,1
4097.0,0
4112.5,1
4113.5,0
4114.0,1
4119.0,0
4119.25,1
4119.75,0
4120.0,1
4120.25,0
4120.5,1
4120.75,0
4121.25,1
4121.5,0
4124.75,1
4125.0,0
4137.5,1
4140.25,0
4140.75,1
4141.25,0
4142.0,1
4143.0,0
4143.25,1
4143.5,0
4144.0,1
4145.0,0
4147.25,1
4147.5,0
4148.0,1
4148.25,0
4162.0,1
4163.0,0
4163.25,1
4164.0,0
4164.25,1
4164.5,0
4165.0,1
4167.25,0
4167.5,1
4168.0,0
4168.25,1
4168.75,0
4169.75,1
4170.0,0
4172.0,1
4172.25,0
4230.25,1
4230.5,0
4232.75,1
4235.0,0
4235.5,1
4236.0,0
4236.5,1
4237.5,0
4237.75,1
4240.25,0
4241.25,1
4241.5,0
4255.75,1
4256.0,0
4257.0,1
4257.25,0
4257.5,1
4258.5,0
4258.75,1
4260.5,0
4260.75,1
4261.5,0
4261.75,1
4262.5,0
4262.75,1
4264.25,0
4264.5,1
4264.75,0
4279.75,1
4280.25,0
4280.75,1
4284.75,0
4285.0,1
4285.75,0
4286.0,1
4286.25,0
4286.5,1
4286.75,0
4287.0,1
4288.0,0
4288.25,1
4288.75,0
4289.0,1
4289.25,0
4292.75,1
4293.0,0
4303.5,1
4303.75,0
4304.75,1
4305.75,0
4306.0,1
4307.0,0
4307.25,1
4308.5,0
4309.0,1
4309.5,0
4309.75,1
4310.25,0
4310.5,1
4312.25,0
4312.5,1
4313.0,0
4313.25,1
4313.5,0
4326.5,1
4326.75,0
4328.25,1
4328.5,0
4328.75,1
4330.0,0
4330.25,1
4331.25,0
4332.5,1
4336.75,0
4337.0,1
4337.25,0
4342.0,1
4342.25,0
4401.0,1
4401.25,0
4401.5,1
4402.0,0
4402.5,1
4402.75,0
4403.5,1
4404.25,0
4404.5,1
4407.25,0
4407.5,1
4409.25,0
4449.0,1
4450.25,0
4450.5,1
4451.0,0
4451.25,1
4452.0,0
4452.5,1
4453.25,0
4453.5,1
4454.0,0
4454.5,1
4454.75,0
4455.25,1
4456.75,0
4457.0,1
4457.5,0
4470.25,1
4470.5,0
4471.0,1
4471.5,0
4472.25,1
4472.5,0
4473.0,1
4475.0,0
4475.25,1
4475.5,0
4475.75,1
4478.0,0
4478.25,1
4479.75,0
4480.25,1
4480.75,0
4481.0,1
4481.5,0
4495.25,1
4495.5,0
4496.75,1
4497.0,0
4497.25,1
4497.5,0
4497.75,1
4498.25,0
4498.5,1
4499.0,0
4499.25,1
4499.5,0
4500.0,1
4501.0,0
4501.25,1
4501.75,0
4502.25,1
4504.25,0
4504.5,1
4505.75,0
4508.75,1
4509.0,0
4566.25,1
4566.75,0
4567.0,1
4567.25,0
4567.5,1
4567.75,0
4568.5,1
4569.75,0
4570.25,1
4573.0,0
4573.25,1
4576.25,0
4576.75,1
4577.25,0
4592.75,1
4593.0,0
4593.25,1
4593.5,0
4594.0,1
4594.25,0
4594.75,1
4595.25,0
4595.5,1
4596.0,0
4596.25,1
4596.75,0
4597.75,1
4598.25,0
4598.5,1
4600.0,0
4600.25,1
4600.5,0
4601.0,1
4601.25,0
4605.75,1
4606.0,0
4615.0,1
4615.25,0
4615.75,1
4616.0,0
4617.5,1
4618.5,0
4618.75,1
4619.25,0
4619.5,1
4620.0,0
4620.25,1
4622.75,0
4623.0,1
4625.25,0
4625.5,1
4625.75,0
4628.25,1
4628.5,0
4629.0,1
4629.25,0
4630.75,1
4631.0,0
4638.25,1
4638.5,0
4640.5,1
4640.75,0
4641.0,1
4644.5,0
4644.75,1
4645.0,0
4645.5,1
4646.25,0
4646.5,1
4648.75,0
4662.75,1
4663.0,0
4663.5,1
4663.75,0
4664.25,1
4665.5,0
4666.0,1
4666.5,0
4667.0,1
4669.5,0
4670.0,1
4670.25,0
4670.5,1
4671.5,0
4672.25,1
4672.75,0
4736.5,1
4737.0,0
4737.75,1
4738.75,0
4739.0,1
4739.25,0
4739.5,1
4739.75,0
4740.0,1
4741.75,0
4742.0,1
4744.0,0
4744.25,1
4744.5,0
4744.75,1
4745.5,0
4748.25,1
4748.5,0
4758.25,1
4758.5,0
4759.25,1
4759.5,0
4760.75,1
4761.0,0
4761.5,1
4761.75,0
4762.0,1
4763.25,0
4763.5,1
4764.0,0
4764.25,1
4764.75,0
4765.0,1
4766.5,0
4766.75,1
4767.0,0
4767.25,1
4768.75,0
4769.0,1
4769.25,0
4782.75,1
4783.0,0
4785.25,1
4786.0,0
4787.0,1
4787.5,0
4787.75,1
4788.0,0
4788.25,1
4789.0,0
4789.25,1
4790.0,0
4790.25,1
4792.25,0
4792.5,1
4793.0,0
4793.25,1
4793.5,0
4807.75,1
4808.0,0
4808.5,1
4808.75,0
4809.0,1
4809.5,0
4809.75,1
4810.5,0
4810.75,1
4811.5,0
4811.75,1
4812.75,0
4813.0,1
4814.0,0
4814.25,1
4816.5,0
4816.75,1
4817.5,0
4821.75,1
4822.0,0
4833.0,1
4833.5,0
4833.75,1
4835.25,0
4835.5,1
4836.5,0
4836.75,1
4837.5,0
4837.75,1
4841.0,0
4841.25,1
4841.5,0
4903.75,1
4904.25,0
4905.25,1
4905.5,0
4905.75,1
4909.0,0
4909.75,1
4910.0,0
4910.25,1
4910.5,0
4910.75,1
4911.0,0
4911.25,1
4913.0,0
4918.25,1
4918.5,0
4926.75,1
4927.0,0
4927.5,1
4927.75,0
4928.25,1
4928.5,0
4929.0,1
4932.25,0
4932.5,1
4932.75,0
4933.0,1
4934.0,0
4934.25,1
4936.0,0
4936.25,1
4937.5,0
4940.75,1
4941.0,0
4951.75,1
4952.0,0
4952.25,1
4952.5,0
4953.0,1
4953.25,0
4953.75,1
4954.5,0
4954.75,1
4955.25,0
4955.5,1
4960.0,0
4960.25,1
4960.5,0
4960.75,1
4961.25,0
4961.75,1
4962.0,0
4964.25,1
4964.5,0
4973.5,1
4973.75,0
4976.25,1
4977.5,0
4977.75,1
4978.0,0
4978.25,1
4978.5,0
4978.75,1
4979.5,0
4979.75,1
4980.5,0
4980.75,1
4981.0,0
4981.25,1
4982.5,0
4982.75,1
4983.0,0
4983.25,1
4983.5,0
4983.75,1
4984.25,0
4984.5,1
4985.0,0
4985.5,1
4985.75,0
4999.25,1
4999.5,0
5000.5,1
5001.0,0
5001.5,1
5002.5,0
5002.75,1
5004.5,0
5004.75,1
5006.25,0
5006.5,1
5007.0,0
5007.25,1
5007.5,0
5007.75,1
5008.75,0
5009.0,1
5009.25,0
5014.5,1
5014.75,0
5072.5,1
5073.25,0
5073.5,1
5074.0,0
5074.25,1
5075.25,0
5075.5,1
5078.0,0
5078.5,1
5079.75,0
5080.25,1
5080.5,0
5080.75,1
5081.0,0
5081.75,1
5082.0,0
5085.25,1
5085.5,0
5095.25,1
5095.5,0
5096.75,1
5097.0,0
5097.25,1
5097.5,0
5097.75,1
5098.25,0
5098.5,1
5099.75,0
5100.0,1
5100.25,0
5100.5,1
5101.0,0
5101.75,1
5102.5,0
5103.25,1
5104.25,0
5104.5,1
5104.75,0
5105.0,1
5105.5,0
5105.75,1
5106.0,0
5118.0,1
5118.25,0
5120.5,1
5120.75,0
5121.0,1
5125.75,0
5126.25,1
5127.75,0
5128.75,1
5129.0,0
5133.5,1
5133.75,0
5142.0,1
5142.25,0
5144.25,1
5144.5,0
5144.75,1
5145.0,0
5145.25,1
5146.75,0
5147.0,1
5150.25,0
5150.5,1
5151.25,0
5151.5,1
5152.75,0
5166.0,1
5166.25,0
5167.0,1
5167.25,0
5167.75,1
5168.0,0
5168.25,1
5168.5,0
5169.25,1
5169.5,0
5169.75,1
5171.25,0
5171.5,1
5172.0,0
5172.25,1
5173.0,0
5173.25,1
5173.5,0
5173.75,1
5174.75,0
5175.0,1
5175.25,0
5175.5,1
5176.0,0
5176.25,1
5177.5,0
5238.5,1
5238.75,0
5241.0,1
5243.5,0
5243.75,1
5244.75,0
5245.0,1
5246.0,0
5246.25,1
5246.75,0
5247.0,1
5248.5,0
5248.75,1
5249.0,0
5264.75,1
5265.5,0
5265.75,1
5266.75,0
5267.0,1
5267.75,0
5268.0,1
5268.5,0
5268.75,1
5269.5,0
5270.0,1
5270.25,0
5270.5,1
5271.0,0
5271.5,1
5272.0,0
5272.5,1
5273.25,0
5274.25,1
5274.5,0
5277.5,1
5277.75,0
5286.0,1
5286.25,0
5287.0,1
5287.25,0
5289.0,1
5292.25,0
5293.0,1
5293.25,0
5293.75,1
5294.0,0
5294.75,1
5296.25,0
5296.75,1
5297.5,0
5301.0,1
5301.5,0
5311.75,1
5312.0,0
5312.75,1
5313.0,0
5313.25,1
5313.5,0
5313.75,1
5314.0,0
5314.75,1
5316.25,0
5316.5,1
5316.75,0
5317.0,1
5317.25,0
5318.25,1
5318.5,0
5318.75,1
5320.5,0
5320.75,1
5321.0,0
5333.75,1
5334.0,0
5334.75,1
5335.0,0
5336.0,1
5336.25,0
5337.0,1
5337.5,0
5337.75,1
5341.0,0
5341.25,1
5342.0,0
5342.25,1
5344.5,0
5344.75,1
5345.25,0
5348.25,1
5348.5,0
5405.75,1
5406.0,0
5409.25,1
5409.5,0
5410.0,1
5412.0,0
5412.25,1
5413.75,0
5414.25,1
5415.5,0
5415.75,1
5416.75,0
5420.75,1
5421.0,0
5430.0,1
5430.25,0
5431.25,1
5431.5,0
5433.0,1
5433.25,0
5433.5,1
5435.0,0
5435.25,1
5436.5,0
5436.75,1
5438.25,0
5438.5,1
5440.5,0
5441.0,1
5441.25,0
5444.0,1
5444.25,0
5445.5,1
5445.75,0
5454.0,1
5454.25,0
5457.0,1
5457.5,0
5457.75,1
5458.0,0
5458.25,1
5458.5,0
5458.75,1
5459.0,0
5459.25,1
5459.5,0
5459.75,1
5460.0,0
5460.25,1
5460.5,0
5460.75,1
5461.5,0
5461.75,1
5462.5,0
5462.75,1
5463.5,0
5464.0,1
5464.25,0
5464.5,1
5465.25,0
5478.75,1
5479.0,0
5481.0,1
5481.25,0
5481.75,1
5482.5,0
5482.75,1
5484.25,0
5484.5,1
5487.0,0
5487.25,1
5487.75,0
5488.0,1
5488.75,0
5489.25,1
5489.5,0
5504.75,1
5512.75,0
5513.0,1
5513.5,0
5517.5,1
5517.75,0
5575.25,1
5575.75,0
5576.25,1
5576.5,0
5576.75,1
5577.25,0
5577.75,1
5580.5,0
5580.75,1
5581.0,0
5581.25,1
5582.25,0
5582.5,1
5583.5,0
5583.75,1
5584.25,0
5584.75,1
5585.0,0
5589.5,1
5589.75,0
5598.0,1
5598.25,0
5599.5,1
5599.75,0
5600.5,1
5600.75,0
5601.25,1
5601.5,0
5602.0,1
5602.75,0
5603.0,1
5604.25,0
5604.75,1
5606.25,0
5606.75,1
5607.75,0
5608.25,1
5608.5,0
5609.0,1
5609.5,0
5624.0,1
5624.25,0
5625.0,1
5626.25,0
5626.75,1
5627.25,0
5627.5,1
5628.75,0
5629.0,1
5629.25,0
5629.75,1
5630.0,0
5630.5,1
5633.25,0
5648.5,1
5648.75,0
5649.0,1
5652.0,0
5652.25,1
5652.5,0
5652.75,1
5653.25,0
5654.0,1
5654.75,0
5655.0,1
5657.5,0
5660.75,1
5661.0,0
5674.0,1
5676.0,0
5676.25,1
5678.25,0
5678.5,1
5680.75,0
5743.0,1
5743.25,0
5745.25,1
5745.75,0
5746.0,1
5746.5,0
5746.75,1
5748.5,0
5748.75,1
5751.0,0
5751.25,1
5752.5,0
5752.75,1
5753.5,0
5767.25,1
5767.5,0
5769.0,1
5769.25,0
5769.75,1
5770.75,0
5771.0,1
5772.0,0
5772.25,1
5773.5,0
5773.75,1
5774.25,0
5775.0,1
5776.75,0
5777.25,1
5777.5,0
5790.5,1
5790.75,0
5792.75,1
5793.0,0
5793.75,1
5796.0,0
5796.25,1
5796.5,0
5796.75,1
5798.0,0
5798.5,1
5799.75,0
5800.25,1
5801.0,0
5801.25,1
5801.5,0
5813.5,1
5813.75,0
5814.75,1
5815.0,0
5817.0,1
5817.5,0
5817.75,1
5818.0,0
5818.5,1
5819.0,0
5819.25,1
5819.5,0
5819.75,1
5820.0,0
5820.25,1
5821.25,0
5822.0,1
5822.25,0
5822.75,1
5823.0,0
5823.25,1
5824.5,0
5824.75,1
5825.0,0
5825.25,1
5825.5,0
5829.0,1
5829.25,0
5829.75,1
5830.0,0
5838.25,1
5838.75,0
5840.25,1
5840.5,0
5841.0,1
5846.5,0
5846.75,1
5847.0,0
5847.5,1
5849.5,0
5849.75,1
5850.0,0
5854.5,1
5854.75,0
5855.75,1
5856.0,0
5904.25,1
5904.5,0
5905.0,1
5905.25,0
5910.25,1
5910.5,0
5912.75,1
5913.0,0
5913.5,1
5914.75,0
5915.0,1
5915.5,0
5915.75,1
5916.25,0
5916.5,1
5917.25,0
5917.75,1
5918.5,0
5919.5,1
5921.25,0
5922.25,1
5922.5,0
5925.75,1
5926.0,0
5960.75,1
5961.25,0
5962.0,1
5962.5,0
5962.75,1
5963.25,0
5963.5,1
5963.75,0
5964.0,1
5964.5,0
5964.75,1
5965.0,0
5965.5,1
5967.0,0
5967.5,1
5969.0,0
5969.25,1
5969.5,0
5985.5,1
5985.75,0
5986.0,1
5986.25,0
5986.5,1
5987.75,0
5988.25,1
5988.5,0
5988.75,1
5989.0,0
5989.25,1
5989.75,0
5990.25,1
5990.5,0
5990.75,1
5991.0,0
5991.25,1
5991.5,0
5991.75,1
5992.75,0
5993.0,1
5993.5,0
5996.5,1
5996.75,0
6009.25,1
6009.5,0
6009.75,1
6010.0,0
6010.25,1
6012.5,0
6012.75,1
6013.25,0
6013.5,1
6014.25,0
6014.5,1
6014.75,0
6015.0,1
6016.75,0
6081.0,1
6082.5,0
6082.75,1
6084.0,0
6084.25,1
6085.0,0
6085.25,1
6085.5,0
6085.75,1
6087.75,0
6088.0,1
6088.5,0
6105.25,1
6105.75,0
6106.0,1
6106.5,0
6106.75,1
6108.0,0
6108.25,1
6108.75,0
6109.25,1
6109.5,0
6109.75,1
6110.5,0
6111.0,1
6111.75,0
6112.0,1
6113.25,0
6125.5,1
6125.75,0
6128.75,1
6129.0,0
6129.5,1
6130.25,0
6130.75,1
6131.25,0
6131.5,1
6133.25,0
6133.5,1
6134.25,0
6134.5,1
6134.75,0
6135.0,1
6136.5,0
6136.75,1
6137.25,0
6141.0,1
6141.25,0
6150.0,1
6150.25,0
6150.5,1
6150.75,0
6152.25,1
6152.75,0
6153.75,1
6154.0,0
6154.25,1
6159.0,0
6159.25,1
6159.5,0
6159.75,1
6160.0,0
6160.5,1
6161.25,0
6174.5,1
6174.75,0
6177.0,1
6178.0,0
6178.25,1
6179.0,0
6179.25,1
6180.25,0
6180.5,1
6180.75,0
6181.25,1
6181.75,0
6182.25,1
6182.75,0
6183.0,1
6183.25,0
6183.5,1
6185.0,0
6185.25,1
6185.5,0
6188.75,1
6189.0,0
6248.5,1
6248.75,0
6249.5,1
6250.5,0
6251.0,1
6251.25,0
6251.5,1
6252.75,0
6253.0,1
6253.5,0
6254.0,1
6254.75,0
6255.25,1
6256.5,0
6257.0,1
6257.25,0
6261.0,1
6261.25,0
6271.75,1
6272.0,0
6273.75,1
6276.0,0
6276.25,1
6276.75,0
6277.0,1
6277.25,0
6277.5,1
6277.75,0
6278.5,1
6280.0,0
6280.25,1
6281.0,0
6294.75,1
6295.0,0
6296.75,1
6297.0,0
6297.25,1
6298.5,0
6298.75,1
6299.5,0
6299.75,1
6300.0,0
6300.25,1
6301.25,0
6301.75,1
6302.75,0
6303.0,1
6303.5,0
6304.25,1
6304.5,0
6304.75,1
6305.25,0
6320.5,1
6321.0,0
6321.5,1
6322.25,0
6322.5,1
6322.75,0
6323.0,1
6324.0,0
6324.5,1
6325.0,0
6325.25,1
6325.75,0
6326.0,1
6326.5,0
6326.75,1
6329.25,0
6343.5,1
6344.0,0
6345.25,1
6345.5,0
6345.75,1
6346.0,0
6346.25,1
6349.5,0
6349.75,1
6351.25,0
6351.75,1
6352.25,0
6352.75,1
6353.0,0
6357.0,1
6357.5,0
6416.75,1
6419.0,0
6419.25,1
6421.25,0
6421.5,1
6424.25,0
6424.5,1
6425.5,0
6440.25,1
6440.5,0
6440.75,1
6441.0,0
6441.25,1
6444.25,0
6444.5,1
6445.5,0
6445.75,1
6446.75,0
6447.0,1
6447.75,0
6448.0,1
6448.75,0
6449.75,1
6450.0,0
6462.25,1
6462.5,0
6465.25,1
6465.5,0
6465.75,1
6466.75,0
6467.0,1
6468.25,0
6468.75,1
6469.5,0
6469.75,1
6470.0,0
6470.25,1
6471.25,0
6471.5,1
6472.25,0
6472.5,1
6472.75,0
6473.0,1
6473.25,0
6486.0,1
6486.25,0
6487.5,1
6487.75,0
6488.25,1
6488.75,0
6489.75,1
6493.5,0
6493.75,1
6494.75,0
6495.0,1
6496.5,0
6496.75,1
6497.0,0
6497.5,1
6497.75,0
6512.0,1
6515.5,0
6515.75,1
6516.75,0
6517.0,1
6518.0,0
6518.25,1
6518.5,0
6518.75,1
6519.25,0
6519.5,1
6519.75,0
6520.25,1
6520.5,0
6520.75,1
6521.0,0
6523.75,1
6524.0,0
6582.25,1
6582.75,0
6585.0,1
6585.5,0
6585.75,1
6587.0,0
6587.25,1
6588.75,0
6589.0,1
6589.75,0
6590.0,1
6590.25,0
6590.75,1
6592.75,0
6593.0,1
6593.25,0
6596.75,1
6597.0,0
6597.25,1
6597.5,0
6605.75,1
6606.0,0
6609.25,1
6609.5,0
6609.75,1
6611.0,0
6611.25,1
6611.5,0
6612.0,1
6612.25,0
6612.75,1
6613.0,0
6613.5,1
6613.75,0
6614.0,1
6615.0,0
6615.25,1
6616.0,0
6616.25,1
6616.5,0
6616.75,1
6617.25,0
6631.25,1
6631.5,0
6631.75,1
6632.0,0
6633.25,1
6634.25,0
6634.5,1
6635.25,0
6635.5,1
6637.75,0
6638.0,1
6639.75,0
6640.0,1
6640.25,0
6640.75,1
6641.25,0
6656.75,1
6657.0,0
6657.25,1
6659.0,0
6659.25,1
6660.0,0
6660.25,1
6661.0,0
6661.25,1
6661.5,0
6662.25,1
6662.5,0
6663.0,1
6664.25,0
6664.5,1
6665.0,0
6665.25,1
6665.75,0
6675.0,1
6675.25,0
6678.25,1
6678.5,0
6681.0,1
6681.5,0
6681.75,1
6682.25,0
6682.5,1
6682.75,0
6683.0,1
6684.25,0
6684.5,1
6685.0,0
6685.25,1
6686.0,0
6686.25,1
6687.25,0
6687.5,1
6689.0,0
6691.25,1
6691.5,0
6691.75,1
6692.0,0
6751.75,1
6752.0,0
6753.25,1
6757.5,0
6757.75,1
6760.25,0
6760.5,1
6761.0,0
6761.5,1
6761.75,0
6764.25,1
6764.5,0
6765.75,1
6766.0,0
6801.0,1
6801.75,0
6802.0,1
6802.25,0
6802.5,1
6802.75,0
6803.0,1
6804.5,0
6805.0,1
6806.25,0
6806.5,1
6809.0,0
6824.75,1
6825.0,0
6825.5,1
6827.25,0
6827.5,1
6829.0,0
6829.25,1
6831.5,0
6832.0,1
6832.25,0
6832.5,1
6833.25,0
6848.75,1
6849.75,0
6850.0,1
6851.25,0
6851.75,1
6852.25,0
6852.5,1
6853.5,0
6853.75,1
6854.5,0
6854.75,1
6856.5,0
6856.75,1
6857.25,0
6920.75,1
6921.0,0
6921.25,1
6921.5,0
6922.0,1
6922.5,0
6922.75,1
6923.0,0
6923.5,1
6926.5,0
6926.75,1
6927.5,0
6928.0,1
6928.25,0
6928.75,1
6929.5,0
6933.5,1
6933.75,0
6941.5,1
6941.75,0
6942.75,1
6943.0,0
6943.25,1
6943.5,0
6945.0,1
6946.0,0
6946.25,1
6947.5,0
6947.75,1
6948.25,0
6948.5,1
6949.25,0
6949.5,1
6950.0,0
6950.25,1
6950.75,0
6951.0,1
6951.5,0
6951.75,1
6953.5,0
6969.0,1
6970.0,0
6970.75,1
6972.25,0
6972.5,1
6973.25,0
6973.5,1
6973.75,0
6974.5,1
6974.75,0
6975.0,1
6975.5,0
6976.0,1
6977.25,0
6979.25,1
6979.5,0
6980.25,1
6980.5,0
6991.25,1
6991.5,0
6991.75,1
6992.0,0
6992.25,1
6992.5,0
6992.75,1
6996.25,0
6996.5,1
6997.5,0
6997.75,1
6998.5,0
6998.75,1
7000.5,0
7000.75,1
7001.0,0
7005.5,1
7005.75,0
7014.25,1
7014.5,0
7014.75,1
7015.0,0
7017.25,1
7017.75,0
7018.0,1
7018.5,0
7018.75,1
7019.25,0
7019.75,1
7020.75,0
7021.25,1
7024.0,0
7024.75,1
7025.25,0
7086.5,1
7086.75,0
7088.75,1
7089.25,0
7089.75,1
7094.75,0
7095.0,1
7097.0,0
7097.25,1
7097.5,0
7110.0,1
7110.25,0
7110.75,1
7111.0,0
7111.5,1
7111.75,0
7113.0,1
7115.25,0
7115.75,1
7116.75,0
7117.0,1
7118.0,0
7118.25,1
7121.25,0
7137.0,1
7137.5,0
7137.75,1
7138.0,0
7138.5,1
7140.0,0
7140.25,1
7140.5,0
7140.75,1
7142.5,0
7142.75,1
7143.75,0
7144.0,1
7144.25,0
7144.5,1
7144.75,0
7158.5,1
7158.75,0
7159.0,1
7159.5,0
7161.0,1
7161.25,0
7161.5,1
7162.0,0
7162.5,1
7163.75,0
7164.0,1
7164.25,0
7164.75,1
7165.25,0
7165.75,1
7167.75,0
7168.0,1
7168.25,0
7168.5,1
7169.0,0
7183.5,1
7183.75,0
7184.25,1
7184.5,0
7185.25,1
7185.75,0
7186.0,1
7186.25,0
7186.5,1
7187.5,0
7187.75,1
7188.5,0
7188.75,1
7189.0,0
7189.25,1
7189.5,0
7189.75,1
7190.75,0
7191.25,1
7192.75,0
7196.5,1
7196.75,0
7255.5,1
7255.75,0
7257.25,1
7257.5,0
7257.75,1
7258.25,0
7258.5,1
7261.5,0
7262.0,1
7262.75,0
7263.0,1
7264.0,0
7264.5,1
7265.5,0
7277.5,1
7277.75,0
7279.25,1
7279.5,0
7279.75,1
7280.0,0
7280.25,1
7280.5,0
7281.0,1
7281.25,0
7281.5,1
7282.75,0
7283.0,1
7284.25,0
7284.5,1
7285.5,0
7286.25,1
7287.75,0
7288.0,1
7288.25,0
7289.25,1
7289.5,0
7294.0,1
7294.25,0
7303.25,1
7303.5,0
7304.75,1
7305.0,0
7305.5,1
7305.75,0
7306.0,1
7306.75,0
7307.0,1
7307.25,0
7307.5,1
7308.25,0
7308.5,1
7310.0,0
7310.25,1
7310.75,0
7311.0,1
7311.5,0
7311.75,1
7312.75,0
7325.75,1
7326.0,0
7326.5,1
7326.75,0
7328.0,1
7328.25,0
7329.25,1
7332.25,0
7332.5,1
7334.25,0
7335.25,1
7336.75,0
7337.0,1
7337.25,0
7353.0,1
7353.25,0
7353.75,1
7354.0,0
7354.25,1
7357.0,0
7357.25,1
7358.5,0
7358.75,1
7361.25,0
7361.5,1
7361.75,0
7425.0,1
7426.0,0
7426.5,1
7428.5,0
7428.75,1
7429.5,0
7430.5,1
7431.0,0
7431.75,1
7432.5,0
7432.75,1
7433.0,0
7433.5,1
7433.75,0
7449.0,1
7449.5,0
7449.75,1
7450.0,0
7450.25,1
7451.25,0
7451.75,1
7453.0,0
7453.25,1
7454.0,0
7454.25,1
7455.5,0
7455.75,1
7456.5,0
7456.75,1
7457.25,0
7460.75,1
7461.0,0
7470.5,1
7470.75,0
7472.25,1
7472.5,0
7473.25,1
7473.5,0
7473.75,1
7477.25,0
7477.5,1
7479.5,0
7479.75,1
7480.0,0
7480.25,1
7480.5,0
7480.75,1
7481.25,0
7484.25,1
7484.5,0
7494.0,1
7494.25,0
7496.75,1
7497.0,0
7497.5,1
7498.0,0
7498.25,1
7498.5,0
7499.0,1
7500.5,0
7500.75,1
7502.25,0
7502.75,1
7505.25,0
7518.25,1
7518.75,0
7520.0,1
7520.5,0
7521.0,1
7521.5,0
7522.0,1
7523.25,0
7523.75,1
7524.75,0
7525.0,1
7526.75,0
7527.25,1
7528.0,0
7528.25,1
7528.75,0
7592.75,1
7593.0,0
7593.25,1
7595.5,0
7596.0,1
7597.25,0
7597.75,1
7598.25,0
7598.5,1
7599.0,0
7599.25,1
7599.75,0
7600.0,1
7600.5,0
7600.75,1
7601.25,0
7616.25,1
7618.5,0
7618.75,1
7620.0,0
7620.25,1
7620.75,0
7621.25,1
7623.0,0
7623.25,1
7623.5,0
7624.0,1
7624.5,0
7624.75,1
7625.25,0
7638.25,1
7638.75,0
7641.0,1
7641.25,0
7641.5,1
7643.5,0
7643.75,1
7648.5,0
7648.75,1
7649.0,0
7649.25,1
7649.5,0
7652.0,1
7652.25,0
7663.5,1
7663.75,0
7665.5,1
7665.75,0
7666.0,1
7666.25,0
7666.5,1
7668.25,0
7668.5,1
7668.75,0
7669.75,1
7670.0,0
7670.5,1
7670.75,0
7671.0,1
7672.25,0
7672.5,1
7673.0,0
7676.0,1
7676.25,0
7678.5,1
7678.75,0
7688.0,1
7688.25,0
7689.75,1
7690.5,0
7690.75,1
7691.25,0
7691.75,1
7693.0,0
7693.5,1
7693.75,0
7694.0,1
7694.25,0
7694.5,1
7697.25,0
7760.5,1
7761.25,0
7761.5,1
7761.75,0
7762.25,1
7763.75,0
7764.25,1
7764.75,0
7766.0,1
7766.5,0
7766.75,1
7768.5,0
7769.0,1
7769.25,0
7772.25,1
7772.5,0
7782.5,1
7782.75,0
7783.0,1
7783.25,0
7784.5,1
7784.75,0
7785.0,1
7785.25,0
7785.5,1
7788.75,0
7789.75,1
7791.5,0
7791.75,1
7793.0,0
7793.5,1
7793.75,0
7794.25,1
7794.5,0
7797.0,1
7797.25,0
7797.5,1
7797.75,0
7809.0,1
7809.25,0
7809.5,1
7810.75,0
7811.0,1
7811.5,0
7811.75,1
7813.75,0
7814.25,1
7815.25,0
7815.5,1
7817.25,0
7830.5,1
7830.75,0
7832.25,1
7832.5,0
7833.5,1
7835.75,0
7836.0,1
7838.0,0
7838.25,1
7838.5,0
7838.75,1
7839.0,0
7839.25,1
7841.0,0
7925.5,1
7925.75,0
7927.0,1
7927.25,0
7927.5,1
7927.75,0
7928.25,1
7928.5,0
7928.75,1
7929.0,0
7929.25,1
7929.5,0
7930.0,1
7931.5,0
7931.75,1
7932.5,0
7932.75,1
7934.25,0
7935.0,1
7937.0,0
7937.25,1
7937.5,0
7941.25,1
7941.5,0
7942.0,1
7942.25,0
7952.25,1
7952.5,0
7953.0,1
7953.5,0
7953.75,1
7955.25,0
7955.5,1
7955.75,0
7956.0,1
7957.0,0
7957.25,1
7958.5,0
7958.75,1
7959.25,0
7959.5,1
7961.0,0
7961.25,1
7961.75,0
7964.25,1
7964.5,0
7966.25,1
7966.5,0
7977.0,1
7978.5,0
7978.75,1
7979.25,0
7979.5,1
7979.75,0
7980.0,1
7980.25,0
7981.0,1
7981.5,0
7981.75,1
7982.25,0
7982.75,1
7983.25,0
7983.5,1
7983.75,0
7984.0,1
7985.25,0
8001.25,1
8001.5,0
8001.75,1
8002.0,0
8002.5,1
8006.0,0
8006.5,1
8007.5,0
8007.75,1
8008.5,0
8008.75,1
8009.25,0
8022.5,1
8022.75,0
8025.25,1
8026.25,0
8026.75,1
8027.75,0
8028.0,1
8029.25,0
8029.5,1
8029.75,0
8030.25,1
8031.5,0
8031.75,1
8033.5,0
8094.75,1
8095.0,0
8096.25,1
8096.5,0
8097.25,1
8097.75,0
8098.0,1
8099.25,0
8099.5,1
8101.5,0
8101.75,1
8102.25,0
8102.5,1
8103.0,0
8103.25,1
8104.5,0
8104.75,1
8105.25,0
8119.5,1
8119.75,0
8120.75,1
8121.0,0
8121.5,1
8122.25,0
8122.5,1
8123.25,0
8124.0,1
8125.5,0
8125.75,1
8126.5,0
8126.75,1
8127.0,0
8127.5,1
8128.25,0
8128.5,1
8129.25,0
8145.0,1
8145.75,0
8146.0,1
8147.5,0
8147.75,1
8148.0,0
8148.25,1
8148.5,0
8148.75,1
8149.5,0
8150.0,1
8150.75,0
8151.25,1
8152.25,0
8152.5,1
8153.0,0
8167.0,1
8167.25,0
8169.5,1
8169.75,0
8170.5,1
8171.0,0
8171.25,1
8171.75,0
8172.5,1
8173.25,0
8173.5,1
8173.75,0
8174.0,1
8176.5,0
8176.75,1
8177.25,0
8177.5,1
8177.75,0
8181.25,1
8181.5,0
8189.25,1
8189.5,0
8190.25,1
8190.5,0
8192.5,1
8192.75,0
8193.0,1
8193.25,0
8193.5,1
8195.25,0
8195.75,1
8196.0,0
8196.5,1
8198.0,0
8198.25,1
8198.5,0
8198.75,1
8199.25,0
8199.5,1
8200.25,0
8200.5,1
8201.0,0
8201.75,1
8202.0,0
8262.75,1
8263.0,0
8263.5,1
8263.75,0
8264.25,1
8264.5,0
8265.0,1
8265.75,0
8266.0,1
8267.75,0
8268.0,1
8268.75,0
8269.0,1
8271.25,0
8271.5,1
8271.75,0
8272.0,1
8272.75,0
8273.0,1
8273.25,0
8275.75,1
8276.0,0
8287.25,1
8287.5,0
8288.5,1
8289.25,0
8290.0,1
8291.5,0
8291.75,1
8294.0,0
8294.25,1
8294.75,0
8295.25,1
8297.0,0
8297.25,1
8297.5,0
8311.0,1
8311.25,0
8311.75,1
8312.0,0
8313.5,1
8314.5,0
8314.75,1
8320.75,0
8334.75,1
8335.0,0
8335.25,1
8335.5,0
8335.75,1
8336.0,0
8337.0,1
8337.75,0
8338.0,1
8341.0,0
8341.25,1
8343.0,0
8343.5,1
8344.0,0
8344.75,1
8345.0,0
8350.25,1
8350.5,0
8359.0,1
8359.5,0
8360.5,1
8361.5,0
8361.75,1
8367.0,0
8367.25,1
8369.25,0
8369.5,1
8369.75,0
8433.0,1
8435.75,0
8436.0,1
8436.25,0
8436.5,1
8437.5,0
8437.75,1
8439.75,0
8440.25,1
8440.75,0
8441.0,1
8441.25,0
8441.5,1
8442.0,0
8444.25,1
8444.5,0
8446.5,1
8446.75,0
8454.25,1
8454.5,0
8457.75,1
8459.5,0
8459.75,1
8461.0,0
8461.25,1
8463.0,0
8463.25,1
8463.5,0
8463.75,1
8464.25,0
8464.5,1
8465.0,0
8481.0,1
8486.0,0
8486.25,1
8489.0,0
8489.25,1
8489.5,0
8504.75,1
8505.0,0
8505.25,1
8506.0,0
8506.25,1
8507.75,0
8508.0,1
8509.25,0
8510.25,1
8511.75,0
8512.0,1
8513.25,0
8517.5,1
8517.75,0
8526.5,1
8526.75,0
8528.25,1
8528.5,0
8528.75,1
8529.5,0
8529.75,1
8530.5,0
8530.75,1
8531.75,0
8532.0,1
8532.5,0
8533.5,1
8534.75,0
8535.0,1
8535.25,0
8535.5,1
8536.25,0
8536.75,1
8537.0,0
8621.75,1
8622.0,0
8622.25,1
8622.75,0
8623.5,1
8624.25,0
8624.75,1
8625.25,0
8625.5,1
8627.75,0
8628.0,1
8629.75,0
8630.0,1
8630.75,0
8631.0,1
8632.75,0
8633.0,1
8633.25,0
8647.0,1
8647.25,0
8648.0,1
8648.25,0
8648.5,1
8648.75,0
8649.0,1
8651.5,0
8651.75,1
8652.0,0
8652.25,1
8652.75,0
8653.0,1
8653.5,0
8653.75,1
8655.25,0
8655.5,1
8656.0,0
8656.25,1
8657.0,0
8661.25,1
8661.5,0
8671.75,1
8672.25,0
8672.5,1
8673.0,0
8673.25,1
8675.0,0
8675.25,1
8676.75,0
8677.0,1
8677.25,0
8677.5,1
8678.0,0
8678.25,1
8678.5,0
8678.75,1
8679.0,0
8679.25,1
8679.5,0
8679.75,1
8680.0,0
8680.25,1
8680.75,0
8681.25,1
8681.5,0
8685.75,1
8686.0,0
8696.75,1
8697.0,0
8697.25,1
8697.5,0
8697.75,1
8698.5,0
8698.75,1
8700.5,0
8700.75,1
8701.5,0
8701.75,1
8702.75,0
8703.0,1
8703.25,0
8703.75,1
8704.25,0
8704.5,1
8705.25,0
8705.5,1
8705.75,0

float Room-217D (1205,2)
0.0,0
32.5,1
41.75,0
56.0,1
66.25,0
80.25,1
89.5,0
93.5,1
93.75,0
103.75,1
104.5,0
104.75,1
113.75,0
127.75,1
138.0,0
141.0,1
141.25,0
200.5,1
209.5,0
214.5,1
214.75,0
223.25,1
223.5,0
224.5,1
224.75,0
225.0,1
233.5,0
248.0,1
248.5,0
248.75,1
258.0,0
272.25,1
282.25,0
285.5,1
285.75,0
289.25,1
289.5,0
295.75,1
306.0,0
306.75,1
307.0,0
368.75,1
377.75,0
389.75,1
390.0,0
392.5,1
401.5,0
401.75,1
402.0,0
405.0,1
405.25,0
440.75,1
449.5,0
454.5,1
454.75,0
464.5,1
474.0,0
474.25,1
474.5,0
536.0,1
536.5,0
536.75,1
545.25,0
545.5,1
545.75,0
548.5,1
548.75,0
549.75,1
550.0,0
560.5,1
569.75,0
584.75,1
594.25,0
608.25,1
617.75,0
630.5,1
630.75,0
632.25,1
641.5,0
641.75,1
642.0,0
704.5,1
714.0,0
727.5,1
727.75,0
729.0,1
737.75,0
741.5,1
741.75,0
752.25,1
761.75,0
776.5,1
785.0,0
786.5,1
786.75,0
788.5,1
788.75,0
789.25,1
789.5,0
800.5,1
809.75,0
814.0,1
814.25,0
872.5,1
881.5,0
895.5,1
896.0,0
896.5,1
906.0,0
919.5,1
920.0,0
920.25,1
929.25,0
933.0,1
933.25,0
941.0,1
941.25,0
944.0,1
944.25,0
944.75,1
953.75,0
955.25,1
955.5,0
958.0,1
958.25,0
968.5,1
977.75,0
981.5,1
981.75,0
1040.75,1
1049.25,0
1049.5,1
1049.75,0
1053.75,1
1054.0,0
1064.5,1
1074.25,0
1076.75,1
1077.0,0
1110.25,1
1110.5,0
1111.75,1
1121.5,0
1124.5,1
1124.75,0
1125.0,1
1125.25,0
1135.25,1
1135.5,0
1136.75,1
1146.0,0
1148.5,1
1148.75,0
1208.5,1
1217.25,0
1232.25,1
1242.0,0
1245.5,1
1245.75,0
1255.0,1
1255.25,0
1256.0,1
1266.0,0
1277.75,1
1278.0,0
1278.75,1
1279.0,0
1280.25,1
1290.0,0
1303.0,1
1303.25,0
1303.5,1
1304.0,0
1304.25,1
1313.75,0
1316.75,1
1317.25,0
1317.5,1
1317.75,0
1376.75,1
1385.25,0
1400.5,1
1409.75,0
1424.0,1
1433.75,0
1448.25,1
1457.5,0
1471.0,1
1471.25,0
1471.75,1
1472.0,0
1472.5,1
1481.25,0
1485.0,1
1485.25,0
1544.0,1
1544.25,0
1544.5,1
1553.75,0
1556.5,1
1556.75,0
1566.75,1
1567.0,0
1568.25,1
1577.25,0
1580.25,1
1580.5,0
1592.75,1
1601.75,0
1616.0,1
1625.5,0
1626.0,1
1626.75,0
1639.25,1
1639.75,0
1640.0,1
1640.5,0
1640.75,1
1649.75,0
1651.5,1
1651.75,0
1652.25,1
1652.5,0
1653.5,1
1653.75,0
1712.25,1
1722.0,0
1724.75,1
1725.0,0
1736.0,1
1745.5,0
1745.75,1
1746.25,0
1748.5,1
1748.75,0
1758.5,1
1758.75,0
1760.25,1
1769.75,0
1773.75,1
1774.0,0
1784.5,1
1793.75,0
1797.25,1
1797.5,0
1807.25,1
1807.5,0
1808.5,1
1817.25,0
1817.75,1
1818.0,0
1821.0,1
1821.25,0
1877.75,1
1878.0,0
1880.25,1
1890.0,0
1894.75,1
1895.0,0
1904.25,1
1904.5,0
1904.75,1
1913.25,0
1913.5,1
1913.75,0
1928.5,1
1937.25,0
1937.75,1
1938.0,0
1950.0,1
1950.25,0
1952.25,1
1961.25,0
1961.75,1
1962.25,0
1963.5,1
1963.75,0
1965.0,1
1965.25,0
1965.5,1
1965.75,0
1975.0,1
1975.25,0
1976.5,1
1985.0,0
1985.25,1
1985.5,0
2049.0,1
2057.0,0
2057.25,1
2057.75,0
2060.75,1
2061.0,0
2072.5,1
2081.5,0
2097.0,1
2106.25,0
2107.5,1
2107.75,0
2118.75,1
2119.0,0
2120.5,1
2129.25,0
2133.0,1
2133.5,0
2134.5,1
2134.75,0
2144.0,1
2144.5,0
2144.75,1
2153.75,0
2215.25,1
2215.5,0
2216.25,1
2225.25,0
2226.0,1
2226.25,0
2240.25,1
2249.5,0
2262.75,1
2263.0,0
2264.25,1
2273.75,0
2288.5,1
2298.0,0
2302.5,1
2302.75,0
2311.5,1
2311.75,0
2312.0,1
2321.75,0
2383.0,1
2383.25,0
2384.0,1
2384.25,0
2384.5,1
2393.5,0
2408.75,1
2417.75,0
2432.0,1
2441.5,0
2444.75,1
2445.0,0
2454.25,1
2454.5,0
2456.75,1
2465.25,0
2469.75,1
2470.0,0
2471.25,1
2471.5,0
2480.0,1
2489.5,0
2552.25,1
2561.75,0
2565.0,1
2565.25,0
2575.0,1
2575.25,0
2576.5,1
2585.5,0
2589.5,1
2589.75,0
2600.5,1
2609.25,0
2622.0,1
2622.25,0
2624.25,1
2633.5,0
2648.75,1
2657.25,0
2662.25,1
2662.5,0
2720.25,1
2729.5,0
2733.0,1
2733.25,0
2744.25,1
2753.75,0
2756.5,1
2756.75,0
2767.25,1
2767.5,0
2768.25,1
2777.5,0
2781.5,1
2781.75,0
2792.25,1
2802.25,0
2814.0,1
2814.25,0
2815.0,1
2815.25,0
2815.75,1
2816.0,0
2816.25,1
2826.5,0
2887.75,1
2888.0,0
2888.25,1
2897.25,0
2911.75,1
2921.25,0
2922.0,1
2922.25,0
2925.0,1
2925.25,0
2936.5,1
2945.75,0
2948.0,1
2948.25,0
2960.5,1
2969.5,0
2984.5,1
2994.0,0
2997.0,1
2997.25,0
2997.5,1
2997.75,0
3055.5,1
3055.75,0
3056.5,1
3065.75,0
3072.25,1
3072.5,0
3080.5,1
3090.0,0
3104.0,1
3113.5,0
3128.5,1
3137.75,0
3152.0,1
3152.25,0
3152.5,1
3161.75,0
3222.0,1
3222.25,0
3224.0,1
3233.5,0
3236.25,1
3236.5,0
3248.75,1
3257.75,0
3261.5,1
3261.75,0
3271.25,1
3271.75,0
3272.0,1
3281.75,0
3296.25,1
3305.25,0
3305.5,1
3305.75,0
3320.25,1
3330.25,0
3333.25,1
3333.5,0
3390.75,1
3391.0,0
3392.5,1
3401.25,0
3404.5,1
3404.75,0
3413.75,1
3414.0,0
3416.75,1
3426.0,0
3429.75,1
3430.25,0
3438.0,1
3438.25,0
3440.25,1
3449.75,0
3454.25,1
3454.5,0
3464.25,1
3473.75,0
3477.0,1
3477.25,0
3488.0,1
3488.25,0
3488.5,1
3497.75,0
3498.0,1
3498.25,0
3499.0,1
3499.25,0
3500.5,1
3500.75,0
3559.5,1
3559.75,0
3560.5,1
3569.25,0
3569.5,1
3569.75,0
3572.0,1
3572.25,0
3572.5,1
3572.75,0
3608.25,1
3617.25,0
3631.75,1
3632.0,0
3632.5,1
3641.5,0
3656.75,1
3666.0,0
3667.75,1
3668.25,0
3668.5,1
3669.0,0
3728.5,1
3737.5,0
3752.25,1
3762.0,0
3776.0,1
3785.5,0
3800.5,1
3809.25,0
3809.5,1
3809.75,0
3813.25,1
3813.5,0
3825.0,1
3834.0,0
3839.0,1
3839.25,0
3895.75,1
3905.5,0
3908.25,1
3908.5,0
3920.5,1
3929.5,0
3933.25,1
3933.5,0
3944.0,1
3953.75,0
3957.5,1
3957.75,0
3966.25,1
3966.5,0
3968.25,1
3977.25,0
3977.5,1
3977.75,0
3992.5,1
4001.25,0
4064.25,1
4073.75,0
4088.25,1
4098.0,0
4102.5,1
4102.75,0
4112.5,1
4121.75,0
4125.25,1
4125.5,0
4136.5,1
4145.75,0
4148.5,1
4148.75,0
4158.25,1
4158.5,0
4160.0,1
4160.25,0
4160.5,1
4170.0,0
4232.25,1
4232.5,0
4232.75,1
4241.75,0
4243.5,1
4243.75,0
4244.5,1
4244.75,0
4256.5,1
4266.0,0
4268.0,1
4268.25,0
4268.5,1
4268.75,0
4280.5,1
4289.75,0
4293.75,1
4294.0,0
4302.0,1
4302.25,0
4304.75,1
4313.5,0
4328.0,1
4328.25,0
4328.75,1
4337.25,0
4399.75,1
4400.0,0
4400.75,1
4409.5,0
4447.25,1
4447.5,0
4449.0,1
4457.0,0
4457.75,1
4458.0,0
4472.5,1
4482.0,0
4484.5,1
4484.75,0
4495.25,1
4495.5,0
4496.0,1
4505.25,0
4509.25,1
4509.5,0
4565.25,1
4565.5,0
4567.0,1
4567.25,0
4567.75,1
4568.0,0
4568.5,1
4577.25,0
4577.5,1
4578.0,0
4591.5,1
4591.75,0
4592.5,1
4601.75,0
4616.5,1
4625.75,0
4629.5,1
4629.75,0
4637.75,1
4638.0,0
4640.5,1
4649.5,0
4651.5,1
4651.75,0
4653.5,1
4653.75,0
4664.0,1
4673.75,0
4677.0,1
4677.25,0
4736.5,1
4746.0,0
4759.75,1
4769.5,0
4771.75,1
4772.0,0
4784.5,1
4793.5,0
4796.5,1
4796.75,0
4808.25,1
4818.0,0
4820.75,1
4821.0,0
4832.25,1
4841.75,0
4901.75,1
4902.0,0
4903.0,1
4903.25,0
4904.25,1
4904.5,0
4904.75,1
4913.25,0
4913.5,1
4913.75,0
4918.5,1
4918.75,0
4928.75,1
4937.75,0
4939.75,1
4940.0,0
4951.75,1
4952.0,0
4952.25,1
4961.5,0
4974.5,1
4974.75,0
4976.25,1
4985.5,0
4985.75,1
4986.25,0
4989.25,1
4989.5,0
4998.25,1
4998.5,0
5000.0,1
5009.75,0
5072.5,1
5082.0,0
5085.0,1
5085.25,0
5096.0,1
5106.25,0
5111.0,1
5111.25,0
5120.5,1
5120.75,0
5121.0,1
5129.5,0
5129.75,1
5130.0,0
5131.5,1
5131.75,0
5143.0,1
5143.25,0
5144.0,1
5153.25,0
5157.25,1
5157.5,0
5168.0,1
5168.25,0
5168.5,1
5178.75,0
5181.75,1
5182.0,0
5238.0,1
5238.25,0
5239.5,1
5239.75,0
5240.75,1
5249.75,0
5253.75,1
5254.0,0
5264.75,1
5273.5,0
5288.75,1
5297.5,0
5297.75,1
5298.0,0
5312.0,1
5321.25,0
5321.5,1
5322.0,0
5336.25,1
5345.75,0
5408.0,1
5417.5,0
5417.75,1
5418.0,0
5432.5,1
5441.75,0
5456.25,1
5464.75,0
5465.0,1
5465.5,0
5466.0,1
5466.75,0
5467.25,1
5467.5,0
5469.0,1
5469.25,0
5478.25,1
5478.5,0
5481.0,1
5490.0,0
5503.75,1
5504.0,0
5504.25,1
5504.5,0
5504.75,1
5513.75,0
5516.5,1
5516.75,0
5575.75,1
5576.0,0
5576.75,1
5585.75,0
5589.0,1
5589.25,0
5599.75,1
5610.0,0
5623.75,1
5624.0,0
5624.25,1
5633.5,0
5633.75,1
5634.0,0
5635.5,1
5635.75,0
5636.75,1
5637.25,0
5648.0,1
5657.75,0
5662.25,1
5662.5,0
5669.25,1
5669.5,0
5670.0,1
5670.25,0
5672.0,1
5681.25,0
5685.0,1
5685.25,0
5745.0,1
5754.0,0
5768.0,1
5777.75,0
5779.5,1
5780.0,0
5793.0,1
5800.75,0
5805.75,1
5806.0,0
5814.75,1
5815.0,0
5816.75,1
5825.5,0
5826.0,1
5826.25,0
5838.5,1
5838.75,0
5840.5,1
5850.25,0
5854.25,1
5854.5,0
5855.0,1
5855.25,0
5909.25,1
5909.5,0
5910.5,1
5910.75,0
5912.75,1
5921.5,0
5960.25,1
5969.5,0
5983.25,1
5983.5,0
5983.75,1
5984.0,0
5984.25,1
5993.25,0
5993.75,1
5994.0,0
5996.25,1
5996.5,0
5997.75,1
5998.25,0
6008.25,1
6008.5,0
6008.75,1
6017.25,0
6017.5,1
6017.75,0
6081.25,1
6089.75,0
6093.5,1
6093.75,0
6104.5,1
6113.75,0
6127.0,1
6127.25,0
6128.5,1
6137.75,0
6141.0,1
6141.25,0
6150.75,1
6151.0,0
6152.25,1
6161.25,0
6161.5,1
6162.5,0
6176.0,1
6185.75,0
6189.5,1
6189.75,0
6248.75,1
6257.75,0
6272.0,1
6281.25,0
6285.5,1
6285.75,0
6296.5,1
6305.5,0
6320.5,1
6330.0,0
6333.0,1
6333.25,0
6333.75,1
6334.0,0
6344.5,1
6353.75,0
6416.0,1
6416.25,0
6416.5,1
6425.25,0
6430.25,1
6430.5,0
6440.25,1
6449.75,0
6463.75,1
6464.0,0
6464.25,1
6464.5,0
6464.75,1
6473.75,0
6477.75,1
6478.0,0
6488.75,1
6497.5,0
6501.5,1
6501.75,0
6512.25,1
6521.5,0
6583.25,1
6583.5,0
6584.0,1
6593.25,0
6598.25,1
6598.5,0
6607.75,1
6608.0,0
6608.25,1
6618.25,0
6619.0,1
6619.25,0
6632.0,1
6641.75,0
6645.5,1
6645.75,0
6656.0,1
6665.25,0
6667.75,1
6668.0,0
6670.5,1
6670.75,0
6680.5,1
6690.0,0
6752.5,1
6761.5,0
6799.25,1
6799.5,0
6800.5,1
6809.5,0
6824.5,1
6824.75,0
6825.0,1
6834.0,0
6837.0,1
6837.25,0
6847.25,1
6847.5,0
6848.0,1
6857.5,0
6862.5,1
6862.75,0
6920.25,1
6929.5,0
6943.0,1
6943.25,0
6944.0,1
6953.5,0
6965.75,1
6966.0,0
6968.25,1
6968.5,0
6968.75,1
6977.75,0
6980.75,1
6981.25,0
6992.75,1
7001.75,0
7016.0,1
7025.5,0
7025.75,1
7026.0,0
7086.25,1
7086.5,0
7088.25,1
7088.5,0
7088.75,1
7098.0,0
7112.5,1
7121.75,0
7136.5,1
7145.5,0
7145.75,1
7146.75,0
7148.25,1
7148.5,0
7160.5,1
7169.5,0
7173.75,1
7174.0,0
7183.5,1
7183.75,0
7184.25,1
7184.5,0
7184.75,1
7194.0,0
7256.5,1
7265.25,0
7277.25,1
7277.5,0
7280.25,1
7289.5,0
7304.5,1
7313.25,0
7313.5,1
7314.0,0
7316.25,1
7316.5,0
7328.5,1
7338.0,0
7339.75,1
7340.0,0
7351.25,1
7352.0,0
7352.5,1
7361.25,0
7365.25,1
7365.5,0
7422.5,1
7422.75,0
7424.5,1
7433.25,0
7434.0,1
7434.5,0
7446.25,1
7446.5,0
7448.25,1
7457.25,0
7461.5,1
7461.75,0
7472.5,1
7481.25,0
7485.0,1
7485.25,0
7494.75,1
7495.0,0
7496.75,1
7505.5,0
7508.5,1
7508.75,0
7519.0,1
7519.5,0
7520.25,1
7529.75,0
7592.0,1
7592.5,0
7592.75,1
7601.5,0
7601.75,1
7602.0,0
7615.25,1
7615.5,0
7616.25,1
7625.75,0
7633.5,1
7634.0,0
7634.25,1
7634.5,0
7638.75,1
7639.0,0
7639.75,1
7640.0,0
7640.5,1
7640.75,0
7641.0,1
7650.0,0
7652.5,1
7652.75,0
7661.0,1
7661.25,0
7664.5,1
7673.25,0
7686.75,1
7687.0,0
7688.25,1
7697.75,0
7700.25,1
7700.5,0
7760.5,1
7769.75,0
7770.0,1
7770.25,0
7773.75,1
7774.0,0
7784.5,1
7793.5,0
7808.25,1
7818.0,0
7821.0,1
7821.25,0
7832.5,1
7841.25,0
7841.5,1
7841.75,0
7926.0,1
7926.25,0
7928.75,1
7937.75,0
7952.0,1
7961.5,0
7961.75,1
7962.25,0
7964.0,1
7964.25,0
7976.25,1
7985.75,0
8000.0,1
8001.0,0
8001.25,1
8009.25,0
8009.5,1
8010.0,0
8024.5,1
8033.75,0
8095.25,1
8095.75,0
8096.0,1
8096.25,0
8096.5,1
8105.75,0
8109.5,1
8109.75,0
8117.5,1
8117.75,0
8120.25,1
8129.25,0
8144.5,1
8154.0,0
8155.5,1
8155.75,0
8167.5,1
8168.0,0
8168.5,1
8178.0,0
8192.0,1
8192.5,0
8192.75,1
8202.0,0
8262.75,1
8263.0,0
8263.25,1
8263.75,0
8264.0,1
8264.25,0
8264.75,1
8273.75,0
8277.25,1
8277.5,0
8288.5,1
8297.25,0
8297.5,1
8297.75,0
8302.0,1
8302.25,0
8311.75,1
8312.0,0
8312.25,1
8322.0,0
8324.5,1
8324.75,0
8336.25,1
8345.25,0
8345.5,1
8345.75,0
8360.25,1
8370.25,0
8432.75,1
8441.75,0
8444.25,1
8444.5,0
8454.0,1
8454.25,0
8454.75,1
8455.0,0
8456.25,1
8465.5,0
8480.0,1
8489.75,0
8492.0,1
8492.25,0
8492.75,1
8493.25,0
8504.0,1
8513.75,0
8517.5,1
8518.0,0
8527.75,1
8537.25,0
8541.75,1
8542.0,0
8623.25,1
8623.5,0
8624.5,1
8624.75,0
8625.25,1
8633.75,0
8636.25,1
8636.5,0
8647.75,1
8656.5,0
8656.75,1
8657.25,0
8672.25,1
8681.75,0
8696.25,1
8705.75,0
8708.5,1
8709.0,0

float Room-225 (2227,2)
0.0,0
32.5,1
41.0,0
41.25,1
41.5,0
44.75,1
45.0,0
56.75,1
57.0,0
57.25,1
57.5,0
57.75,1
65.5,0
67.75,1
68.0,0
78.75,1
79.0,0
80.5,1
84.25,0
84.5,1
85.0,0
85.25,1
88.25,0
88.5,1
88.75,0
89.0,1
89.25,0
93.25,1
93.5,0
104.75,1
113.25,0
128.75,1
129.75,0
130.0,1
136.75,0
137.0,1
137.5,0
140.75,1
141.0,0
200.5,1
207.5,0
207.75,1
209.5,0
212.0,1
212.25,0
213.75,1
214.0,0
223.25,1
223.5,0
224.5,1
229.75,0
230.0,1
233.5,0
248.5,1
249.75,0
250.0,1
252.5,0
252.75,1
257.5,0
260.0,1
260.25,0
261.75,1
262.0,0
273.0,1
273.25,0
273.5,1
277.0,0
277.25,1
281.0,0
281.25,1
281.5,0
286.75,1
287.0,0
289.0,1
289.25,0
293.25,1
293.5,0
295.25,1
295.5,0
297.0,1
298.25,0
298.5,1
305.75,0
368.25,1
368.5,0
369.0,1
369.25,0
369.75,1
377.5,0
379.75,1
380.0,0
389.5,1
389.75,0
392.5,1
399.0,0
399.25,1
400.0,0
400.5,1
401.0,0
439.0,1
439.25,0
439.5,1
439.75,0
440.0,1
440.25,0
441.0,1
442.5,0
442.75,1
443.25,0
443.5,1
444.75,0
445.0,1
445.75,0
446.0,1
449.25,0
449.5,1
450.0,0
454.0,1
454.25,0
454.5,1
454.75,0
464.25,1
464.5,0
464.75,1
466.5,0
466.75,1
472.25,0
472.5,1
473.75,0
476.75,1
477.0,0
477.5,1
477.75,0
536.25,1
536.5,0
537.5,1
539.75,0
540.0,1
545.5,0
561.25,1
563.25,0
563.5,1
563.75,0
564.0,1
565.25,0
565.5,1
569.5,0
582.75,1
583.0,0
585.25,1
589.0,0
589.25,1
589.75,0
590.0,1
593.25,0
608.5,1
611.0,0
611.25,1
612.75,0
613.0,1
617.75,0
633.0,1
635.25,0
635.5,1
641.0,0
641.5,1
641.75,0
645.5,1
645.75,0
705.25,1
705.75,0
706.0,1
713.75,0
727.5,1
727.75,0
728.75,1
731.75,0
732.0,1
733.5,0
733.75,1
736.0,0
736.25,1
737.25,0
741.0,1
741.25,0
752.75,1
756.0,0
756.5,1
761.25,0
765.0,1
765.25,0
776.5,1
780.75,0
781.25,1
785.75,0
790.25,1
790.5,0
801.25,1
804.5,0
804.75,1
807.25,0
807.5,1
809.0,0
809.25,1
809.75,0
812.0,1
812.25,0
872.5,1
877.0,0
877.25,1
877.5,0
877.75,1
880.75,0
881.0,1
881.25,0
893.5,1
893.75,0
896.25,1
897.25,0
897.5,1
900.25,0
900.75,1
901.0,0
901.25,1
905.0,0
905.25,1
905.5,0
909.25,1
909.5,0
921.0,1
925.0,0
925.25,1
926.0,0
926.25,1
929.0,0
944.75,1
948.75,0
949.0,1
953.0,0
953.25,1
953.5,0
967.25,1
967.5,0
969.25,1
973.25,0
973.5,1
976.75,0
977.0,1
977.5,0
979.75,1
980.0,0
1040.75,1
1049.5,0
1053.75,1
1054.0,0
1062.5,1
1063.25,0
1064.25,1
1064.5,0
1064.75,1
1065.5,0
1065.75,1
1066.5,0
1066.75,1
1068.0,0
1068.25,1
1068.5,0
1068.75,1
1069.0,0
1069.25,1
1073.25,0
1112.5,1
1116.25,0
1116.5,1
1117.25,0
1117.5,1
1121.5,0
1133.25,1
1133.5,0
1134.75,1
1135.0,0
1135.75,1
1136.0,0
1137.0,1
1142.25,0
1142.5,1
1142.75,0
1143.25,1
1144.0,0
1144.25,1
1144.75,0
1145.25,1
1145.5,0
1148.5,1
1148.75,0
1209.25,1
1212.0,0
1212.25,1
1212.75,0
1213.0,1
1214.75,0
1215.0,1
1215.25,0
1215.5,1
1217.5,0
1217.75,1
1218.0,0
1232.75,1
1237.25,0
1237.5,1
1237.75,0
1238.0,1
1241.0,0
1245.0,1
1245.25,0
1256.25,1
1259.25,0
1259.5,1
1261.0,0
1261.25,1
1265.75,0
1268.5,1
1268.75,0
1277.75,1
1278.0,0
1279.0,1
1279.25,0
1280.5,1
1281.0,0
1281.25,1
1281.5,0
1281.75,1
1289.25,0
1289.5,1
1289.75,0
1293.0,1
1293.25,0
1305.25,1
1313.25,0
1317.25,1
1317.5,0
1377.0,1
1378.0,0
1378.25,1
1385.0,0
1385.5,1
1385.75,0
1400.75,1
1401.0,0
1401.25,1
1403.75,0
1404.0,1
1406.75,0
1407.0,1
1409.25,0
1411.75,1
1412.0,0
1425.0,1
1432.25,0
1432.5,1
1433.0,0
1447.75,1
1448.0,0
1448.5,1
1451.5,0
1451.75,1
1452.0,0
1452.25,1
1452.5,0
1452.75,1
1453.0,0
1453.25,1
1457.25,0
1473.0,1
1473.25,0
1473.5,1
1479.5,0
1479.75,1
1480.25,0
1480.5,1
1481.25,0
1485.25,1
1485.75,0
1544.75,1
1548.25,0
1548.5,1
1549.75,0
1550.0,1
1550.5,0
1550.75,1
1552.75,0
1553.0,1
1553.25,0
1553.5,1
1553.75,0
1556.75,1
1557.0,0
1569.25,1
1574.25,0
1574.5,1
1576.75,0
1577.0,1
1577.25,0
1589.5,1
1589.75,0
1591.0,1
1591.25,0
1592.75,1
1597.5,0
1597.75,1
1601.25,0
1604.25,1
1604.5,0
1616.75,1
1617.0,0
1617.25,1
1617.5,0
1617.75,1
1619.75,0
1620.0,1
1622.5,0
1622.75,1
1625.0,0
1625.25,1
1625.5,0
1629.25,1
1629.5,0
1630.0,1
1630.25,0
1639.5,1
1639.75,0
1641.0,1
1647.5,0
1647.75,1
1648.0,0
1648.25,1
1649.25,0
1652.0,1
1652.25,0
1710.5,1
1710.75,0
1713.0,1
1721.0,0
1721.25,1
1721.5,0
1725.0,1
1725.25,0
1737.0,1
1744.5,0
1744.75,1
1745.5,0
1745.75,1
1746.0,0
1749.5,1
1749.75,0
1760.5,1
1769.5,0
1770.0,1
1770.25,0
1772.0,1
1772.25,0
1784.75,1
1785.5,0
1785.75,1
1791.75,0
1792.0,1
1792.75,0
1793.0,1
1794.0,0
1808.5,1
1808.75,0
1809.5,1
1809.75,0
1810.0,1
1812.5,0
1813.0,1
1816.5,0
1816.75,1
1817.25,0
1820.5,1
1820.75,0
1881.0,1
1884.5,0
1884.75,1
1889.5,0
1889.75,1
1890.0,0
1894.5,1
1894.75,0
1904.0,1
1904.25,0
1905.25,1
1907.25,0
1907.5,1
1908.0,0
1908.25,1
1913.25,0
1915.5,1
1915.75,0
1928.75,1
1937.5,0
1940.75,1
1941.0,0
1953.0,1
1961.0,0
1964.5,1
1964.75,0
1965.0,1
1965.25,0
1975.75,1
1976.0,0
1976.25,1
1976.5,0
1977.25,1
1985.5,0
1989.5,1
1989.75,0
2048.0,1
2048.25,0
2049.0,1
2052.75,0
2053.0,1
2056.25,0
2056.5,1
2057.0,0
2072.25,1
2072.5,0
2073.25,1
2079.5,0
2079.75,1
2081.25,0
2096.75,1
2097.0,0
2097.25,1
2097.75,0
2098.0,1
2103.5,0
2104.0,1
2105.75,0
2107.75,1
2108.0,0
2121.0,1
2121.75,0
2122.25,1
2123.75,0
2124.0,1
2124.5,0
2124.75,1
2129.0,0
2129.25,1
2129.5,0
2132.25,1
2132.5,0
2134.0,1
2134.25,0
2142.5,1
2142.75,0
2144.75,1
2145.75,0
2146.5,1
2153.5,0
2156.0,1
2156.25,0
2213.75,1
2214.0,0
2216.5,1
2216.75,0
2217.0,1
2223.5,0
2223.75,1
2225.25,0
2225.75,1
2226.0,0
2228.25,1
2228.5,0
2229.25,1
2229.5,0
2241.0,1
2246.75,0
2247.0,1
2249.25,0
2252.75,1
2253.0,0
2264.75,1
2266.75,0
2267.0,1
2268.0,0
2268.25,1
2269.5,0
2269.75,1
2273.0,0
2273.5,1
2273.75,0
2275.25,1
2275.5,0
2275.75,1
2276.0,0
2287.25,1
2287.5,0
2287.75,1
2288.0,0
2289.25,1
2295.5,0
2295.75,1
2297.25,0
2297.5,1
2297.75,0
2301.5,1
2301.75,0
2310.0,1
2310.25,0
2313.25,1
2321.5,0
2385.0,1
2385.25,0
2385.5,1
2388.25,0
2388.5,1
2393.5,0
2395.5,1
2395.75,0
2408.75,1
2409.0,0
2409.5,1
2413.0,0
2413.25,1
2415.25,0
2415.5,1
2417.25,0
2430.75,1
2431.0,0
2433.0,1
2438.25,0
2438.5,1
2441.0,0
2441.25,1
2441.5,0
2457.0,1
2460.25,0
2461.0,1
2463.75,0
2464.25,1
2465.5,0
2480.5,1
2489.5,0
2550.0,1
2550.25,0
2553.0,1
2560.5,0
2561.0,1
2561.25,0
2574.75,1
2575.25,0
2576.5,1
2576.75,0
2577.0,1
2578.75,0
2579.0,1
2579.25,0
2579.5,1
2580.75,0
2581.0,1
2584.25,0
2584.5,1
2584.75,0
2585.0,1
2585.25,0
2599.25,1
2599.5,0
2600.75,1
2605.25,0
2605.5,1
2609.25,0
2613.0,1
2613.25,0
2613.5,1
2613.75,0
2624.5,1
2625.0,0
2625.75,1
2632.75,0
2633.0,1
2633.25,0
2633.5,1
2633.75,0
2649.0,1
2657.5,0
2662.0,1
2662.25,0
2720.75,1
2722.0,0
2722.5,1
2728.75,0
2729.0,1
2729.5,0
2729.75,1
2730.0,0
2743.0,1
2743.25,0
2744.5,1
2748.75,0
2749.25,1
2753.75,0
2768.5,1
2771.5,0
2771.75,1
2772.0,0
2772.25,1
2772.5,0
2772.75,1
2777.5,0
2780.25,1
2780.5,0
2792.5,1
2797.0,0
2797.25,1
2801.0,0
2801.75,1
2802.0,0
2815.75,1
2816.0,0
2816.75,1
2817.0,0
2817.5,1
2820.75,0
2821.0,1
2825.25,0
2828.75,1
2829.0,0
2888.25,1
2888.5,0
2888.75,1
2897.0,0
2897.25,1
2897.5,0
2901.25,1
2901.5,0
2901.75,1
2902.0,0
2912.25,1
2912.5,0
2913.0,1
2920.5,0
2920.75,1
2921.0,0
2921.25,1
2921.75,0
2936.25,1
2940.5,0
2940.75,1
2941.0,0
2941.25,1
2942.25,0
2942.5,1
2945.25,0
2949.25,1
2949.5,0
2960.75,1
2963.75,0
2964.0,1
2964.25,0
2964.5,1
2965.25,0
2965.5,1
2969.5,0
2984.75,1
2988.0,0
2988.25,1
2989.0,0
2989.25,1
2992.0,0
2992.25,1
2993.25,0
3055.75,1
3056.0,0
3057.5,1
3059.75,0
3060.0,1
3060.25,0
3060.5,1
3065.0,0
3065.25,1
3065.5,0
3071.0,1
3071.25,0
3073.0,1
3073.25,0
3075.25,1
3075.5,0
3080.75,1
3084.5,0
3084.75,1
3089.75,0
3093.75,1
3094.0,0
3095.0,1
3095.25,0
3103.75,1
3104.0,0
3105.25,1
3108.5,0
3108.75,1
3109.5,0
3109.75,1
3110.0,0
3110.25,1
3113.25,0
3116.25,1
3116.5,0
3118.25,1
3118.5,0
3129.25,1
3131.75,0
3132.0,1
3133.5,0
3134.0,1
3136.75,0
3151.25,1
3151.5,0
3152.75,1
3154.25,0
3154.5,1
3161.5,0
3224.75,1
3228.0,0
3228.5,1
3233.5,0
3249.0,1
3253.5,0
3253.75,1
3257.0,0
3257.5,1
3257.75,0
3260.5,1
3260.75,0
3272.75,1
3277.5,0
3278.0,1
3281.25,0
3281.5,1
3281.75,0
3294.75,1
3295.0,0
3297.0,1
3299.5,0
3299.75,1
3302.75,0
3303.0,1
3305.75,0
3321.0,1
3321.25,0
3321.5,1
3325.0,0
3325.25,1
3327.75,0
3328.0,1
3328.25,0
3328.5,1
3329.25,0
3393.25,1
3396.25,0
3396.75,1
3401.25,0
3415.0,1
3415.25,0
3417.0,1
3419.75,0
3420.0,1
3421.0,0
3421.25,1
3425.25,0
3425.5,1
3425.75,0
3440.75,1
3442.0,0
3442.25,1
3442.5,0
3442.75,1
3446.5,0
3446.75,1
3448.75,0
3449.0,1
3449.25,0
3449.5,1
3449.75,0
3461.0,1
3461.25,0
3464.75,1
3466.0,0
3466.25,1
3467.0,0
3467.25,1
3468.5,0
3468.75,1
3473.25,0
3488.5,1
3492.5,0
3493.0,1
3494.0,0
3494.25,1
3497.0,0
3559.0,1
3559.25,0
3559.75,1
3560.0,0
3561.0,1
3564.25,0
3564.5,1
3564.75,0
3565.25,1
3567.0,0
3567.25,1
3569.5,0
3572.0,1
3572.25,0
3573.25,1
3573.5,0
3608.5,1
3608.75,0
3609.0,1
3610.5,0
3610.75,1
3613.0,0
3613.25,1
3617.25,0
3621.5,1
3621.75,0
3622.5,1
3622.75,0
3629.75,1
3630.0,0
3632.75,1
3641.25,0
3656.5,1
3657.75,0
3658.25,1
3660.75,0
3661.0,1
3665.25,0
3668.25,1
3668.5,0
3669.5,1
3669.75,0
3726.5,1
3726.75,0
3727.25,1
3727.5,0
3728.75,1
3731.5,0
3731.75,1
3737.5,0
3752.75,1
3756.75,0
3757.0,1
3757.5,0
3757.75,1
3761.0,0
3761.25,1
3761.75,0
3776.5,1
3776.75,0
3777.0,1
3782.0,0
3782.25,1
3784.5,0
3784.75,1
3785.5,0
3798.0,1
3798.25,0
3800.5,1
3806.25,0
3806.5,1
3808.5,0
3809.0,1
3809.25,0
3809.5,1
3809.75,0
3824.0,1
3824.25,0
3824.5,1
3824.75,0
3825.0,1
3831.25,0
3831.5,1
3833.25,0
3837.0,1
3837.25,0
3895.25,1
3895.5,0
3896.25,1
3897.75,0
3898.0,1
3899.5,0
3899.75,1
3900.5,0
3900.75,1
3905.25,0
3905.5,1
3905.75,0
3907.5,1
3907.75,0
3909.5,1
3909.75,0
3918.5,1
3919.0,0
3920.75,1
3922.25,0
3922.5,1
3925.0,0
3925.25,1
3929.25,0
3929.5,1
3929.75,0
3942.75,1
3943.0,0
3945.0,1
3950.0,0
3950.25,1
3953.0,0
3953.5,1
3953.75,0
3959.0,1
3959.25,0
3965.75,1
3966.0,0
3969.25,1
3972.5,0
3972.75,1
3973.25,0
3973.5,1
3977.0,0
3977.25,1
3977.5,0
3990.25,1
3990.5,0
3992.5,1
3993.75,0
3994.0,1
3996.5,0
3996.75,1
3997.5,0
3997.75,1
4001.25,0
4005.25,1
4005.5,0
4064.5,1
4064.75,0
4065.0,1
4073.25,0
4073.5,1
4073.75,0
4078.25,1
4078.5,0
4089.25,1
4094.75,0
4095.0,1
4097.0,0
4102.0,1
4102.25,0
4112.25,1
4112.5,0
4112.75,1
4116.75,0
4117.0,1
4120.25,0
4120.5,1
4122.0,0
4123.75,1
4124.0,0
4134.25,1
4134.75,0
4137.0,1
4140.0,0
4140.25,1
4141.25,0
4141.5,1
4145.5,0
4149.0,1
4149.25,0
4158.0,1
4158.25,0
4161.0,1
4169.5,0
4171.75,1
4172.0,0
4232.25,1
4234.25,0
4234.5,1
4236.5,0
4236.75,1
4239.75,0
4240.0,1
4240.75,0
4241.0,1
4241.25,0
4241.5,1
4241.75,0
4245.0,1
4245.25,0
4256.75,1
4257.0,0
4257.25,1
4264.25,0
4264.5,1
4265.5,0
4268.25,1
4268.5,0
4277.25,1
4277.5,0
4280.75,1
4289.0,0
4292.75,1
4293.0,0
4293.25,1
4293.5,0
4304.75,1
4313.5,0
4329.0,1
4332.25,0
4332.75,1
4337.75,0
4341.25,1
4341.5,0
4400.75,1
4409.5,0
4448.75,1
4449.5,0
4449.75,1
4452.25,0
4452.75,1
4454.0,0
4454.25,1
4456.5,0
4457.0,1
4457.25,0
4460.75,1
4461.0,0
4471.0,1
4471.25,0
4472.75,1
4475.75,0
4476.5,1
4481.5,0
4494.5,1
4494.75,0
4495.75,1
4496.0,0
4497.0,1
4502.75,0
4503.0,1
4503.25,0
4503.5,1
4505.5,0
4568.75,1
4570.25,0
4570.5,1
4572.5,0
4573.0,1
4573.5,0
4574.0,1
4576.5,0
4576.75,1
4577.0,0
4581.25,1
4581.5,0
4581.75,1
4582.0,0
4592.75,1
4594.0,0
4594.25,1
4594.5,0
4594.75,1
4597.5,0
4597.75,1
4599.25,0
4599.5,1
4601.0,0
4601.25,1
4601.5,0
4615.75,1
4616.0,0
4616.5,1
4621.25,0
4621.5,1
4622.5,0
4622.75,1
4624.75,0
4627.75,1
4628.25,0
4640.5,1
4641.0,0
4641.25,1
4643.5,0
4643.75,1
4644.25,0
4644.5,1
4644.75,0
4645.0,1
4647.25,0
4647.5,1
4649.25,0
4664.75,1
4665.0,0
4665.25,1
4666.75,0
4667.0,1
4668.5,0
4668.75,1
4669.0,0
4669.25,1
4670.0,0
4670.25,1
4672.25,0
4672.5,1
4673.25,0
4673.5,1
4673.75,0
4676.25,1
4676.5,0
4737.0,1
4739.0,0
4739.25,1
4739.5,0
4739.75,1
4740.0,0
4740.5,1
4741.25,0
4741.75,1
4742.25,0
4742.5,1
4745.25,0
4748.75,1
4749.25,0
4758.75,1
4759.25,0
4760.5,1
4767.5,0
4767.75,1
4768.0,0
4768.25,1
4769.5,0
4785.0,1
4790.25,0
4790.75,1
4793.25,0
4807.25,1
4807.5,0
4808.5,1
4810.25,0
4810.5,1
4811.25,0
4811.75,1
4812.0,0
4812.5,1
4814.0,0
4814.25,1
4817.0,0
4817.25,1
4817.5,0
4830.5,1
4830.75,0
4833.0,1
4834.5,0
4834.75,1
4838.75,0
4839.0,1
4841.5,0
4904.75,1
4905.0,0
4905.25,1
4910.25,0
4910.75,1
4913.25,0
4928.25,1
4930.0,0
4930.25,1
4931.0,0
4931.25,1
4932.75,0
4933.25,1
4935.75,0
4936.0,1
4936.25,0
4936.5,1
4937.25,0
4952.0,1
4952.25,0
4952.75,1
4953.0,0
4953.5,1
4960.0,0
4960.25,1
4961.5,0
4975.0,1
4975.25,0
4976.25,1
4976.5,0
4977.0,1
4983.25,0
4983.75,1
4985.5,0
5000.5,1
5001.0,0
5001.25,1
5002.5,0
5002.75,1
5005.0,0
5005.5,1
5009.0,0
5009.25,1
5009.5,0
5072.75,1
5075.5,0
5076.25,1
5077.25,0
5077.5,1
5081.5,0
5085.25,1
5085.5,0
5097.5,1
5101.75,0
5102.0,1
5105.25,0
5108.5,1
5108.75,0
5110.0,1
5110.25,0
5120.75,1
5121.0,0
5121.25,1
5125.0,0
5125.25,1
5127.75,0
5128.0,1
5129.25,0
5130.75,1
5131.0,0
5144.75,1
5145.5,0
5145.75,1
5146.25,0
5146.5,1
5152.0,0
5152.5,1
5153.25,0
5156.25,1
5156.5,0
5169.0,1
5174.0,0
5174.25,1
5176.5,0
5176.75,1
5177.75,0
5239.75,1
5240.0,0
5241.5,1
5244.25,0
5244.75,1
5247.75,0
5248.0,1
5249.0,0
5249.25,1
5249.5,0
5265.0,1
5265.25,0
5265.5,1
5268.25,0
5268.75,1
5273.0,0
5286.5,1
5286.75,0
5289.0,1
5291.5,0
5291.75,1
5295.75,0
5296.0,1
5297.5,0
5311.75,1
5312.0,0
5312.5,1
5315.0,0
5315.25,1
5316.25,0
5316.5,1
5321.0,0
5325.75,1
5326.0,0
5335.0,1
5335.25,0
5336.75,1
5345.5,0
5405.75,1
5406.0,0
5408.5,1
5408.75,0
5409.0,1
5412.0,0
5412.75,1
5417.25,0
5417.75,1
5418.0,0
5432.25,1
5432.5,0
5433.25,1
5435.75,0
5436.75,1
5440.0,0
5440.25,1
5441.25,0
5441.5,1
5441.75,0
5456.75,1
5457.0,0
5457.75,1
5464.75,0
5465.0,1
5465.25,0
5465.75,1
5466.0,0
5469.25,1
5469.75,0
5481.25,1
5483.5,0
5483.75,1
5489.25,0
5493.5,1
5493.75,0
5503.0,1
5503.25,0
5504.25,1
5504.75,0
5505.25,1
5507.75,0
5508.0,1
5509.0,0
5509.25,1
5510.5,0
5510.75,1
5513.5,0
5516.0,1
5516.25,0
5517.0,1
5517.25,0
5576.25,1
5576.5,0
5576.75,1
5577.5,0
5577.75,1
5578.0,0
5578.25,1
5578.75,0
5579.0,1
5580.0,0
5580.25,1
5580.5,0
5580.75,1
5585.25,0
5598.5,1
5598.75,0
5599.75,1
5600.0,0
5600.5,1
5600.75,0
5601.0,1
5606.0,0
5606.25,1
5608.5,0
5609.0,1
5609.5,0
5613.25,1
5613.5,0
5624.5,1
5624.75,0
5625.0,1
5627.5,0
5627.75,1
5633.25,0
5648.25,1
5657.0,0
5673.0,1
5675.75,0
5676.0,1
5681.25,0
5745.0,1
5753.75,0
5754.5,1
5754.75,0
5757.75,1
5758.0,0
5769.25,1
5771.25,0
5771.5,1
5776.75,0
5790.75,1
5791.0,0
5792.0,1
5792.25,0
5793.0,1
5796.5,0
5796.75,1
5797.25,0
5797.5,1
5801.25,0
5817.0,1
5825.75,0
5826.0,1
5826.25,0
5835.0,1
5835.25,0
5835.5,1
5835.75,0
5836.0,1
5836.25,0
5840.5,1
5845.75,0
5846.0,1
5849.25,0
5852.75,1
5853.0,0
5855.25,1
5855.5,0
5907.25,1
5907.5,0
5913.0,1
5916.0,0
5916.25,1
5917.5,0
5917.75,1
5919.0,0
5919.25,1
5921.25,0
5960.25,1
5960.5,0
5960.75,1
5961.25,0
5962.0,1
5964.0,0
5964.25,1
5967.5,0
5967.75,1
5968.5,0
5968.75,1
5969.0,0
5969.5,1
5969.75,0
5985.0,1
5990.25,0
5990.5,1
5993.5,0
5998.25,1
5998.5,0
6006.75,1
6007.0,0
6008.25,1
6008.5,0
6009.25,1
6009.75,0
6010.0,1
6017.5,0
6081.0,1
6086.75,0
6087.0,1
6089.5,0
6103.75,1
6104.0,0
6104.5,1
6105.0,0
6105.25,1
6110.0,0
6110.25,1
6113.0,0
6113.25,1
6113.5,0
6127.25,1
6127.5,0
6129.0,1
6132.75,0
6133.0,1
6134.25,0
6134.5,1
6137.5,0
6152.75,1
6160.75,0
6161.0,1
6161.25,0
6161.75,1
6162.0,0
6166.0,1
6166.25,0
6175.75,1
6176.0,0
6176.75,1
6180.75,0
6181.0,1
6182.5,0
6182.75,1
6185.25,0
6248.5,1
6248.75,0
6249.0,1
6255.25,0
6255.5,1
6257.5,0
6257.75,1
6258.0,0
6270.25,1
6270.5,0
6272.0,1
6272.5,0
6273.0,1
6276.0,0
6276.25,1
6276.75,0
6277.25,1
6280.25,0
6280.5,1
6281.0,0
6283.5,1
6283.75,0
6296.5,1
6297.25,0
6297.5,1
6298.0,0
6298.25,1
6305.25,0
6308.75,1
6309.0,0
6318.25,1
6318.5,0
6319.0,1
6319.25,0
6320.5,1
6324.5,0
6324.75,1
6329.25,0
6342.5,1
6342.75,0
6344.75,1
6349.25,0
6349.5,1
6351.5,0
6352.25,1
6353.25,0
6357.5,1
6357.75,0
6416.75,1
6417.25,0
6417.5,1
6421.5,0
6421.75,1
6422.0,0
6422.25,1
6422.75,0
6423.0,1
6424.5,0
6425.0,1
6425.5,0
6440.75,1
6449.5,0
6453.25,1
6453.5,0
6461.75,1
6462.0,0
6464.5,1
6464.75,0
6465.0,1
6468.5,0
6468.75,1
6473.5,0
6476.25,1
6476.5,0
6486.0,1
6486.25,0
6487.25,1
6487.75,0
6488.5,1
6489.0,0
6489.25,1
6492.75,0
6493.0,1
6493.5,0
6493.75,1
6496.75,0
6497.25,1
6497.5,0
6497.75,1
6498.0,0
6512.25,1
6512.75,0
6513.0,1
6517.5,0
6517.75,1
6521.25,0
6524.5,1
6524.75,0
6584.5,1
6584.75,0
6585.0,1
6585.5,0
6586.0,1
6589.25,0
6589.5,1
6589.75,0
6590.0,1
6593.25,0
6598.75,1
6599.0,0
6608.5,1
6609.5,0
6609.75,1
6613.25,0
6613.75,1
6616.75,0
6617.0,1
6617.5,0
6620.5,1
6620.75,0
6632.25,1
6634.0,0
6634.25,1
6635.75,0
6636.0,1
6636.25,0
6636.5,1
6637.0,0
6637.5,1
6638.75,0
6639.0,1
6641.0,0
6641.25,1
6641.5,0
6645.5,1
6645.75,0
6657.25,1
6659.75,0
6660.0,1
6664.0,0
6664.25,1
6665.25,0
6669.0,1
6669.25,0
6676.0,1
6676.25,0
6680.5,1
6687.25,0
6687.5,1
6689.75,0
6752.75,1
6755.5,0
6755.75,1
6761.0,0
6761.25,1
6761.5,0
6798.25,1
6798.5,0
6799.25,1
6799.5,0
6800.5,1
6809.5,0
6813.5,1
6813.75,0
6824.75,1
6828.75,0
6829.0,1
6833.25,0
6848.75,1
6849.0,0
6849.25,1
6852.75,0
6853.0,1
6853.25,0
6853.5,1
6857.5,0
6862.0,1
6862.25,0
6919.25,1
6919.5,0
6920.75,1
6929.25,0
6930.0,1
6930.25,0
6934.25,1
6934.5,0
6942.25,1
6942.5,0
6945.0,1
6953.25,0
6955.75,1
6956.0,0
6958.25,1
6958.5,0
6968.5,1
6972.75,0
6973.0,1
6977.0,0
6979.0,1
6979.25,0
6980.75,1
6981.0,0
6991.25,1
6991.5,0
6993.0,1
6993.75,0
6994.0,1
6998.75,0
6999.0,1
7000.75,0
7001.0,1
7001.5,0
7004.0,1
7004.5,0
7016.75,1
7018.75,0
7019.0,1
7025.25,0
7029.25,1
7029.5,0
7088.5,1
7092.0,0
7092.25,1
7092.5,0
7092.75,1
7097.5,0
7112.25,1
7112.5,0
7113.25,1
7115.25,0
7115.5,1
7121.25,0
7125.75,1
7126.0,0
7137.25,1
7145.25,0
7147.0,1
7147.25,0
7160.0,1
7160.25,0
7160.75,1
7169.0,0
7183.5,1
7183.75,0
7184.25,1
7186.5,0
7186.75,1
7192.75,0
7195.75,1
7196.0,0
7197.0,1
7197.25,0
7197.5,1
7197.75,0
7256.75,1
7258.75,0
7259.0,1
7262.5,0
7263.0,1
7265.0,0
7268.0,1
7268.25,0
7268.75,1
7269.0,0
7280.75,1
7284.25,0
7284.5,1
7285.0,0
7285.25,1
7286.75,0
7287.0,1
7289.25,0
7304.0,1
7304.5,0
7305.0,1
7305.75,0
7306.0,1
7308.25,0
7308.5,1
7310.5,0
7310.75,1
7313.0,0
7329.0,1
7332.75,0
7333.0,1
7333.75,0
7334.0,1
7337.75,0
7339.25,1
7339.5,0
7350.0,1
7350.25,0
7352.75,1
7355.0,0
7355.25,1
7361.25,0
7425.0,1
7429.25,0
7429.75,1
7433.5,0
7436.25,1
7436.5,0
7448.25,1
7449.75,0
7450.0,1
7457.0,0
7460.5,1
7460.75,0
7473.0,1
7477.0,0
7477.5,1
7477.75,0
7478.0,1
7481.75,0
7496.75,1
7505.25,0
7505.5,1
7505.75,0
7521.0,1
7523.75,0
7524.0,1
7529.0,0
7529.5,1
7529.75,0
7592.75,1
7597.75,0
7598.0,1
7601.0,0
7604.75,1
7605.0,0
7615.0,1
7615.25,0
7616.25,1
7616.5,0
7616.75,1
7617.5,0
7617.75,1
7621.5,0
7621.75,1
7622.25,0
7622.5,1
7625.0,0
7631.75,1
7632.0,0
7637.25,1
7637.5,0
7638.0,1
7638.25,0
7640.0,1
7640.5,0
7641.25,1
7642.0,0
7642.25,1
7645.25,0
7645.5,1
7648.0,0
7648.25,1
7648.5,0
7648.75,1
7649.0,0
7649.25,1
7649.5,0
7652.25,1
7652.5,0
7665.0,1
7673.5,0
7688.25,1
7688.5,0
7689.0,1
7697.25,0
7697.5,1
7697.75,0
7760.25,1
7761.75,0
7762.5,1
7763.75,0
7764.25,1
7764.75,0
7765.0,1
7766.75,0
7767.0,1
7769.0,0
7784.5,1
7787.5,0
7787.75,1
7788.25,0
7788.5,1
7793.5,0
7793.75,1
7794.0,0
7807.0,1
7807.25,0
7808.5,1
7817.75,0
7833.0,1
7835.5,0
7835.75,1
7836.25,0
7836.5,1
7836.75,0
7837.0,1
7839.25,0
7839.5,1
7841.5,0
7846.25,1
7846.5,0
7929.25,1
7931.0,0
7931.25,1
7931.5,0
7931.75,1
7934.0,0
7934.25,1
7937.0,0
7950.25,1
7950.5,0
7951.5,1
7951.75,0
7952.5,1
7957.25,0
7957.5,1
7961.25,0
7976.5,1
7976.75,0
7977.0,1
7980.0,0
7980.25,1
7980.5,0
7980.75,1
7981.0,0
7981.25,1
7985.5,0
7989.5,1
7989.75,0
8000.5,1
8000.75,0
8001.0,1
8003.75,0
8004.25,1
8007.5,0
8007.75,1
8009.5,0
8011.5,1
8011.75,0
8023.25,1
8023.5,0
8024.25,1
8024.5,0
8025.0,1
8033.0,0
8033.5,1
8033.75,0
8096.5,1
8096.75,0
8097.0,1
8100.0,0
8100.5,1
8100.75,0
8101.0,1
8105.25,0
8108.75,1
8109.0,0
8120.5,1
8120.75,0
8121.0,1
8122.75,0
8123.25,1
8124.0,0
8124.25,1
8129.0,0
8129.25,1
8129.5,0
8133.75,1
8134.0,0
8144.75,1
8148.0,0
8148.25,1
8153.5,0
8167.75,1
8168.0,0
8168.75,1
8172.5,0
8173.0,1
8175.75,0
8176.0,1
8177.0,0
8177.25,1
8177.5,0
8193.0,1
8201.25,0
8203.0,1
8203.25,0
8258.75,1
8259.0,0
8265.0,1
8273.0,0
8273.25,1
8273.75,0
8276.0,1
8276.25,0
8276.75,1
8277.0,0
8277.25,1
8277.5,0
8288.75,1
8292.75,0
8293.0,1
8296.5,0
8296.75,1
8297.0,0
8312.75,1
8316.25,0
8316.5,1
8321.75,0
8324.75,1
8325.0,0
8336.0,1
8336.25,0
8336.75,1
8339.25,0
8339.5,1
8341.0,0
8341.25,1
8342.0,0
8342.25,1
8345.75,0
8349.25,1
8349.5,0
8357.75,1
8358.0,0
8358.5,1
8359.0,0
8361.25,1
8363.75,0
8364.0,1
8369.0,0
8369.25,1
8369.5,0
8371.75,1
8372.0,0
8372.25,1
8372.5,0
8432.75,1
8433.0,0
8433.25,1
8435.75,0
8436.25,1
8441.5,0
8454.5,1
8454.75,0
8457.25,1
8461.5,0
8461.75,1
8465.25,0
8477.75,1
8478.0,0
8478.25,1
8478.5,0
8479.75,1
8480.0,0
8481.25,1
8483.75,0
8484.25,1
8485.0,0
8485.25,1
8487.25,0
8487.75,1
8489.75,0
8502.0,1
8502.25,0
8504.75,1
8505.25,0
8505.5,1
8505.75,0
8506.5,1
8508.5,0
8508.75,1
8513.0,0
8513.25,1
8513.75,0
8528.0,1
8528.25,0
8528.5,1
8536.25,0
8536.5,1
8537.25,0
8622.0,1
8622.25,0
8624.5,1
8627.0,0
8627.25,1
8628.5,0
8628.75,1
8629.0,0
8629.25,1
8633.25,0
8635.75,1
8636.0,0
8636.75,1
8637.0,0
8648.5,1
8652.25,0
8652.5,1
8653.25,0
8653.5,1
8655.25,0
8655.5,1
8657.0,0
8657.75,1
8658.0,0
8662.5,1
8662.75,0
8669.5,1
8669.75,0
8671.0,1
8671.25,0
8672.75,1
8677.0,0
8677.25,1
8681.25,0
8697.0,1
8698.25,0
8698.5,1
8700.25,0
8700.5,1
8701.0,0
8701.25,1
8703.75,0
8704.0,1
8705.5,0

float Room-209 (4385,2)
0.0,0
31.5,1
31.75,0
33.0,1
33.75,0
34.25,1
36.75,0
37.0,1
39.75,0
40.0,1
40.75,0
41.0,1
41.25,0
44.25,1
44.5,0
55.25,1
55.5,0
56.75,1
57.25,0
57.5,1
58.5,0
58.75,1
59.0,0
59.25,1
60.75,0
61.25,1
62.0,0
62.5,1
62.75,0
63.0,1
63.25,0
63.5,1
63.75,0
64.0,1
64.5,0
64.75,1
65.25,0
69.5,1
69.75,0
79.5,1
80.0,0
80.25,1
80.75,0
81.0,1
81.25,0
81.5,1
84.0,0
84.5,1
86.0,0
86.25,1
86.5,0
86.75,1
88.0,0
88.25,1
88.75,0
105.0,1
105.5,0
106.0,1
106.25,0
106.5,1
107.25,0
107.5,1
109.0,0
109.25,1
110.75,0
111.0,1
112.5,0
113.5,1
113.75,0
125.5,1
125.75,0
128.75,1
129.5,0
129.75,1
132.25,0
132.5,1
133.0,0
133.5,1
133.75,0
134.25,1
135.0,0
135.25,1
136.0,0
136.25,1
137.25,0
199.0,1
199.5,0
200.5,1
201.0,0
201.25,1
202.75,0
203.0,1
204.25,0
204.5,1
205.25,0
205.5,1
206.0,0
206.25,1
206.5,0
206.75,1
207.5,0
207.75,1
209.25,0
209.5,1
209.75,0
224.5,1
224.75,0
225.75,1
227.5,0
228.0,1
229.0,0
229.25,1
230.25,0
230.5,1
230.75,0
231.5,1
231.75,0
232.5,1
233.0,0
233.25,1
233.5,0
248.0,1
248.25,0
248.5,1
248.75,0
249.0,1
250.5,0
250.75,1
252.75,0
253.0,1
253.5,0
253.75,1
254.25,0
254.5,1
255.0,0
255.25,1
255.75,0
256.0,1
256.75,0
257.5,1
257.75,0
260.75,1
261.0,0
270.25,1
270.5,0
270.75,1
271.0,0
272.75,1
273.0,0
273.25,1
273.75,0
274.0,1
275.5,0
275.75,1
276.0,0
276.25,1
277.0,0
277.25,1
277.75,0
278.0,1
278.25,0
278.75,1
279.0,0
279.5,1
280.5,0
281.0,1
281.25,0
288.75,1
289.0,0
294.75,1
295.0,0
295.25,1
295.5,0
297.25,1
297.5,0
298.0,1
299.0,0
299.25,1
301.0,0
301.25,1
302.0,0
302.25,1
303.75,0
304.0,1
305.25,0
305.75,1
306.25,0
366.75,1
367.0,0
369.0,1
369.25,0
369.5,1
370.75,0
371.0,1
371.5,0
371.75,1
372.5,0
372.75,1
373.0,0
373.25,1
374.0,0
374.5,1
374.75,0
375.0,1
375.5,0
375.75,1
377.0,0
377.25,1
377.5,0
390.75,1
391.0,0
392.25,1
392.5,0
393.0,1
393.25,0
393.5,1
395.0,0
395.75,1
396.25,0
396.5,1
397.0,0
397.25,1
398.75,0
399.25,1
400.75,0
401.0,1
401.25,0
438.75,1
439.5,0
440.75,1
441.5,0
442.0,1
442.25,0
442.75,1
443.0,0
443.75,1
444.0,0
444.25,1
444.75,0
445.0,1
446.25,0
446.5,1
448.75,0
465.25,1
466.0,0
466.5,1
468.25,0
468.75,1
469.5,0
469.75,1
470.0,0
470.25,1
471.0,0
471.25,1
471.75,0
472.0,1
472.25,0
472.75,1
473.5,0
476.25,1
476.5,0
537.75,1
538.5,0
539.0,1
539.75,0
540.0,1
542.0,0
542.25,1
542.75,0
543.0,1
544.0,0
544.25,1
544.5,0
545.25,1
545.5,0
546.0,1
546.25,0
549.0,1
549.25,0
557.25,1
557.5,0
561.25,1
561.5,0
561.75,1
562.0,0
562.5,1
562.75,0
563.0,1
563.75,0
564.5,1
565.0,0
565.25,1
565.5,0
565.75,1
566.0,0
566.25,1
568.5,0
568.75,1
569.5,0
585.0,1
585.5,0
585.75,1
586.0,0
586.25,1
588.0,0
588.25,1
589.25,0
589.5,1
591.25,0
591.5,1
592.25,0
592.5,1
592.75,0
608.75,1
609.0,0
609.25,1
610.25,0
610.5,1
611.25,0
611.5,1
612.0,0
612.25,1
612.75,0
613.25,1
614.75,0
615.0,1
616.5,0
616.75,1
617.0,0
620.0,1
620.25,0
630.0,1
630.25,0
630.75,1
631.0,0
631.25,1
631.5,0
633.0,1
633.25,0
633.75,1
634.75,0
635.0,1
635.25,0
635.5,1
636.25,0
636.5,1
639.0,0
639.25,1
640.0,0
640.25,1
640.5,0
641.0,1
641.25,0
645.0,1
645.25,0
705.0,1
705.75,0
706.0,1
707.0,0
707.25,1
708.0,0
708.5,1
709.0,0
709.25,1
709.5,0
709.75,1
710.5,0
710.75,1
711.0,0
711.25,1
711.75,0
712.0,1
712.25,0
712.5,1
713.0,0
713.25,1
713.75,0
727.75,1
728.0,0
728.75,1
729.5,0
729.75,1
730.0,0
730.25,1
733.5,0
733.75,1
734.5,0
734.75,1
737.25,0
750.75,1
751.0,0
753.0,1
753.75,0
754.25,1
755.25,0
755.5,1
759.0,0
759.25,1
760.0,0
760.25,1
761.0,0
761.25,1
761.5,0
764.25,1
764.5,0
776.0,1
776.25,0
776.75,1
779.0,0
779.25,1
781.5,0
782.0,1
782.75,0
783.25,1
784.0,0
784.25,1
784.75,0
798.75,1
799.0,0
801.0,1
801.5,0
801.75,1
803.5,0
803.75,1
804.5,0
804.75,1
807.25,0
807.75,1
809.0,0
809.25,1
809.5,0
812.5,1
812.75,0
870.75,1
871.0,0
871.25,1
871.5,0
873.0,1
873.5,0
873.75,1
874.5,0
875.0,1
875.5,0
876.0,1
876.5,0
876.75,1
877.0,0
877.25,1
878.5,0
879.0,1
879.5,0
879.75,1
880.0,0
880.25,1
880.75,0
893.75,1
894.0,0
894.25,1
894.5,0
896.75,1
897.0,0
897.5,1
897.75,0
898.0,1
898.75,0
899.0,1
899.25,0
899.5,1
901.25,0
901.75,1
904.0,0
904.5,1
904.75,0
908.75,1
909.0,0
920.5,1
920.75,0
921.25,1
921.5,0
921.75,1
922.25,0
922.5,1
923.0,0
923.25,1
924.25,0
925.25,1
925.75,0
926.0,1
926.5,0
927.0,1
927.25,0
927.75,1
929.5,0
932.5,1
932.75,0
933.0,1
933.25,0
942.5,1
942.75,0
943.0,1
943.25,0
944.75,1
945.0,0
945.75,1
946.0,0
946.25,1
946.75,0
947.0,1
948.0,0
948.25,1
948.75,0
949.25,1
951.5,0
951.75,1
952.25,0
952.5,1
953.25,0
956.0,1
956.25,0
966.0,1
966.25,0
968.75,1
969.25,0
969.5,1
972.25,0
972.5,1
972.75,0
973.0,1
975.25,0
975.5,1
975.75,0
976.25,1
977.25,0
1038.75,1
1039.0,0
1041.25,1
1041.5,0
1041.75,1
1042.0,0
1042.5,1
1043.5,0
1043.75,1
1044.5,0
1044.75,1
1045.5,0
1045.75,1
1046.0,0
1046.25,1
1047.25,0
1047.5,1
1048.0,0
1048.25,1
1048.5,0
1048.75,1
1049.0,0
1049.25,1
1049.5,0
1062.25,1
1062.5,0
1064.75,1
1065.0,0
1065.25,1
1066.25,0
1066.5,1
1066.75,0
1067.0,1
1069.0,0
1069.25,1
1070.25,0
1070.75,1
1071.5,0
1071.75,1
1072.5,0
1073.5,1
1073.75,0
1110.0,1
1110.25,0
1112.75,1
1113.5,0
1113.75,1
1114.75,0
1115.25,1
1116.75,0
1117.25,1
1119.75,0
1120.0,1
1120.25,0
1120.5,1
1120.75,0
1121.25,1
1121.5,0
1134.0,1
1134.25,0
1134.5,1
1134.75,0
1135.25,1
1135.5,0
1137.25,1
1140.5,0
1141.0,1
1141.25,0
1141.5,1
1142.25,0
1142.5,1
1143.5,0
1143.75,1
1145.0,0
1205.75,1
1206.0,0
1208.25,1
1210.5,0
1210.75,1
1212.75,0
1213.0,1
1213.25,0
1213.5,1
1214.0,0
1214.25,1
1214.75,0
1215.0,1
1217.25,0
1217.5,1
1217.75,0
1232.25,1
1232.5,0
1233.25,1
1233.5,0
1234.0,1
1234.25,0
1234.5,1
1236.0,0
1236.25,1
1236.5,0
1236.75,1
1237.0,0
1237.25,1
1238.5,0
1238.75,1
1240.75,0
1241.25,1
1241.5,0
1245.25,1
1245.5,0
1245.75,1
1246.0,0
1255.0,1
1255.25,0
1256.75,1
1259.5,0
1260.25,1
1261.25,0
1261.5,1
1264.5,0
1264.75,1
1265.25,0
1269.75,1
1270.0,0
1273.0,1
1273.25,0
1281.25,1
1281.5,0
1281.75,1
1284.0,0
1284.25,1
1285.0,0
1285.25,1
1285.75,0
1286.0,1
1288.75,0
1289.5,1
1289.75,0
1303.0,1
1303.5,0
1304.25,1
1304.75,0
1305.25,1
1305.75,0
1306.25,1
1307.0,0
1307.25,1
1308.75,0
1309.0,1
1310.25,0
1310.5,1
1311.75,0
1312.0,1
1313.25,0
1374.0,1
1374.25,0
1375.25,1
1375.5,0
1377.0,1
1377.5,0
1377.75,1
1380.0,0
1380.25,1
1381.5,0
1381.75,1
1382.0,0
1382.25,1
1382.75,0
1383.25,1
1383.5,0
1383.75,1
1384.25,0
1384.5,1
1385.0,0
1385.5,1
1385.75,0
1400.5,1
1401.0,0
1401.25,1
1401.75,0
1402.0,1
1402.5,0
1403.0,1
1404.25,0
1404.75,1
1405.25,0
1405.5,1
1406.0,0
1406.25,1
1408.25,0
1408.5,1
1408.75,0
1409.0,1
1409.5,0
1413.25,1
1413.5,0
1422.75,1
1423.0,0
1425.5,1
1425.75,0
1426.0,1
1426.25,0
1426.5,1
1427.25,0
1427.5,1
1428.5,0
1428.75,1
1430.25,0
1430.5,1
1432.0,0
1432.25,1
1432.75,0
1433.25,1
1433.5,0
1438.0,1
1438.25,0
1446.0,1
1446.25,0
1446.5,1
1447.0,0
1447.75,1
1448.0,0
1449.5,1
1450.25,0
1450.5,1
1451.25,0
1451.5,1
1452.75,0
1453.0,1
1453.75,0
1454.0,1
1455.0,0
1455.25,1
1455.5,0
1455.75,1
1456.25,0
1456.5,1
1457.0,0
1472.0,1
1472.25,0
1473.25,1
1473.75,0
1474.0,1
1474.5,0
1474.75,1
1476.25,0
1476.5,1
1477.25,0
1477.5,1
1477.75,0
1478.0,1
1478.5,0
1479.0,1
1480.5,0
1481.0,1
1481.25,0
1481.75,1
1482.0,0
1485.25,1
1485.5,0
1486.25,1
1486.5,0
1545.25,1
1547.0,0
1547.25,1
1549.5,0
1549.75,1
1550.5,0
1550.75,1
1551.25,0
1551.5,1
1553.25,0
1556.25,1
1556.5,0
1568.5,1
1569.0,0
1569.25,1
1569.5,0
1570.0,1
1572.5,0
1572.75,1
1574.25,0
1574.5,1
1575.0,0
1575.75,1
1576.5,0
1577.0,1
1577.25,0
1581.0,1
1581.25,0
1582.25,1
1582.5,0
1592.25,1
1592.5,0
1593.0,1
1593.25,0
1593.5,1
1595.5,0
1596.5,1
1596.75,0
1597.0,1
1597.75,0
1598.0,1
1599.5,0
1600.0,1
1600.25,0
1600.5,1
1601.25,0
1604.25,1
1604.5,0
1614.25,1
1614.75,0
1617.25,1
1618.25,0
1618.75,1
1620.25,0
1620.5,1
1623.25,0
1623.5,1
1624.0,0
1624.5,1
1624.75,0
1625.25,1
1625.5,0
1629.75,1
1630.0,0
1638.0,1
1638.25,0
1640.25,1
1640.5,0
1640.75,1
1641.0,0
1641.5,1
1642.75,0
1643.0,1
1645.25,0
1645.5,1
1645.75,0
1646.0,1
1646.5,0
1646.75,1
1647.0,0
1647.25,1
1647.5,0
1647.75,1
1648.25,0
1649.25,1
1649.5,0
1713.25,1
1714.0,0
1714.25,1
1715.25,0
1715.5,1
1716.0,0
1716.75,1
1717.25,0
1717.5,1
1717.75,0
1718.25,1
1720.25,0
1720.5,1
1721.0,0
1736.5,1
1737.25,0
1737.5,1
1740.5,0
1740.75,1
1741.25,0
1741.5,1
1742.5,0
1742.75,1
1743.0,0
1743.25,1
1744.5,0
1748.0,1
1748.25,0
1761.0,1
1761.25,0
1761.5,1
1763.25,0
1763.5,1
1764.5,0
1764.75,1
1765.5,0
1765.75,1
1766.5,0
1766.75,1
1767.75,0
1768.0,1
1768.5,0
1768.75,1
1769.0,0
1773.25,1
1773.5,0
1782.75,1
1783.0,0
1783.5,1
1783.75,0
1784.0,1
1784.25,0
1785.25,1
1788.25,0
1788.5,1
1791.75,0
1792.0,1
1792.5,0
1793.0,1
1793.25,0
1809.0,1
1810.25,0
1810.5,1
1812.0,0
1812.25,1
1814.5,0
1814.75,1
1815.25,0
1815.5,1
1815.75,0
1816.0,1
1817.25,0
1879.25,1
1879.5,0
1880.25,1
1880.5,0
1880.75,1
1881.0,0
1881.25,1
1883.25,0
1883.5,1
1883.75,0
1884.25,1
1884.75,0
1885.25,1
1886.25,0
1886.5,1
1887.25,0
1887.5,1
1889.25,0
1894.25,1
1894.5,0
1903.0,1
1903.25,0
1906.0,1
1907.75,0
1908.0,1
1908.75,0
1909.0,1
1910.25,0
1910.5,1
1911.25,0
1911.5,1
1912.0,0
1912.25,1
1912.5,0
1912.75,1
1913.0,0
1916.75,1
1917.0,0
1917.5,1
1917.75,0
1926.25,1
1926.5,0
1927.75,1
1928.0,0
1928.75,1
1929.0,0
1929.25,1
1929.5,0
1930.0,1
1931.5,0
1931.75,1
1932.5,0
1932.75,1
1934.75,0
1935.25,1
1935.75,0
1936.0,1
1936.25,0
1936.5,1
1937.0,0
1937.25,1
1937.5,0
1950.75,1
1951.0,0
1951.5,1
1951.75,0
1952.5,1
1954.75,0
1955.0,1
1956.5,0
1956.75,1
1957.5,0
1957.75,1
1958.0,0
1958.5,1
1959.25,0
1959.5,1
1959.75,0
1960.0,1
1960.5,0
1960.75,1
1961.25,0
1974.0,1
1974.25,0
1976.0,1
1976.25,0
1976.5,1
1977.25,0
1977.5,1
1977.75,0
1978.0,1
1980.0,0
1980.25,1
1980.5,0
1980.75,1
1982.0,0
1982.25,1
1983.75,0
1984.0,1
1985.25,0
2048.75,1
2050.0,0
2050.25,1
2053.0,0
2053.25,1
2053.75,0
2054.0,1
2054.25,0
2054.5,1
2056.25,0
2056.75,1
2057.0,0
2072.75,1
2073.25,0
2073.75,1
2074.25,0
2074.5,1
2075.25,0
2075.5,1
2076.75,0
2077.0,1
2078.0,0
2078.5,1
2080.0,0
2080.5,1
2080.75,0
2081.5,1
2081.75,0
2084.25,1
2084.5,0
2096.0,1
2096.25,0
2096.5,1
2096.75,0
2097.25,1
2097.5,0
2097.75,1
2101.0,0
2101.25,1
2101.75,0
2102.0,1
2102.5,0
2102.75,1
2104.0,0
2104.5,1
2104.75,0
2121.25,1
2122.5,0
2122.75,1
2123.75,0
2124.25,1
2126.5,0
2126.75,1
2127.75,0
2128.0,1
2129.0,0
2129.25,1
2129.5,0
2143.25,1
2143.5,0
2143.75,1
2144.25,0
2144.5,1
2144.75,0
2145.0,1
2146.25,0
2146.5,1
2152.25,0
2152.5,1
2153.5,0
2157.25,1
2157.5,0
2217.5,1
2217.75,0
2218.0,1
2219.75,0
2220.0,1
2221.0,0
2221.25,1
2223.75,0
2224.0,1
2225.25,0
2239.25,1
2240.0,0
2241.0,1
2244.75,0
2245.0,1
2246.25,0
2246.5,1
2247.75,0
2248.0,1
2248.75,0
2249.75,1
2250.0,0
2252.75,1
2253.0,0
2264.5,1
2264.75,0
2265.0,1
2268.0,0
2268.25,1
2269.25,0
2269.5,1
2273.25,0
2276.5,1
2276.75,0
2287.5,1
2287.75,0
2288.5,1
2289.0,0
2289.25,1
2289.5,0
2289.75,1
2290.5,0
2290.75,1
2291.0,0
2291.25,1
2291.5,0
2292.25,1
2293.25,0
2294.0,1
2295.0,0
2295.5,1
2297.0,0
2311.25,1
2311.5,0
2312.5,1
2313.0,0
2313.5,1
2314.0,0
2314.25,1
2315.5,0
2316.0,1
2316.75,0
2317.25,1
2317.5,0
2317.75,1
2320.0,0
2320.25,1
2320.75,0
2321.75,1
2322.0,0
2384.75,1
2386.25,0
2386.5,1
2387.0,0
2387.25,1
2388.0,0
2388.25,1
2389.0,0
2389.25,1
2391.0,0
2391.25,1
2391.75,0
2392.25,1
2392.5,0
2393.0,1
2393.25,0
2407.0,1
2407.25,0
2407.5,1
2407.75,0
2408.0,1
2408.25,0
2408.5,1
2408.75,0
2409.5,1
2413.25,0
2413.5,1
2414.25,0
2414.5,1
2415.75,0
2416.0,1
2416.25,0
2416.5,1
2417.25,0
2430.75,1
2431.0,0
2432.25,1
2432.5,0
2432.75,1
2433.25,0
2433.75,1
2435.5,0
2436.0,1
2438.75,0
2439.5,1
2441.0,0
2454.25,1
2454.5,0
2454.75,1
2455.0,0
2455.75,1
2456.0,0
2457.25,1
2460.25,0
2460.5,1
2460.75,0
2461.0,1
2461.5,0
2461.75,1
2463.75,0
2464.0,1
2464.75,0
2465.75,1
2466.0,0
2469.25,1
2469.75,0
2479.25,1
2480.0,0
2480.75,1
2482.25,0
2482.5,1
2483.0,0
2483.5,1
2484.75,0
2485.0,1
2486.0,0
2486.25,1
2486.75,0
2487.0,1
2488.25,0
2488.5,1
2489.0,0
2550.25,1
2550.5,0
2551.75,1
2552.25,0
2553.25,1
2553.5,0
2553.75,1
2554.0,0
2554.25,1
2557.25,0
2557.5,1
2558.25,0
2558.5,1
2558.75,0
2559.0,1
2559.75,0
2560.0,1
2560.5,0
2560.75,1
2561.0,0
2561.5,1
2562.0,0
2565.75,1
2566.0,0
2575.25,1
2576.5,0
2576.75,1
2577.0,0
2577.75,1
2578.5,0
2578.75,1
2579.0,0
2579.25,1
2580.25,0
2580.5,1
2581.0,0
2582.25,1
2583.25,0
2583.5,1
2585.5,0
2588.5,1
2588.75,0
2598.25,1
2598.5,0
2600.5,1
2600.75,0
2601.5,1
2602.0,0
2602.25,1
2603.0,0
2603.25,1
2604.0,0
2604.25,1
2604.75,0
2605.0,1
2605.25,0
2605.75,1
2606.25,0
2606.5,1
2607.75,0
2608.25,1
2609.0,0
2623.5,1
2623.75,0
2624.5,1
2625.0,0
2625.5,1
2626.25,0
2626.5,1
2627.25,0
2627.5,1
2628.25,0
2628.75,1
2629.25,0
2629.5,1
2631.5,0
2632.75,1
2633.25,0
2633.5,1
2633.75,0
2645.25,1
2645.5,0
2647.0,1
2647.5,0
2647.75,1
2648.0,0
2649.0,1
2651.0,0
2651.25,1
2653.0,0
2653.5,1
2654.75,0
2655.25,1
2655.5,0
2655.75,1
2656.25,0
2656.75,1
2657.0,0
2657.25,1
2657.5,0
2660.75,1
2661.0,0
2718.75,1
2719.0,0
2720.5,1
2720.75,0
2721.0,1
2721.25,0
2721.75,1
2722.25,0
2722.5,1
2724.5,0
2724.75,1
2725.0,0
2725.25,1
2725.75,0
2726.0,1
2726.25,0
2726.5,1
2727.0,0
2727.25,1
2728.5,0
2729.0,1
2729.5,0
2743.5,1
2743.75,0
2744.0,1
2744.5,0
2744.75,1
2745.75,0
2746.0,1
2746.25,0
2746.5,1
2748.25,0
2748.5,1
2750.75,0
2751.0,1
2753.0,0
2757.75,1
2758.0,0
2766.5,1
2766.75,0
2767.5,1
2767.75,0
2769.25,1
2770.0,0
2770.25,1
2771.25,0
2771.75,1
2772.75,0
2773.0,1
2773.5,0
2773.75,1
2776.75,0
2781.75,1
2782.0,0
2790.0,1
2790.25,0
2790.5,1
2790.75,0
2791.25,1
2791.5,0
2792.5,1
2793.0,0
2793.25,1
2797.5,0
2798.0,1
2799.0,0
2799.25,1
2800.5,0
2801.0,1
2801.5,0
2803.75,1
2804.0,0
2806.0,1
2806.25,0
2817.5,1
2821.75,0
2822.0,1
2822.5,0
2822.75,1
2823.25,0
2823.5,1
2824.75,0
2825.5,1
2825.75,0
2888.25,1
2888.5,0
2889.25,1
2890.25,0
2890.5,1
2891.0,0
2891.25,1
2892.75,0
2893.0,1
2894.25,0
2894.75,1
2895.25,0
2895.5,1
2895.75,0
2896.0,1
2896.75,0
2897.5,1
2897.75,0
2902.0,1
2902.25,0
2902.75,1
2903.0,0
2913.75,1
2914.0,0
2914.25,1
2915.75,0
2916.0,1
2916.25,0
2916.5,1
2919.0,0
2919.5,1
2920.25,0
2920.5,1
2920.75,0
2921.0,1
2921.25,0
2935.5,1
2935.75,0
2936.0,1
2936.25,0
2937.0,1
2937.75,0
2938.0,1
2938.5,0
2938.75,1
2939.5,0
2940.0,1
2940.5,0
2940.75,1
2941.0,0
2941.25,1
2942.5,0
2942.75,1
2945.0,0
2958.5,1
2958.75,0
2959.5,1
2960.0,0
2960.75,1
2961.0,0
2961.5,1
2964.0,0
2964.25,1
2965.0,0
2965.25,1
2968.75,0
2974.0,1
2974.25,0
2982.25,1
2982.75,0
2984.75,1
2988.0,0
2988.25,1
2990.25,0
2990.75,1
2992.0,0
2992.25,1
2993.5,0
3054.75,1
3055.0,0
3057.25,1
3057.5,0
3058.0,1
3058.5,0
3059.0,1
3059.5,0
3059.75,1
3060.5,0
3061.0,1
3061.5,0
3061.75,1
3062.0,0
3062.25,1
3063.25,0
3063.5,1
3063.75,0
3064.0,1
3064.75,0
3065.0,1
3065.25,0
3065.75,1
3066.0,0
3068.5,1
3068.75,0
3073.5,1
3073.75,0
3081.0,1
3081.5,0
3081.75,1
3082.0,0
3082.25,1
3082.5,0
3082.75,1
3084.5,0
3084.75,1
3085.25,0
3085.5,1
3086.5,0
3086.75,1
3088.0,0
3088.25,1
3089.25,0
3102.5,1
3102.75,0
3103.5,1
3103.75,0
3104.5,1
3105.75,0
3106.25,1
3108.25,0
3108.5,1
3111.5,0
3112.25,1
3112.75,0
3113.0,1
3113.25,0
3114.0,1
3114.25,0
3128.0,1
3128.5,0
3128.75,1
3130.75,0
3131.0,1
3131.5,0
3131.75,1
3134.0,0
3134.25,1
3135.25,0
3135.5,1
3136.25,0
3136.5,1
3137.0,0
3141.25,1
3141.5,0
3152.25,1
3153.25,0
3153.5,1
3154.5,0
3154.75,1
3155.5,0
3155.75,1
3156.25,0
3156.5,1
3159.25,0
3159.5,1
3160.25,0
3160.5,1
3161.25,0
3165.25,1
3165.5,0
3223.0,1
3223.25,0
3225.0,1
3226.75,0
3227.5,1
3227.75,0
3228.75,1
3229.25,0
3229.75,1
3230.0,0
3230.25,1
3232.75,0
3233.0,1
3233.25,0
3249.5,1
3250.75,0
3251.0,1
3251.5,0
3251.75,1
3252.25,0
3252.5,1
3253.5,0
3253.75,1
3254.0,0
3254.25,1
3254.75,0
3255.0,1
3255.25,0
3255.5,1
3256.25,0
3256.5,1
3257.0,0
3257.25,1
3257.5,0
3260.25,1
3260.5,0
3260.75,1
3261.0,0
3261.25,1
3261.5,0
3261.75,1
3262.0,0
3272.75,1
3273.0,0
3273.25,1
3273.75,0
3274.0,1
3275.25,0
3275.75,1
3277.0,0
3277.25,1
3278.0,0
3278.5,1
3278.75,0
3279.0,1
3279.5,0
3279.75,1
3280.25,0
3280.5,1
3281.25,0
3281.5,1
3281.75,0
3285.75,1
3286.0,0
3294.25,1
3294.5,0
3297.0,1
3297.25,0
3297.5,1
3297.75,0
3298.25,1
3298.5,0
3298.75,1
3300.5,0
3300.75,1
3301.5,0
3302.0,1
3304.75,0
3305.25,1
3305.5,0
3305.75,1
3306.0,0
3309.25,1
3309.5,0
3318.25,1
3318.5,0
3319.25,1
3319.5,0
3320.5,1
3320.75,0
3321.5,1
3322.0,0
3322.5,1
3326.5,0
3326.75,1
3328.75,0
3329.0,1
3329.25,0
3332.0,1
3332.25,0
3390.75,1
3391.0,0
3393.0,1
3393.25,0
3393.75,1
3394.0,0
3394.25,1
3395.0,0
3395.25,1
3395.75,0
3396.0,1
3399.25,0
3399.5,1
3400.0,0
3400.25,1
3400.75,0
3401.25,1
3401.5,0
3414.5,1
3414.75,0
3416.5,1
3417.25,0
3417.5,1
3418.25,0
3418.5,1
3419.0,0
3419.5,1
3420.25,0
3421.25,1
3421.75,0
3422.0,1
3424.5,0
3425.25,1
3425.5,0
3429.0,1
3429.25,0
3440.5,1
3440.75,0
3441.0,1
3441.25,0
3441.5,1
3442.5,0
3442.75,1
3443.5,0
3443.75,1
3445.0,0
3445.25,1
3445.75,0
3446.25,1
3447.0,0
3447.25,1
3448.5,0
3448.75,1
3449.25,0
3452.5,1
3452.75,0
3465.0,1
3465.5,0
3465.75,1
3466.75,0
3467.0,1
3467.75,0
3468.0,1
3469.0,0
3469.25,1
3469.75,0
3470.25,1
3471.75,0
3472.0,1
3472.75,0
3473.25,1
3473.5,0
3486.0,1
3486.25,0
3487.0,1
3487.25,0
3488.5,1
3491.75,0
3492.0,1
3493.5,0
3493.75,1
3494.0,0
3494.25,1
3494.5,0
3495.0,1
3495.5,0
3496.0,1
3496.5,0
3497.0,1
3497.25,0
3558.25,1
3558.5,0
3559.0,1
3559.25,0
3559.75,1
3560.0,0
3560.5,1
3561.0,0
3561.25,1
3561.75,0
3562.0,1
3563.75,0
3564.0,1
3566.5,0
3566.75,1
3567.25,0
3567.75,1
3568.75,0
3569.25,1
3569.5,0
3573.0,1
3573.25,0
3609.5,1
3610.5,0
3610.75,1
3611.5,0
3611.75,1
3612.0,0
3612.25,1
3613.25,0
3613.75,1
3614.25,0
3614.75,1
3616.25,0
3616.5,1
3617.0,0
3617.75,1
3618.0,0
3631.75,1
3632.0,0
3632.25,1
3632.5,0
3632.75,1
3633.25,0
3633.75,1
3634.25,0
3634.5,1
3635.25,0
3635.5,1
3635.75,0
3636.0,1
3638.5,0
3639.0,1
3641.25,0
3644.75,1
3645.0,0
3654.0,1
3654.25,0
3657.25,1
3657.75,0
3658.0,1
3659.0,0
3659.25,1
3659.75,0
3660.25,1
3661.5,0
3661.75,1
3664.25,0
3664.5,1
3665.0,0
3728.5,1
3728.75,0
3729.0,1
3732.5,0
3732.75,1
3733.75,0
3734.0,1
3735.0,0
3735.5,1
3736.25,0
3736.5,1
3737.25,0
3753.25,1
3755.0,0
3755.25,1
3756.5,0
3757.0,1
3757.25,0
3757.5,1
3758.0,0
3758.25,1
3761.0,0
3775.5,1
3775.75,0
3777.5,1
3779.25,0
3779.5,1
3780.75,0
3781.0,1
3781.5,0
3782.0,1
3782.25,0
3782.75,1
3783.5,0
3783.75,1
3784.25,0
3784.5,1
3785.5,0
3798.5,1
3798.75,0
3800.5,1
3800.75,0
3801.0,1
3801.25,0
3801.5,1
3802.0,0
3802.25,1
3804.0,0
3804.25,1
3804.5,0
3804.75,1
3806.0,0
3806.25,1
3807.0,0
3807.25,1
3808.5,0
3809.0,1
3809.25,0
3825.25,1
3826.0,0
3826.25,1
3828.5,0
3828.75,1
3829.5,0
3830.0,1
3830.5,0
3830.75,1
3831.0,0
3831.25,1
3832.25,0
3832.5,1
3833.25,0
3833.5,1
3833.75,0
3838.25,1
3838.5,0
3894.0,1
3894.5,0
3896.25,1
3896.5,0
3897.0,1
3897.25,0
3897.5,1
3897.75,0
3898.0,1
3899.75,0
3900.0,1
3901.5,0
3901.75,1
3902.5,0
3903.25,1
3904.0,0
3904.5,1
3905.25,0
3905.5,1
3905.75,0
3920.75,1
3921.0,0
3921.25,1
3921.5,0
3921.75,1
3923.5,0
3924.25,1
3925.5,0
3925.75,1
3926.25,0
3926.5,1
3926.75,0
3927.0,1
3929.25,0
3929.75,1
3930.0,0
3945.25,1
3945.5,0
3945.75,1
3946.0,0
3946.25,1
3947.5,0
3947.75,1
3949.0,0
3949.25,1
3949.5,0
3950.0,1
3950.5,0
3951.0,1
3952.0,0
3952.5,1
3953.25,0
3957.25,1
3957.5,0
3967.25,1
3967.5,0
3967.75,1
3968.0,0
3969.25,1
3969.75,0
3970.25,1
3970.75,0
3971.0,1
3972.25,0
3972.75,1
3973.5,0
3973.75,1
3974.5,0
3975.0,1
3976.0,0
3976.25,1
3977.0,0
3981.0,1
3981.25,0
3990.25,1
3990.5,0
3991.0,1
3991.25,0
3993.25,1
3993.75,0
3994.0,1
3994.25,0
3994.5,1
3996.5,0
3997.0,1
3997.25,0
3997.5,1
3998.0,0
3998.25,1
3998.5,0
3998.75,1
3999.25,0
3999.5,1
4001.0,0
4001.5,1
4001.75,0
4063.25,1
4063.5,0
4063.75,1
4064.0,0
4064.5,1
4070.25,0
4070.5,1
4072.25,0
4072.5,1
4072.75,0
4073.25,1
4073.5,0
4077.25,1
4077.75,0
4088.5,1
4089.0,0
4089.25,1
4090.25,0
4090.5,1
4091.0,0
4091.25,1
4092.25,0
4092.5,1
4093.75,0
4094.25,1
4095.75,0
4096.0,1
4096.75,0
4097.5,1
4097.75,0
4112.0,1
4112.25,0
4113.0,1
4115.25,0
4115.5,1
4117.0,0
4117.5,1
4117.75,0
4118.0,1
4118.25,0
4118.5,1
4120.5,0
4120.75,1
4121.25,0
4134.25,1
4134.5,0
4135.0,1
4135.25,0
4135.5,1
4136.0,0
4136.75,1
4137.0,0
4137.75,1
4138.25,0
4138.5,1
4138.75,0
4139.0,1
4139.5,0
4139.75,1
4142.5,0
4142.75,1
4144.75,0
4147.5,1
4147.75,0
4149.5,1
4149.75,0
4160.75,1
4161.0,0
4161.25,1
4162.5,0
4163.0,1
4163.5,0
4163.75,1
4164.25,0
4164.5,1
4165.0,0
4165.25,1
4166.5,0
4166.75,1
4167.25,0
4167.75,1
4169.0,0
4172.25,1
4172.5,0
4232.25,1
4232.5,0
4232.75,1
4233.25,0
4233.5,1
4233.75,0
4234.5,1
4235.75,0
4236.0,1
4237.5,0
4237.75,1
4238.25,0
4238.5,1
4238.75,0
4239.0,1
4239.25,0
4239.5,1
4241.0,0
4245.25,1
4245.5,0
4257.0,1
4257.75,0
4258.75,1
4259.0,0
4259.25,1
4259.5,0
4259.75,1
4262.25,0
4262.75,1
4265.0,0
4268.75,1
4269.0,0
4270.75,1
4271.0,0
4278.25,1
4278.5,0
4280.5,1
4280.75,0
4281.0,1
4281.25,0
4281.5,1
4282.25,0
4282.5,1
4282.75,0
4283.0,1
4283.75,0
4284.0,1
4284.25,0
4284.5,1
4285.5,0
4285.75,1
4286.25,0
4286.5,1
4286.75,0
4287.0,1
4288.75,0
4290.0,1
4290.25,0
4293.5,1
4293.75,0
4302.25,1
4302.5,0
4303.0,1
4303.25,0
4305.0,1
4306.5,0
4306.75,1
4309.0,0
4309.25,1
4310.0,0
4310.25,1
4311.0,0
4311.25,1
4312.0,0
4312.25,1
4313.25,0
4327.75,1
4328.0,0
4329.25,1
4329.5,0
4329.75,1
4331.0,0
4331.25,1
4332.5,0
4332.75,1
4333.0,0
4333.5,1
4333.75,0
4334.0,1
4335.5,0
4335.75,1
4336.0,0
4336.25,1
4336.5,0
4337.0,1
4337.25,0
4400.25,1
4400.5,0
4401.0,1
4401.25,0
4401.75,1
4402.0,0
4402.25,1
4403.75,0
4404.0,1
4404.75,0
4405.0,1
4405.25,0
4405.5,1
4406.0,0
4406.25,1
4407.0,0
4407.25,1
4407.5,0
4408.0,1
4408.5,0
4409.0,1
4409.5,0
4413.0,1
4413.25,0
4445.75,1
4446.0,0
4447.25,1
4447.5,0
4447.75,1
4448.0,0
4448.75,1
4449.0,0
4449.25,1
4449.75,0
4450.0,1
4452.0,0
4452.75,1
4455.5,0
4455.75,1
4456.75,0
4457.0,1
4457.25,0
4460.25,1
4460.5,0
4469.5,1
4469.75,0
4472.75,1
4474.5,0
4474.75,1
4475.75,0
4476.25,1
4476.75,0
4477.0,1
4477.5,0
4477.75,1
4478.25,0
4478.5,1
4480.5,0
4480.75,1
4481.0,0
4494.75,1
4495.25,0
4496.25,1
4496.5,0
4497.25,1
4499.25,0
4499.5,1
4501.0,0
4501.25,1
4502.25,0
4502.5,1
4502.75,0
4503.0,1
4503.5,0
4503.75,1
4504.5,0
4504.75,1
4505.0,0
4508.75,1
4509.0,0
4568.5,1
4568.75,0
4569.25,1
4569.5,0
4570.0,1
4572.0,0
4572.25,1
4575.75,0
4576.0,1
4576.5,0
4576.75,1
4577.25,0
4581.5,1
4581.75,0
4592.25,1
4592.5,0
4593.0,1
4593.25,0
4593.5,1
4594.0,0
4594.25,1
4596.0,0
4596.5,1
4597.75,0
4598.0,1
4599.0,0
4599.25,1
4600.25,0
4600.5,1
4601.0,0
4605.25,1
4605.5,0
4617.5,1
4618.0,0
4618.25,1
4619.25,0
4619.5,1
4620.25,0
4621.0,1
4621.5,0
4621.75,1
4624.0,0
4624.5,1
4625.0,0
4625.25,1
4625.5,0
4638.0,1
4638.5,0
4640.0,1
4640.25,0
4640.75,1
4641.0,0
4641.25,1
4641.75,0
4642.0,1
4642.5,0
4643.0,1
4643.75,0
4644.5,1
4645.25,0
4645.5,1
4647.25,0
4647.5,1
4648.25,0
4649.75,1
4650.0,0
4662.0,1
4662.25,0
4664.5,1
4664.75,0
4665.25,1
4665.5,0
4665.75,1
4669.75,0
4670.0,1
4671.5,0
4672.0,1
4673.25,0
4678.0,1
4678.25,0
4736.75,1
4738.0,0
4738.25,1
4740.0,0
4740.25,1
4740.5,0
4740.75,1
4741.0,0
4741.5,1
4741.75,0
4742.5,1
4745.0,0
4761.0,1
4761.25,0
4761.5,1
4761.75,0
4762.5,1
4763.75,0
4764.0,1
4765.25,0
4765.5,1
4766.0,0
4766.75,1
4768.25,0
4768.5,1
4769.25,0
4782.25,1
4782.5,0
4785.25,1
4786.0,0
4786.25,1
4786.75,0
4787.0,1
4788.5,0
4788.75,1
4790.0,0
4790.5,1
4790.75,0
4791.0,1
4792.0,0
4792.25,1
4793.0,0
4797.75,1
4798.0,0
4807.25,1
4807.5,0
4808.5,1
4808.75,0
4809.0,1
4810.25,0
4810.75,1
4811.0,0
4811.25,1
4813.75,0
4814.0,1
4815.5,0
4815.75,1
4816.5,0
4816.75,1
4817.25,0
4829.75,1
4830.0,0
4832.0,1
4832.25,0
4832.5,1
4833.0,0
4833.25,1
4833.75,0
4834.0,1
4834.25,0
4834.5,1
4837.0,0
4837.25,1
4838.0,0
4838.25,1
4838.75,0
4839.25,1
4840.5,0
4840.75,1
4841.0,0
4844.75,1
4845.0,0
4845.25,1
4845.5,0
4902.5,1
4902.75,0
4903.25,1
4903.5,0
4904.0,1
4904.5,0
4905.0,1
4907.25,0
4907.5,1
4908.75,0
4909.0,1
4910.25,0
4911.0,1
4912.25,0
4912.5,1
4913.5,0
4927.0,1
4927.25,0
4928.0,1
4928.25,0
4929.0,1
4935.5,0
4935.75,1
4936.25,0
4936.5,1
4937.25,0
4942.25,1
4942.5,0
4951.0,1
4951.5,0
4951.75,1
4952.0,0
4953.0,1
4956.0,0
4956.25,1
4960.0,0
4960.25,1
4961.25,0
4976.5,1
4976.75,0
4977.25,1
4977.5,0
4977.75,1
4979.75,0
4980.0,1
4981.25,0
4981.5,1
4983.0,0
4983.5,1
4984.5,0
4984.75,1
4985.0,0
4990.0,1
4990.25,0
4999.25,1
4999.5,0
5000.0,1
5000.25,0
5001.25,1
5004.75,0
5005.25,1
5006.25,0
5006.5,1
5006.75,0
5007.0,1
5008.0,0
5008.25,1
5009.25,0
5013.25,1
5013.5,0
5071.25,1
5071.75,0
5073.0,1
5073.75,0
5074.0,1
5074.25,0
5074.5,1
5076.25,0
5076.75,1
5077.5,0
5077.75,1
5079.25,0
5079.5,1
5081.0,0
5081.25,1
5081.5,0
5097.0,1
5100.5,0
5100.75,1
5101.0,0
5101.25,1
5102.75,0
5103.0,1
5104.5,0
5105.0,1
5105.25,0
5105.5,1
5105.75,0
5120.75,1
5122.5,0
5122.75,1
5123.0,0
5123.5,1
5125.0,0
5125.25,1
5125.75,0
5126.5,1
5128.25,0
5128.5,1
5129.0,0
5143.0,1
5143.25,0
5144.75,1
5145.5,0
5145.75,1
5148.0,0
5148.5,1
5149.0,0
5149.25,1
5149.75,0
5150.0,1
5151.25,0
5151.5,1
5152.0,0
5152.25,1
5152.5,0
5152.75,1
5153.25,0
5167.0,1
5167.25,0
5168.0,1
5168.25,0
5169.25,1
5173.0,0
5173.25,1
5174.0,0
5174.25,1
5175.5,0
5175.75,1
5176.0,0
5176.25,1
5176.75,0
5177.25,1
5177.75,0
5180.5,1
5180.75,0
5181.0,1
5181.25,0
5239.0,1
5239.25,0
5239.75,1
5240.0,0
5241.0,1
5242.25,0
5242.5,1
5242.75,0
5243.25,1
5244.5,0
5244.75,1
5245.75,0
5246.0,1
5246.75,0
5247.0,1
5248.25,0
5248.75,1
5249.0,0
5263.5,1
5263.75,0
5264.25,1
5264.5,0
5265.25,1
5267.0,0
5267.25,1
5267.5,0
5268.25,1
5268.5,0
5269.25,1
5269.75,0
5270.0,1
5270.25,0
5270.5,1
5272.25,0
5272.5,1
5273.0,0
5273.5,1
5273.75,0
5277.0,1
5277.5,0
5288.5,1
5289.0,0
5289.25,1
5289.5,0
5289.75,1
5290.0,0
5290.25,1
5290.75,0
5291.0,1
5291.25,0
5291.5,1
5296.25,0
5296.5,1
5297.0,0
5297.25,1
5297.5,0
5313.25,1
5313.5,0
5313.75,1
5316.0,0
5316.25,1
5316.5,0
5316.75,1
5317.0,0
5317.5,1
5317.75,0
5318.0,1
5318.75,0
5319.0,1
5320.5,0
5320.75,1
5321.25,0
5335.0,1
5335.25,0
5335.5,1
5335.75,0
5336.5,1
5336.75,0
5337.75,1
5338.5,0
5338.75,1
5339.25,0
5339.75,1
5340.5,0
5341.0,1
5341.25,0
5341.5,1
5343.0,0
5343.25,1
5345.0,0
5348.25,1
5348.5,0
5406.0,1
5406.25,0
5408.25,1
5408.75,0
5409.5,1
5410.0,0
5410.5,1
5411.25,0
5411.5,1
5412.0,0
5412.25,1
5413.5,0
5413.75,1
5414.5,0
5415.0,1
5416.5,0
5416.75,1
5417.0,0
5417.5,1
5418.0,0
5422.25,1
5422.5,0
5430.25,1
5430.5,0
5432.0,1
5432.25,0
5432.75,1
5433.0,0
5433.75,1
5436.25,0
5436.5,1
5437.75,0
5438.0,1
5438.25,0
5439.0,1
5439.25,0
5439.5,1
5439.75,0
5440.0,1
5440.5,0
5440.75,1
5441.0,0
5441.25,1
5441.75,0
5453.75,1
5454.0,0
5456.0,1
5456.25,0
5457.0,1
5458.0,0
5458.25,1
5459.0,0
5459.25,1
5460.0,0
5460.25,1
5461.5,0
5462.0,1
5462.75,0
5463.25,1
5463.5,0
5464.25,1
5464.5,0
5464.75,1
5465.25,0
5478.5,1
5479.0,0
5480.75,1
5483.5,0
5483.75,1
5485.25,0
5485.5,1
5485.75,0
5486.25,1
5487.75,0
5488.0,1
5489.25,0
5490.25,1
5490.5,0
5502.0,1
5502.25,0
5502.5,1
5502.75,0
5503.25,1
5503.5,0
5504.0,1
5504.5,0
5505.0,1
5507.75,0
5508.0,1
5509.25,0
5509.75,1
5512.25,0
5512.5,1
5512.75,0
5576.5,1
5577.0,0
5577.25,1
5577.75,0
5578.0,1
5580.25,0
5580.5,1
5580.75,0
5581.25,1
5581.75,0
5582.25,1
5582.75,0
5583.25,1
5583.75,0
5584.0,1
5585.25,0
5585.5,1
5585.75,0
5600.0,1
5600.25,0
5600.5,1
5601.5,0
5602.0,1
5603.25,0
5603.5,1
5604.75,0
5605.0,1
5606.25,0
5606.5,1
5608.75,0
5609.0,1
5609.25,0
5623.0,1
5623.5,0
5623.75,1
5624.0,0
5624.75,1
5625.0,0
5625.25,1
5629.25,0
5629.75,1
5630.25,0
5630.5,1
5631.0,0
5631.25,1
5632.75,0
5637.0,1
5637.25,0
5645.75,1
5646.0,0
5646.75,1
5647.0,0
5649.5,1
5651.75,0
5652.0,1
5652.25,0
5652.5,1
5653.5,0
5653.75,1
5654.5,0
5654.75,1
5657.0,0
5657.25,1
5657.5,0
5659.25,1
5659.5,0
5660.5,1
5660.75,0
5672.75,1
5673.25,0
5673.5,1
5673.75,0
5674.5,1
5674.75,0
5675.0,1
5675.5,0
5676.5,1
5679.25,0
5679.75,1
5680.75,0
5741.75,1
5742.0,0
5744.25,1
5744.75,0
5745.0,1
5745.5,0
5745.75,1
5751.0,0
5751.25,1
5751.5,0
5751.75,1
5753.0,0
5753.25,1
5753.5,0
5757.25,1
5757.5,0
5758.25,1
5758.5,0
5768.25,1
5768.5,0
5769.5,1
5770.75,0
5771.0,1
5772.25,0
5772.5,1
5774.0,0
5774.5,1
5775.25,0
5775.5,1
5776.5,0
5779.75,1
5780.0,0
5790.5,1
5790.75,0
5792.5,1
5792.75,0
5793.75,1
5794.0,0
5794.25,1
5796.75,0
5797.0,1
5797.25,0
5797.5,1
5798.0,0
5798.25,1
5798.5,0
5798.75,1
5800.5,0
5800.75,1
5801.0,0
5805.0,1
5805.75,0
5813.5,1
5814.0,0
5816.5,1
5817.5,0
5817.75,1
5821.0,0
5821.25,1
5823.75,0
5824.25,1
5825.5,0
5840.5,1
5840.75,0
5841.25,1
5841.5,0
5841.75,1
5845.0,0
5845.25,1
5847.25,0
5847.5,1
5849.25,0
5851.75,1
5852.0,0
5852.25,1
5852.5,0
5905.0,1
5905.25,0
5910.0,1
5910.25,0
5913.25,1
5914.0,0
5914.25,1
5914.5,0
5914.75,1
5915.75,0
5916.0,1
5916.25,0
5916.5,1
5916.75,0
5917.0,1
5917.75,0
5918.25,1
5918.75,0
5919.0,1
5920.75,0
5921.0,1
5921.25,0
5923.75,1
5924.0,0
5958.5,1
5959.0,0
5961.0,1
5961.5,0
5961.75,1
5963.25,0
5964.0,1
5965.0,0
5965.25,1
5965.75,0
5966.0,1
5967.0,0
5967.25,1
5968.75,0
5969.0,1
5969.25,0
5974.25,1
5974.5,0
5983.5,1
5983.75,0
5985.0,1
5986.0,0
5986.5,1
5987.25,0
5987.5,1
5987.75,0
5988.0,1
5988.75,0
5989.0,1
5989.5,0
5989.75,1
5990.0,0
5990.25,1
5990.75,0
5991.0,1
5991.75,0
5992.25,1
5992.5,0
5992.75,1
5993.25,0
5993.75,1
5994.0,0
5995.75,1
5996.0,0
6009.0,1
6010.25,0
6010.5,1
6010.75,0
6011.0,1
6012.25,0
6012.5,1
6013.25,0
6013.5,1
6013.75,0
6014.25,1
6017.25,0
6020.0,1
6020.25,0
6080.25,1
6080.75,0
6081.0,1
6083.0,0
6083.25,1
6083.5,0
6083.75,1
6084.0,0
6084.25,1
6084.75,0
6085.0,1
6085.75,0
6086.0,1
6087.25,0
6087.5,1
6088.25,0
6088.75,1
6089.5,0
6102.5,1
6102.75,0
6104.0,1
6104.25,0
6104.5,1
6104.75,0
6105.0,1
6105.5,0
6105.75,1
6106.25,0
6106.5,1
6109.75,0
6110.0,1
6111.0,0
6111.5,1
6112.75,0
6126.0,1
6126.25,0
6127.5,1
6128.0,0
6128.5,1
6128.75,0
6129.5,1
6132.75,0
6133.0,1
6133.25,0
6133.5,1
6134.0,0
6134.5,1
6135.5,0
6135.75,1
6137.25,0
6140.25,1
6140.5,0
6151.25,1
6151.5,0
6153.0,1
6155.0,0
6155.25,1
6155.5,0
6155.75,1
6156.0,0
6156.25,1
6157.25,0
6157.5,1
6158.0,0
6158.25,1
6159.25,0
6159.75,1
6160.5,0
6160.75,1
6161.0,0
6174.75,1
6175.0,0
6177.25,1
6177.5,0
6177.75,1
6178.25,0
6178.75,1
6179.75,0
6180.0,1
6181.5,0
6181.75,1
6183.5,0
6183.75,1
6184.0,0
6184.25,1
6185.0,0
6188.75,1
6189.0,0
6247.0,1
6247.25,0
6248.5,1
6248.75,0
6249.0,1
6249.5,0
6249.75,1
6251.5,0
6251.75,1
6252.75,0
6253.0,1
6253.25,0
6253.75,1
6254.0,0
6254.25,1
6257.5,0
6273.0,1
6273.25,0
6273.5,1
6275.0,0
6275.25,1
6275.75,0
6276.75,1
6277.5,0
6277.75,1
6278.25,0
6278.5,1
6281.0,0
6294.25,1
6294.5,0
6296.5,1
6296.75,0
6297.25,1
6298.75,0
6299.75,1
6301.5,0
6301.75,1
6302.0,0
6302.25,1
6302.5,0
6303.0,1
6304.25,0
6304.5,1
6304.75,0
6305.0,1
6305.25,0
6318.75,1
6319.25,0
6321.0,1
6324.75,0
6325.0,1
6326.5,0
6327.0,1
6327.25,0
6327.5,1
6328.25,0
6328.5,1
6329.25,0
6344.0,1
6344.25,0
6344.75,1
6345.0,0
6345.5,1
6346.0,0
6346.25,1
6347.5,0
6347.75,1
6348.25,0
6348.75,1
6349.25,0
6349.5,1
6350.0,0
6350.25,1
6351.0,0
6351.25,1
6352.75,0
6353.0,1
6353.25,0
6356.5,1
6356.75,0
6417.0,1
6418.0,0
6418.25,1
6418.75,0
6419.0,1
6419.25,0
6419.5,1
6420.0,0
6420.25,1
6421.0,0
6421.25,1
6421.75,0
6422.0,1
6423.0,0
6423.5,1
6424.0,0
6424.25,1
6425.0,0
6425.5,1
6425.75,0
6429.25,1
6429.75,0
6438.25,1
6438.5,0
6439.5,1
6439.75,0
6441.0,1
6442.25,0
6442.5,1
6442.75,0
6443.0,1
6444.0,0
6444.25,1
6444.75,0
6445.0,1
6447.0,0
6447.25,1
6447.75,0
6448.0,1
6448.25,0
6448.5,1
6449.0,0
6449.25,1
6449.5,0
6463.5,1
6464.0,0
6464.5,1
6464.75,0
6465.25,1
6466.5,0
6466.75,1
6467.25,0
6467.5,1
6468.0,0
6468.5,1
6468.75,0
6469.0,1
6469.5,0
6470.0,1
6470.5,0
6470.75,1
6471.25,0
6471.5,1
6472.75,0
6473.0,1
6473.25,0
6478.0,1
6478.25,0
6486.75,1
6487.0,0
6487.25,1
6487.5,0
6488.5,1
6489.5,0
6490.25,1
6490.5,0
6491.0,1
6493.25,0
6493.5,1
6496.75,0
6497.0,1
6497.25,0
6497.75,1
6498.0,0
6502.0,1
6502.25,0
6510.25,1
6510.5,0
6511.5,1
6511.75,0
6512.0,1
6512.5,0
6513.25,1
6514.5,0
6514.75,1
6515.5,0
6515.75,1
6516.0,0
6516.25,1
6516.75,0
6517.0,1
6517.5,0
6517.75,1
6520.5,0
6520.75,1
6521.0,0
6524.5,1
6524.75,0
6584.0,1
6584.25,0
6585.25,1
6586.25,0
6586.5,1
6588.5,0
6588.75,1
6589.5,0
6589.75,1
6591.5,0
6591.75,1
6593.5,0
6609.0,1
6609.25,0
6609.5,1
6611.25,0
6611.75,1
6612.0,0
6612.5,1
6612.75,0
6613.0,1
6614.0,0
6614.25,1
6615.5,0
6615.75,1
6617.0,0
6630.5,1
6630.75,0
6633.5,1
6634.25,0
6634.5,1
6637.5,0
6638.0,1
6638.75,0
6639.0,1
6639.25,0
6639.5,1
6639.75,0
6640.0,1
6641.5,0
6642.0,1
6642.25,0
6656.75,1
6657.25,0
6657.5,1
6660.25,0
6661.0,1
6661.25,0
6661.5,1
6661.75,0
6662.0,1
6662.5,0
6662.75,1
6663.75,0
6664.0,1
6665.0,0
6665.25,1
6665.5,0
6668.0,1
6668.25,0
6678.75,1
6679.25,0
6680.25,1
6680.5,0
6681.5,1
6682.0,0
6682.25,1
6682.5,0
6683.0,1
6683.5,0
6683.75,1
6684.0,0
6684.25,1
6685.5,0
6685.75,1
6689.0,0
6689.25,1
6689.5,0
6751.0,1
6751.25,0
6751.5,1
6752.0,0
6752.75,1
6753.0,0
6753.25,1
6754.75,0
6755.0,1
6755.75,0
6756.0,1
6756.5,0
6756.75,1
6757.75,0
6758.0,1
6759.5,0
6759.75,1
6760.25,0
6760.5,1
6760.75,0
6761.0,1
6761.25,0
6800.75,1
6802.25,0
6802.5,1
6803.75,0
6804.0,1
6804.5,0
6804.75,1
6805.5,0
6805.75,1
6806.0,0
6806.25,1
6808.75,0
6809.25,1
6809.5,0
6822.0,1
6822.25,0
6822.75,1
6823.0,0
6823.75,1
6824.0,0
6824.75,1
6825.0,0
6825.25,1
6828.25,0
6828.5,1
6829.0,0
6829.5,1
6830.5,0
6830.75,1
6831.0,0
6831.25,1
6832.5,0
6832.75,1
6833.0,0
6836.25,1
6836.5,0
6848.75,1
6849.0,0
6849.25,1
6849.5,0
6849.75,1
6851.75,0
6852.0,1
6852.5,0
6852.75,1
6853.75,0
6854.0,1
6854.25,0
6854.5,1
6854.75,0
6855.0,1
6856.25,0
6857.25,1
6857.5,0
6861.25,1
6861.5,0
6917.75,1
6918.0,0
6918.25,1
6918.5,0
6921.0,1
6921.25,0
6921.5,1
6923.0,0
6923.5,1
6924.0,0
6924.25,1
6925.0,0
6925.25,1
6925.5,0
6926.0,1
6928.0,0
6928.25,1
6928.5,0
6928.75,1
6929.25,0
6929.75,1
6930.0,0
6943.0,1
6943.25,0
6943.75,1
6944.0,0
6944.5,1
6944.75,0
6945.25,1
6945.75,0
6946.0,1
6946.75,0
6947.0,1
6947.75,0
6948.0,1
6949.25,0
6949.5,1
6950.5,0
6950.75,1
6951.5,0
6951.75,1
6953.25,0
6958.0,1
6958.25,0
6967.75,1
6968.0,0
6969.0,1
6970.0,0
6970.25,1
6971.0,0
6971.25,1
6972.0,0
6972.25,1
6972.5,0
6973.25,1
6973.5,0
6973.75,1
6974.25,0
6975.25,1
6976.5,0
6976.75,1
6977.0,0
6977.25,1
6977.5,0
6992.25,1
6992.5,0
6993.0,1
6993.75,0
6994.0,1
6994.75,0
6995.0,1
6995.5,0
6995.75,1
6997.0,0
6997.25,1
7000.25,0
7000.75,1
7001.0,0
7003.5,1
7003.75,0
7004.0,1
7004.25,0
7014.0,1
7014.25,0
7014.5,1
7014.75,0
7015.75,1
7016.0,0
7016.25,1
7016.5,0
7017.25,1
7017.75,0
7018.0,1
7018.25,0
7018.5,1
7019.5,0
7019.75,1
7020.25,0
7020.5,1
7021.75,0
7022.0,1
7023.25,0
7023.75,1
7024.0,0
7024.25,1
7025.5,0
7028.75,1
7029.0,0
7088.75,1
7089.0,0
7089.25,1
7090.75,0
7091.0,1
7092.25,0
7092.75,1
7093.0,0
7093.25,1
7094.25,0
7094.75,1
7095.0,0
7095.25,1
7095.75,0
7096.0,1
7096.25,0
7096.75,1
7097.5,0
7110.5,1
7110.75,0
7113.25,1
7116.0,0
7116.25,1
7118.25,0
7118.5,1
7118.75,0
7119.0,1
7119.25,0
7119.75,1
7121.5,0
7137.0,1
7138.25,0
7138.5,1
7139.0,0
7139.25,1
7140.5,0
7140.75,1
7141.25,0
7142.25,1
7142.5,0
7142.75,1
7143.25,0
7143.5,1
7143.75,0
7144.0,1
7144.75,0
7145.0,1
7145.25,0
7159.75,1
7160.0,0
7160.5,1
7160.75,0
7161.0,1
7161.25,0
7161.5,1
7162.0,0
7162.25,1
7163.75,0
7164.5,1
7165.0,0
7165.25,1
7165.5,0
7166.0,1
7167.25,0
7167.5,1
7169.75,0
7172.75,1
7173.0,0
7184.75,1
7185.5,0
7185.75,1
7186.75,0
7187.0,1
7189.25,0
7190.0,1
7192.0,0
7192.25,1
7193.5,0
7196.5,1
7196.75,0
7254.75,1
7255.0,0
7255.5,1
7255.75,0
7256.0,1
7256.25,0
7257.0,1
7257.25,0
7257.5,1
7258.25,0
7259.0,1
7259.5,0
7259.75,1
7260.25,0
7260.5,1
7262.25,0
7262.5,1
7264.25,0
7264.75,1
7265.0,0
7265.25,1
7265.75,0
7268.0,1
7268.25,0
7269.5,1
7270.0,0
7279.75,1
7280.0,0
7280.25,1
7280.75,0
7281.0,1
7281.75,0
7282.25,1
7283.0,0
7283.25,1
7284.25,0
7284.5,1
7285.5,0
7285.75,1
7286.25,0
7286.5,1
7287.5,0
7287.75,1
7288.25,0
7288.75,1
7289.25,0
7293.75,1
7294.0,0
7305.5,1
7306.75,0
7307.0,1
7308.0,0
7308.25,1
7309.0,0
7309.25,1
7312.0,0
7312.5,1
7312.75,0
7327.25,1
7327.5,0
7329.0,1
7329.25,0
7329.5,1
7330.0,0
7330.5,1
7334.5,0
7334.75,1
7336.25,0
7336.5,1
7336.75,0
7337.0,1
7337.25,0
7340.75,1
7341.0,0
7342.75,1
7343.0,0
7351.0,1
7351.25,0
7353.5,1
7356.5,0
7356.75,1
7357.25,0
7357.5,1
7360.5,0
7361.25,1
7361.5,0
7364.75,1
7365.0,0
7422.75,1
7423.0,0
7425.0,1
7425.5,0
7425.75,1
7426.5,0
7426.75,1
7428.25,0
7428.5,1
7428.75,0
7429.0,1
7430.25,0
7430.5,1
7431.0,0
7431.25,1
7432.25,0
7432.5,1
7432.75,0
7449.0,1
7450.75,0
7451.25,1
7451.5,0
7451.75,1
7453.5,0
7453.75,1
7454.5,0
7454.75,1
7456.0,0
7456.25,1
7457.25,0
7470.25,1
7470.5,0
7473.25,1
7473.5,0
7474.0,1
7475.25,0
7475.5,1
7478.5,0
7478.75,1
7480.5,0
7480.75,1
7481.25,0
7494.5,1
7494.75,0
7497.0,1
7498.25,0
7498.75,1
7499.25,0
7499.5,1
7502.0,0
7502.25,1
7505.25,0
7508.5,1
7508.75,0
7510.25,1
7510.5,0
7518.0,1
7518.25,0
7518.75,1
7519.0,0
7519.75,1
7520.0,0
7520.5,1
7520.75,0
7521.0,1
7521.25,0
7521.5,1
7521.75,0
7522.0,1
7525.5,0
7526.0,1
7526.5,0
7526.75,1
7528.0,0
7528.5,1
7529.0,0
7529.5,1
7529.75,0
7531.5,1
7531.75,0
7532.5,1
7532.75,0
7533.75,1
7534.0,0
7534.25,1
7534.5,0
7592.5,1
7592.75,0
7593.25,1
7594.0,0
7594.25,1
7595.75,0
7596.5,1
7598.0,0
7598.25,1
7600.75,0
7601.25,1
7601.75,0
7615.75,1
7616.0,0
7616.25,1
7616.75,0
7617.0,1
7620.5,0
7620.75,1
7621.75,0
7622.0,1
7623.0,0
7623.25,1
7624.5,0
7624.75,1
7625.25,0
7641.75,1
7642.75,0
7643.0,1
7643.5,0
7643.75,1
7645.5,0
7646.25,1
7649.0,0
7653.0,1
7653.25,0
7665.25,1
7666.0,0
7666.25,1
7669.0,0
7669.25,1
7670.0,0
7670.25,1
7670.75,0
7671.0,1
7671.75,0
7672.0,1
7672.5,0
7673.0,1
7673.25,0
7676.75,1
7677.0,0
7689.5,1
7690.75,0
7691.0,1
7692.75,0
7693.25,1
7694.75,0
7695.0,1
7695.25,0
7695.5,1
7696.75,0
7697.0,1
7697.5,0
7702.25,1
7702.5,0
7759.0,1
7759.25,0
7761.0,1
7762.5,0
7762.75,1
7764.0,0
7764.5,1
7764.75,0
7765.0,1
7765.5,0
7765.75,1
7766.25,0
7766.5,1
7766.75,0
7767.0,1
7767.5,0
7767.75,1
7768.0,0
7768.5,1
7769.0,0
7772.0,1
7772.25,0
7784.25,1
7784.5,0
7785.25,1
7785.75,0
7786.25,1
7786.75,0
7787.25,1
7787.75,0
7788.0,1
7791.0,0
7791.25,1
7791.5,0
7791.75,1
7793.0,0
7805.75,1
7806.0,0
7808.5,1
7808.75,0
7809.25,1
7810.75,0
7811.0,1
7812.5,0
7812.75,1
7813.75,0
7814.0,1
7814.25,0
7814.5,1
7816.0,0
7816.75,1
7817.0,0
7817.25,1
7817.5,0
7832.25,1
7832.5,0
7833.25,1
7833.75,0
7834.0,1
7835.25,0
7835.5,1
7836.5,0
7837.0,1
7837.5,0
7838.5,1
7840.25,0
7840.5,1
7841.25,0
7926.5,1
7926.75,0
7928.5,1
7929.25,0
7929.5,1
7931.5,0
7932.0,1
7932.25,0
7932.5,1
7934.75,0
7935.0,1
7935.25,0
7935.5,1
7936.75,0
7937.0,1
7937.25,0
7949.75,1
7950.25,0
7951.0,1
7951.25,0
7952.75,1
7953.0,0
7953.25,1
7953.5,0
7953.75,1
7955.0,0
7955.5,1
7957.5,0
7958.75,1
7961.25,0
7974.0,1
7974.25,0
7976.75,1
7979.0,0
7979.25,1
7979.5,0
7979.75,1
7980.25,0
7980.75,1
7982.5,0
7982.75,1
7983.25,0
7983.75,1
7984.5,0
7984.75,1
7985.25,0
8000.75,1
8001.0,0
8001.25,1
8005.25,0
8005.5,1
8006.25,0
8006.5,1
8008.0,0
8008.25,1
8008.75,0
8009.0,1
8009.5,0
8013.5,1
8013.75,0
8025.0,1
8025.25,0
8025.5,1
8028.0,0
8028.25,1
8029.5,0
8029.75,1
8030.5,0
8030.75,1
8031.75,0
8032.0,1
8032.25,0
8032.5,1
8033.25,0
8097.0,1
8097.25,0
8097.5,1
8098.25,0
8098.5,1
8100.5,0
8101.25,1
8102.25,0
8102.5,1
8104.5,0
8104.75,1
8105.25,0
8108.0,1
8108.25,0
8117.75,1
8118.25,0
8118.75,1
8119.0,0
8121.5,1
8122.25,0
8122.5,1
8123.75,0
8124.0,1
8126.0,0
8126.25,1
8126.75,0
8127.0,1
8129.25,0
8129.5,1
8129.75,0
8144.25,1
8144.5,0
8145.25,1
8145.5,0
8145.75,1
8146.5,0
8146.75,1
8148.75,0
8149.0,1
8150.0,0
8150.5,1
8151.0,0
8151.25,1
8151.75,0
8152.0,1
8152.25,0
8152.5,1
8152.75,0
8153.0,1
8153.25,0
8167.25,1
8167.5,0
8168.25,1
8168.5,0
8169.25,1
8169.5,0
8169.75,1
8170.0,0
8170.5,1
8171.0,0
8171.25,1
8172.0,0
8172.25,1
8173.25,0
8173.5,1
8173.75,0
8174.0,1
8176.0,0
8176.25,1
8177.0,0
8177.25,1
8177.5,0
8181.0,1
8181.25,0
8193.0,1
8193.25,0
8193.5,1
8194.25,0
8194.75,1
8195.5,0
8195.75,1
8196.0,0
8196.5,1
8197.75,0
8198.75,1
8199.5,0
8199.75,1
8200.25,0
8200.75,1
8201.25,0
8201.5,1
8201.75,0
8261.0,1
8261.25,0
8262.0,1
8262.25,0
8264.25,1
8269.75,0
8270.0,1
8270.75,0
8271.0,1
8271.75,0
8272.0,1
8272.25,0
8272.5,1
8273.0,0
8275.75,1
8276.0,0
8288.25,1
8288.5,0
8289.5,1
8292.5,0
8292.75,1
8293.5,0
8294.0,1
8295.5,0
8296.25,1
8296.5,0
8296.75,1
8297.25,0
8311.75,1
8312.0,0
8312.75,1
8314.5,0
8314.75,1
8316.25,0
8316.5,1
8317.0,0
8317.5,1
8318.25,0
8318.5,1
8319.0,0
8319.25,1
8321.0,0
8334.5,1
8335.0,0
8335.5,1
8335.75,0
8337.0,1
8341.0,0
8341.25,1
8341.5,0
8342.0,1
8342.75,0
8343.0,1
8343.25,0
8343.5,1
8344.5,0
8344.75,1
8345.25,0
8350.5,1
8350.75,0
8358.75,1
8359.0,0
8360.25,1
8360.5,0
8361.25,1
8361.5,0
8361.75,1
8362.5,0
8362.75,1
8363.0,0
8363.25,1
8363.75,0
8364.0,1
8366.0,0
8366.25,1
8366.75,0
8367.0,1
8369.25,0
8373.25,1
8373.75,0
8433.0,1
8433.25,0
8433.5,1
8434.5,0
8434.75,1
8435.5,0
8435.75,1
8436.25,0
8436.5,1
8437.0,0
8437.25,1
8437.75,0
8438.25,1
8439.0,0
8439.25,1
8439.5,0
8439.75,1
8441.0,0
8457.0,1
8457.25,0
8457.5,1
8458.25,0
8458.5,1
8458.75,0
8459.0,1
8460.25,0
8460.5,1
8461.25,0
8461.5,1
8464.5,0
8464.75,1
8465.25,0
8469.5,1
8469.75,0
8477.75,1
8478.0,0
8480.0,1
8480.5,0
8481.0,1
8481.25,0
8481.75,1
8482.5,0
8482.75,1
8483.5,0
8483.75,1
8484.25,0
8484.5,1
8485.25,0
8485.5,1
8486.5,0
8486.75,1
8487.0,0
8487.25,1
8488.75,0
8503.0,1
8503.25,0
8504.25,1
8504.5,0
8505.5,1
8506.75,0
8507.0,1
8507.75,0
8508.0,1
8510.0,0
8510.25,1
8510.75,0
8511.0,1
8511.75,0
8512.0,1
8513.25,0
8528.0,1
8528.25,0
8528.75,1
8529.0,0
8529.25,1
8531.5,0
8531.75,1
8532.25,0
8532.5,1
8535.25,0
8535.5,1
8536.5,0
8536.75,1
8537.25,0
8624.0,1
8624.25,0
8624.5,1
8625.0,0
8625.5,1
8625.75,0
8626.0,1
8632.0,0
8632.25,1
8633.0,0
8637.5,1
8637.75,0
8647.25,1
8647.5,0
8647.75,1
8648.0,0
8649.0,1
8649.75,0
8650.25,1
8652.5,0
8652.75,1
8653.25,0
8654.25,1
8655.5,0
8655.75,1
8656.0,0
8656.25,1
8656.5,0
8656.75,1
8657.0,0
8661.25,1
8661.5,0
8672.25,1
8672.5,0
8673.25,1
8673.5,0
8673.75,1
8674.5,0
8674.75,1
8676.5,0
8676.75,1
8678.5,0
8678.75,1
8680.0,0
8680.25,1
8680.75,0
8684.5,1
8684.75,0
8694.75,1
8695.0,0
8695.5,1
8695.75,0
8696.5,1
8697.0,0
8697.25,1
8697.5,0
8697.75,1
8698.5,0
8699.0,1
8699.25,0
8699.5,1
8703.25,0
8704.25,1
8705.0,0
8705.5,1
8705.75,0

float Room-210 (4385,2)
0.0,0
31.5,1
31.75,0
33.0,1
33.75,0
34.25,1
36.75,0
37.0,1
39.75,0
40.0,1
40.75,0
41.0,1
41.25,0
44.25,1
44.5,0
55.25,1
55.5,0
56.75,1
57.25,0
57.5,1
58.5,0
58.75,1
59.0,0
59.25,1
60.75,0
61.25,1
62.0,0
62.5,1
62.75,0
63.0,1
63.25,0
63.5,1
63.75,0
64.0,1
64.5,0
64.75,1
65.25,0
69.5,1
69.75,0
79.5,1
80.0,0
80.25,1
80.75,0
81.0,1
81.25,0
81.5,1
84.0,0
84.5,1
86.0,0
86.25,1
86.5,0
86.75,1
88.0,0
88.25,1
88.75,0
105.0,1
105.5,0
106.0,1
106.25,0
106.5,1
107.25,0
107.5,1
109.0,0
109.25,1
110.75,0
111.0,1
112.5,0
113.5,1
113.75,0
125.5,1
125.75,0
128.75,1
129.5,0
129.75,1
132.25,0
132.5,1
133.0,0
133.5,1
133.75,0
134.25,1
135.0,0
135.25,1
136.0,0
136.25,1
137.25,0
199.0,1
199.5,0
200.5,1
201.0,0
201.25,1
202.75,0
203.0,1
204.25,0
204.5,1
205.25,0
205.5,1
206.0,0
206.25,1
206.5,0
206.75,1
207.5,0
207.75,1
209.25,0
209.5,1
209.75,0
224.5,1
224.75,0
225.75,1
227.5,0
228.0,1
229.0,0
229.25,1
230.25,0
230.5,1
230.75,0
231.5,1
231.75,0
232.5,1
233.0,0
233.25,1
233.5,0
248.0,1
248.25,0
248.5,1
248.75,0
249.0,1
250.5,0
250.75,1
252.75,0
253.0,1
253.5,0
253.75,1
254.25,0
254.5,1
255.0,0
255.25,1
255.75,0
256.0,1
256.75,0
257.5,1
257.75,0
260.75,1
261.0,0
270.25,1
270.5,0
270.75,1
271.0,0
272.75,1
273.0,0
273.25,1
273.75,0
274.0,1
275.5,0
275.75,1
276.0,0
276.25,1
277.0,0
277.25,1
277.75,0
278.0,1
278.25,0
278.75,1
279.0,0
279.5,1
280.5,0
281.0,1
281.25,0
288.75,1
289.0,0
294.75,1
295.0,0
295.25,1
295.5,0
297.25,1
297.5,0
298.0,1
299.0,0
299.25,1
301.0,0
301.25,1
302.0,0
302.25,1
303.75,0
304.0,1
305.25,0
305.75,1
306.25,0
366.75,1
367.0,0
369.0,1
369.25,0
369.5,1
370.75,0
371.0,1
371.5,0
371.75,1
372.5,0
372.75,1
373.0,0
373.25,1
374.0,0
374.5,1
374.75,0
375.0,1
375.5,0
375.75,1
377.0,0
377.25,1
377.5,0
390.75,1
391.0,0
392.25,1
392.5,0
393.0,1
393.25,0
393.5,1
395.0,0
395.75,1
396.25,0
396.5,1
397.0,0
397.25,1
398.75,0
399.25,1
400.75,0
401.0,1
401.25,0
438.75,1
439.5,0
440.75,1
441.5,0
442.0,1
442.25,0
442.75,1
443.0,0
443.75,1
444.0,0
444.25,1
444.75,0
445.0,1
446.25,0
446.5,1
448.75,0
465.25,1
466.0,0
466.5,1
468.25,0
468.75,1
469.5,0
469.75,1
470.0,0
470.25,1
471.0,0
471.25,1
471.75,0
472.0,1
472.25,0
472.75,1
473.5,0
476.25,1
476.5,0
537.75,1
538.5,0
539.0,1
539.75,0
540.0,1
542.0,0
542.25,1
542.75,0
543.0,1
544.0,0
544.25,1
544.5,0
545.25,1
545.5,0
546.0,1
546.25,0
549.0,1
549.25,0
557.25,1
557.5,0
561.25,1
561.5,0
561.75,1
562.0,0
562.5,1
562.75,0
563.0,1
563.75,0
564.5,1
565.0,0
565.25,1
565.5,0
565.75,1
566.0,0
566.25,1
568.5,0
568.75,1
569.5,0
585.0,1
585.5,0
585.75,1
586.0,0
586.25,1
588.0,0
588.25,1
589.25,0
589.5,1
591.25,0
591.5,1
592.25,0
592.5,1
592.75,0
608.75,1
609.0,0
609.25,1
610.25,0
610.5,1
611.25,0
611.5,1
612.0,0
612.25,1
612.75,0
613.25,1
614.75,0
615.0,1
616.5,0
616.75,1
617.0,0
620.0,1
620.25,0
630.0,1
630.25,0
630.75,1
631.0,0
631.25,1
631.5,0
633.0,1
633.25,0
633.75,1
634.75,0
635.0,1
635.25,0
635.5,1
636.25,0
636.5,1
639.0,0
639.25,1
640.0,0
640.25,1
640.5,0
641.0,1
641.25,0
645.0,1
645.25,0
705.0,1
705.75,0
706.0,1
707.0,0
707.25,1
708.0,0
708.5,1
709.0,0
709.25,1
709.5,0
709.75,1
710.5,0
710.75,1
711.0,0
711.25,1
711.75,0
712.0,1
712.25,0
712.5,1
713.0,0
713.25,1
713.75,0
727.75,1
728.0,0
728.75,1
729.5,0
729.75,1
730.0,0
730.25,1
733.5,0
733.75,1
734.5,0
734.75,1
737.25,0
750.75,1
751.0,0
753.0,1
753.75,0
754.25,1
755.25,0
755.5,1
759.0,0
759.25,1
760.0,0
760.25,1
761.0,0
761.25,1
761.5,0
764.25,1
764.5,0
776.0,1
776.25,0
776.75,1
779.0,0
779.25,1
781.5,0
782.0,1
782.75,0
783.25,1
784.0,0
784.25,1
784.75,0
798.75,1
799.0,0
801.0,1
801.5,0
801.75,1
803.5,0
803.75,1
804.5,0
804.75,1
807.25,0
807.75,1
809.0,0
809.25,1
809.5,0
812.5,1
812.75,0
870.75,1
871.0,0
871.25,1
871.5,0
873.0,1
873.5,0
873.75,1
874.5,0
875.0,1
875.5,0
876.0,1
876.5,0
876.75,1
877.0,0
877.25,1
878.5,0
879.0,1
879.5,0
879.75,1
880.0,0
880.25,1
880.75,0
893.75,1
894.0,0
894.25,1
894.5,0
896.75,1
897.0,0
897.5,1
897.75,0
898.0,1
898.75,0
899.0,1
899.25,0
899.5,1
901.25,0
901.75,1
904.0,0
904.5,1
904.75,0
908.75,1
909.0,0
920.5,1
920.75,0
921.25,1
921.5,0
921.75,1
922.25,0
922.5,1
923.0,0
923.25,1
924.25,0
925.25,1
925.75,0
926.0,1
926.5,0
927.0,1
927.25,0
927.75,1
929.5,0
932.5,1
932.75,0
933.0,1
933.25,0
942.5,1
942.75,0
943.0,1
943.25,0
944.75,1
945.0,0
945.75,1
946.0,0
946.25,1
946.75,0
947.0,1
948.0,0
948.25,1
948.75,0
949.25,1
951.5,0
951.75,1
952.25,0
952.5,1
953.25,0
956.0,1
956.25,0
966.0,1
966.25,0
968.75,1
969.25,0
969.5,1
972.25,0
972.5,1
972.75,0
973.0,1
975.25,0
975.5,1
975.75,0
976.25,1
977.25,0
1038.75,1
1039.0,0
1041.25,1
1041.5,0
1041.75,1
1042.0,0
1042.5,1
1043.5,0
1043.75,1
1044.5,0
1044.75,1
1045.5,0
1045.75,1
1046.0,0
1046.25,1
1047.25,0
1047.5,1
1048.0,0
1048.25,1
1048.5,0
1048.75,1
1049.0,0
1049.25,1
1049.5,0
1062.25,1
1062.5,0
1064.75,1
1065.0,0
1065.25,1
1066.25,0
1066.5,1
1066.75,0
1067.0,1
1069.0,0
1069.25,1
1070.25,0
1070.75,1
1071.5,0
1071.75,1
1072.5,0
1073.5,1
1073.75,0
1110.0,1
1110.25,0
1112.75,1
1113.5,0
1113.75,1
1114.75,0
1115.25,1
1116.75,0
1117.25,1
1119.75,0
1120.0,1
1120.25,0
1120.5,1
1120.75,0
1121.25,1
1121.5,0
1134.0,1
1134.25,0
1134.5,1
1134.75,0
1135.25,1
1135.5,0
1137.25,1
1140.5,0
1141.0,1
1141.25,0
1141.5,1
1142.25,0
1142.5,1
1143.5,0
1143.75,1
1145.0,0
1205.75,1
1206.0,0
1208.25,1
1210.5,0
1210.75,1
1212.75,0
1213.0,1
1213.25,0
1213.5,1
1214.0,0
1214.25,1
1214.75,0
1215.0,1
1217.25,0
1217.5,1
1217.75,0
1232.25,1
1232.5,0
1233.25,1
1233.5,0
1234.0,1
1234.25,0
1234.5,1
1236.0,0
1236.25,1
1236.5,0
1236.75,1
1237.0,0
1237.25,1
1238.5,0
1238.75,1
1240.75,0
1241.25,1
1241.5,0
1245.25,1
1245.5,0
1245.75,1
1246.0,0
1255.0,1
1255.25,0
1256.75,1
1259.5,0
1260.25,1
1261.25,0
1261.5,1
1264.5,0
1264.75,1
1265.25,0
1269.75,1
1270.0,0
1273.0,1
1273.25,0
1281.25,1
1281.5,0
1281.75,1
1284.0,0
1284.25,1
1285.0,0
1285.25,1
1285.75,0
1286.0,1
1288.75,0
1289.5,1
1289.75,0
1303.0,1
1303.5,0
1304.25,1
1304.75,0
1305.25,1
1305.75,0
1306.25,1
1307.0,0
1307.25,1
1308.75,0
1309.0,1
1310.25,0
1310.5,1
1311.75,0
1312.0,1
1313.25,0
1374.0,1
1374.25,0
1375.25,1
1375.5,0
1377.0,1
1377.5,0
1377.75,1
1380.0,0
1380.25,1
1381.5,0
1381.75,1
1382.0,0
1382.25,1
1382.75,0
1383.25,1
1383.5,0
1383.75,1
1384.25,0
1384.5,1
1385.0,0
1385.5,1
1385.75,0
1400.5,1
1401.0,0
1401.25,1
1401.75,0
1402.0,1
1402.5,0
1403.0,1
1404.25,0
1404.75,1
1405.25,0
1405.5,1
1406.0,0
1406.25,1
1408.25,0
1408.5,1
1408.75,0
1409.0,1
1409.5,0
1413.25,1
1413.5,0
1422.75,1
1423.0,0
1425.5,1
1425.75,0
1426.0,1
1426.25,0
1426.5,1
1427.25,0
1427.5,1
1428.5,0
1428.75,1
1430.25,0
1430.5,1
1432.0,0
1432.25,1
1432.75,0
1433.25,1
1433.5,0
1438.0,1
1438.25,0
1446.0,1
1446.25,0
1446.5,1
1447.0,0
1447.75,1
1448.0,0
1449.5,1
1450.25,0
1450.5,1
1451.25,0
1451.5,1
1452.75,0
1453.0,1
1453.75,0
1454.0,1
1455.0,0
1455.25,1
1455.5,0
1455.75,1
1456.25,0
1456.5,1
1457.0,0
1472.0,1
1472.25,0
1473.25,1
1473.75,0
1474.0,1
1474.5,0
1474.75,1
1476.25,0
1476.5,1
1477.25,0
1477.5,1
1477.75,0
1478.0,1
1478.5,0
1479.0,1
1480.5,0
1481.0,1
1481.25,0
1481.75,1
1482.0,0
1485.25,1
1485.5,0
1486.25,1
1486.5,0
1545.25,1
1547.0,0
1547.25,1
1549.5,0
1549.75,1
1550.5,0
1550.75,1
1551.25,0
1551.5,1
1553.25,0
1556.25,1
1556.5,0
1568.5,1
1569.0,0
1569.25,1
1569.5,0
1570.0,1
1572.5,0
1572.75,1
1574.25,0
1574.5,1
1575.0,0
1575.75,1
1576.5,0
1577.0,1
1577.25,0
1581.0,1
1581.25,0
1582.25,1
1582.5,0
1592.25,1
1592.5,0
1593.0,1
1593.25,0
1593.5,1
1595.5,0
1596.5,1
1596.75,0
1597.0,1
1597.75,0
1598.0,1
1599.5,0
1600.0,1
1600.25,0
1600.5,1
1601.25,0
1604.25,1
1604.5,0
1614.25,1
1614.75,0
1617.25,1
1618.25,0
1618.75,1
1620.25,0
1620.5,1
1623.25,0
1623.5,1
1624.0,0
1624.5,1
1624.75,0
1625.25,1
1625.5,0
1629.75,1
1630.0,0
1638.0,1
1638.25,0
1640.25,1
1640.5,0
1640.75,1
1641.0,0
1641.5,1
1642.75,0
1643.0,1
1645.25,0
1645.5,1
1645.75,0
1646.0,1
1646.5,0
1646.75,1
1647.0,0
1647.25,1
1647.5,0
1647.75,1
1648.25,0
1649.25,1
1649.5,0
1713.25,1
1714.0,0
1714.25,1
1715.25,0
1715.5,1
1716.0,0
1716.75,1
1717.25,0
1717.5,1
1717.75,0
1718.25,1
1720.25,0
1720.5,1
1721.0,0
1736.5,1
1737.25,0
1737.5,1
1740.5,0
1740.75,1
1741.25,0
1741.5,1
1742.5,0
1742.75,1
1743.0,0
1743.25,1
1744.5,0
1748.0,1
1748.25,0
1761.0,1
1761.25,0
1761.5,1
1763.25,0
1763.5,1
1764.5,0
1764.75,1
1765.5,0
1765.75,1
1766.5,0
1766.75,1
1767.75,0
1768.0,1
1768.5,0
1768.75,1
1769.0,0
1773.25,1
1773.5,0
1782.75,1
1783.0,0
1783.5,1
1783.75,0
1784.0,1
1784.25,0
1785.25,1
1788.25,0
1788.5,1
1791.75,0
1792.0,1
1792.5,0
1793.0,1
1793.25,0
1809.0,1
1810.25,0
1810.5,1
1812.0,0
1812.25,1
1814.5,0
1814.75,1
1815.25,0
1815.5,1
1815.75,0
1816.0,1
1817.25,0
1879.25,1
1879.5,0
1880.25,1
1880.5,0
1880.75,1
1881.0,0
1881.25,1
1883.25,0
1883.5,1
1883.75,0
1884.25,1
1884.75,0
1885.25,1
1886.25,0
1886.5,1
1887.25,0
1887.5,1
1889.25,0
1894.25,1
1894.5,0
1903.0,1
1903.25,0
1906.0,1
1907.75,0
1908.0,1
1908.75,0
1909.0,1
1910.25,0
1910.5,1
1911.25,0
1911.5,1
1912.0,0
1912.25,1
1912.5,0
1912.75,1
1913.0,0
1916.75,1
1917.0,0
1917.5,1
1917.75,0
1926.25,1
1926.5,0
1927.75,1
1928.0,0
1928.75,1
1929.0,0
1929.25,1
1929.5,0
1930.0,1
1931.5,0
1931.75,1
1932.5,0
1932.75,1
1934.75,0
1935.25,1
1935.75,0
1936.0,1
1936.25,0
1936.5,1
1937.0,0
1937.25,1
1937.5,0
1950.75,1
1951.0,0
1951.5,1
1951.75,0
1952.5,1
1954.75,0
1955.0,1
1956.5,0
1956.75,1
1957.5,0
1957.75,1
1958.0,0
1958.5,1
1959.25,0
1959.5,1
1959.75,0
1960.0,1
1960.5,0
1960.75,1
1961.25,0
1974.0,1
1974.25,0
1976.0,1
1976.25,0
1976.5,1
1977.25,0
1977.5,1
1977.75,0
1978.0,1
1980.0,0
1980.25,1
1980.5,0
1980.75,1
1982.0,0
1982.25,1
1983.75,0
1984.0,1
1985.25,0
2048.75,1
2050.0,0
2050.25,1
2053.0,0
2053.25,1
2053.75,0
2054.0,1
2054.25,0
2054.5,1
2056.25,0
2056.75,1
2057.0,0
2072.75,1
2073.25,0
2073.75,1
2074.25,0
2074.5,1
2075.25,0
2075.5,1
2076.75,0
2077.0,1
2078.0,0
2078.5,1
2080.0,0
2080.5,1
2080.75,0
2081.5,1
2081.75,0
2084.25,1
2084.5,0
2096.0,1
2096.25,0
2096.5,1
2096.75,0
2097.25,1
2097.5,0
2097.75,1
2101.0,0
2101.25,1
2101.75,0
2102.0,1
2102.5,0
2102.75,1
2104.0,0
2104.5,1
2104.75,0
2121.25,1
2122.5,0
2122.75,1
2123.75,0
2124.25,1
2126.5,0
2126.75,1
2127.75,0
2128.0,1
2129.0,0
2129.25,1
2129.5,0
2143.25,1
2143.5,0
2143.75,1
2144.25,0
2144.5,1
2144.75,0
2145.0,1
2146.25,0
2146.5,1
2152.25,0
2152.5,1
2153.5,0
2157.25,1
2157.5,0
2217.5,1
2217.75,0
2218.0,1
2219.75,0
2220.0,1
2221.0,0
2221.25,1
2223.75,0
2224.0,1
2225.25,0
2239.25,1
2240.0,0
2241.0,1
2244.75,0
2245.0,1
2246.25,0
2246.5,1
2247.75,0
2248.0,1
2248.75,0
2249.75,1
2250.0,0
2252.75,1
2253.0,0
2264.5,1
2264.75,0
2265.0,1
2268.0,0
2268.25,1
2269.25,0
2269.5,1
2273.25,0
2276.5,1
2276.75,0
2287.5,1
2287.75,0
2288.5,1
2289.0,0
2289.25,1
2289.5,0
2289.75,1
2290.5,0
2290.75,1
2291.0,0
2291.25,1
2291.5,0
2292.25,1
2293.25,0
2294.0,1
2295.0,0
2295.5,1
2297.0,0
2311.25,1
2311.5,0
2312.5,1
2313.0,0
2313.5,1
2314.0,0
2314.25,1
2315.5,0
2316.0,1
2316.75,0
2317.25,1
2317.5,0
2317.75,1
2320.0,0
2320.25,1
2320.75,0
2321.75,1
2322.0,0
2384.75,1
2386.25,0
2386.5,1
2387.0,0
2387.25,1
2388.0,0
2388.25,1
2389.0,0
2389.25,1
2391.0,0
2391.25,1
2391.75,0
2392.25,1
2392.5,0
2393.0,1
2393.25,0
2407.0,1
2407.25,0
2407.5,1
2407.75,0
2408.0,1
2408.25,0
2408.5,1
2408.75,0
2409.5,1
2413.25,0
2413.5,1
2414.25,0
2414.5,1
2415.75,0
2416.0,1
2416.25,0
2416.5,1
2417.25,0
2430.75,1
2431.0,0
2432.25,1
2432.5,0
2432.75,1
2433.25,0
2433.75,1
2435.5,0
2436.0,1
2438.75,0
2439.5,1
2441.0,0
2454.25,1
2454.5,0
2454.75,1
2455.0,0
2455.75,1
2456.0,0
2457.25,1
2460.25,0
2460.5,1
2460.75,0
2461.0,1
2461.5,0
2461.75,1
2463.75,0
2464.0,1
2464.75,0
2465.75,1
2466.0,0
2469.25,1
2469.75,0
2479.25,1
2480.0,0
2480.75,1
2482.25,0
2482.5,1
2483.0,0
2483.5,1
2484.75,0
2485.0,1
2486.0,0
2486.25,1
2486.75,0
2487.0,1
2488.25,0
2488.5,1
2489.0,0
2550.25,1
2550.5,0
2551.75,1
2552.25,0
2553.25,1
2553.5,0
2553.75,1
2554.0,0
2554.25,1
2557.25,0
2557.5,1
2558.25,0
2558.5,1
2558.75,0
2559.0,1
2559.75,0
2560.0,1
2560.5,0
2560.75,1
2561.0,0
2561.5,1
2562.0,0
2565.75,1
2566.0,0
2575.25,1
2576.5,0
2576.75,1
2577.0,0
2577.75,1
2578.5,0
2578.75,1
2579.0,0
2579.25,1
2580.25,0
2580.5,1
2581.0,0
2582.25,1
2583.25,0
2583.5,1
2585.5,0
2588.5,1
2588.75,0
2598.25,1
2598.5,0
2600.5,1
2600.75,0
2601.5,1
2602.0,0
2602.25,1
2603.0,0
2603.25,1
2604.0,0
2604.25,1
2604.75,0
2605.0,1
2605.25,0
2605.75,1
2606.25,0
2606.5,1
2607.75,0
2608.25,1
2609.0,0
2623.5,1
2623.75,0
2624.5,1
2625.0,0
2625.5,1
2626.25,0
2626.5,1
2627.25,0
2627.5,1
2628.25,0
2628.75,1
2629.25,0
2629.5,1
2631.5,0
2632.75,1
2633.25,0
2633.5,1
2633.75,0
2645.25,1
2645.5,0
2647.0,1
2647.5,0
2647.75,1
2648.0,0
2649.0,1
2651.0,0
2651.25,1
2653.0,0
2653.5,1
2654.75,0
2655.25,1
2655.5,0
2655.75,1
2656.25,0
2656.75,1
2657.0,0
2657.25,1
2657.5,0
2660.75,1
2661.0,0
2718.75,1
2719.0,0
2720.5,1
2720.75,0
2721.0,1
2721.25,0
2721.75,1
2722.25,0
2722.5,1
2724.5,0
2724.75,1
2725.0,0
2725.25,1
2725.75,0
2726.0,1
2726.25,0
2726.5,1
2727.0,0
2727.25,1
2728.5,0
2729.0,1
2729.5,0
2743.5,1
2743.75,0
2744.0,1
2744.5,0
2744.75,1
2745.75,0
2746.0,1
2746.25,0
2746.5,1
2748.25,0
2748.5,1
2750.75,0
2751.0,1
2753.0,0
2757.75,1
2758.0,0
2766.5,1
2766.75,0
2767.5,1
2767.75,0
2769.25,1
2770.0,0
2770.25,1
2771.25,0
2771.75,1
2772.75,0
2773.0,1
2773.5,0
2773.75,1
2776.75,0
2781.75,1
2782.0,0
2790.0,1
2790.25,0
2790.5,1
2790.75,0
2791.25,1
2791.5,0
2792.5,1
2793.0,0
2793.25,1
2797.5,0
2798.0,1
2799.0,0
2799.25,1
2800.5,0
2801.0,1
2801.5,0
2803.75,1
2804.0,0
2806.0,1
2806.25,0
2817.5,1
2821.75,0
2822.0,1
2822.5,0
2822.75,1
2823.25,0
2823.5,1
2824.75,0
2825.5,1
2825.75,0
2888.25,1
2888.5,0
2889.25,1
2890.25,0
2890.5,1
2891.0,0
2891.25,1
2892.75,0
2893.0,1
2894.25,0
2894.75,1
2895.25,0
2895.5,1
2895.75,0
2896.0,1
2896.75,0
2897.5,1
2897.75,0
2902.0,1
2902.25,0
2902.75,1
2903.0,0
2913.75,1
2914.0,0
2914.25,1
2915.75,0
2916.0,1
2916.25,0
2916.5,1
2919.0,0
2919.5,1
2920.25,0
2920.5,1
2920.75,0
2921.0,1
2921.25,0
2935.5,1
2935.75,0
2936.0,1
2936.25,0
2937.0,1
2937.75,0
2938.0,1
2938.5,0
2938.75,1
2939.5,0
2940.0,1
2940.5,0
2940.75,1
2941.0,0
2941.25,1
2942.5,0
2942.75,1
2945.0,0
2958.5,1
2958.75,0
2959.5,1
2960.0,0
2960.75,1
2961.0,0
2961.5,1
2964.0,0
2964.25,1
2965.0,0
2965.25,1
2968.75,0
2974.0,1
2974.25,0
2982.25,1
2982.75,0
2984.75,1
2988.0,0
2988.25,1
2990.25,0
2990.75,1
2992.0,0
2992.25,1
2993.5,0
3054.75,1
3055.0,0
3057.25,1
3057.5,0
3058.0,1
3058.5,0
3059.0,1
3059.5,0
3059.75,1
3060.5,0
3061.0,1
3061.5,0
3061.75,1
3062.0,0
3062.25,1
3063.25,0
3063.5,1
3063.75,0
3064.0,1
3064.75,0
3065.0,1
3065.25,0
3065.75,1
3066.0,0
3068.5,1
3068.75,0
3073.5,1
3073.75,0
3081.0,1
3081.5,0
3081.75,1
3082.0,0
3082.25,1
3082.5,0
3082.75,1
3084.5,0
3084.75,1
3085.25,0
3085.5,1
3086.5,0
3086.75,1
3088.0,0
3088.25,1
3089.25,0
3102.5,1
3102.75,0
3103.5,1
3103.75,0
3104.5,1
3105.75,0
3106.25,1
3108.25,0
3108.5,1
3111.5,0
3112.25,1
3112.75,0
3113.0,1
3113.25,0
3114.0,1
3114.25,0
3128.0,1
3128.5,0
3128.75,1
3130.75,0
3131.0,1
3131.5,0
3131.75,1
3134.0,0
3134.25,1
3135.25,0
3135.5,1
3136.25,0
3136.5,1
3137.0,0
3141.25,1
3141.5,0
3152.25,1
3153.25,0
3153.5,1
3154.5,0
3154.75,1
3155.5,0
3155.75,1
3156.25,0
3156.5,1
3159.25,0
3159.5,1
3160.25,0
3160.5,1
3161.25,0
3165.25,1
3165.5,0
3223.0,1
3223.25,0
3225.0,1
3226.75,0
3227.5,1
3227.75,0
3228.75,1
3229.25,0
3229.75,1
3230.0,0
3230.25,1
3232.75,0
3233.0,1
3233.25,0
3249.5,1
3250.75,0
3251.0,1
3251.5,0
3251.75,1
3252.25,0
3252.5,1
3253.5,0
3253.75,1
3254.0,0
3254.25,1
3254.75,0
3255.0,1
3255.25,0
3255.5,1
3256.25,0
3256.5,1
3257.0,0
3257.25,1
3257.5,0
3260.25,1
3260.5,0
3260.75,1
3261.0,0
3261.25,1
3261.5,0
3261.75,1
3262.0,0
3272.75,1
3273.0,0
3273.25,1
3273.75,0
3274.0,1
3275.25,0
3275.75,1
3277.0,0
3277.25,1
3278.0,0
3278.5,1
3278.75,0
3279.0,1
3279.5,0
3279.75,1
3280.25,0
3280.5,1
3281.25,0
3281.5,1
3281.75,0
3285.75,1
3286.0,0
3294.25,1
3294.5,0
3297.0,1
3297.25,0
3297.5,1
3297.75,0
3298.25,1
3298.5,0
3298.75,1
3300.5,0
3300.75,1
3301.5,0
3302.0,1
3304.75,0
3305.25,1
3305.5,0
3305.75,1
3306.0,0
3309.25,1
3309.5,0
3318.25,1
3318.5,0
3319.25,1
3319.5,0
3320.5,1
3320.75,0
3321.5,1
3322.0,0
3322.5,1
3326.5,0
3326.75,1
3328.75,0
3329.0,1
3329.25,0
3332.0,1
3332.25,0
3390.75,1
3391.0,0
3393.0,1
3393.25,0
3393.75,1
3394.0,0
3394.25,1
3395.0,0
3395.25,1
3395.75,0
3396.0,1
3399.25,0
3399.5,1
3400.0,0
3400.25,1
3400.75,0
3401.25,1
3401.5,0
3414.5,1
3414.75,0
3416.5,1
3417.25,0
3417.5,1
3418.25,0
3418.5,1
3419.0,0
3419.5,1
3420.25,0
3421.25,1
3421.75,0
3422.0,1
3424.5,0
3425.25,1
3425.5,0
3429.0,1
3429.25,0
3440.5,1
3440.75,0
3441.0,1
3441.25,0
3441.5,1
3442.5,0
3442.75,1
3443.5,0
3443.75,1
3445.0,0
3445.25,1
3445.75,0
3446.25,1
3447.0,0
3447.25,1
3448.5,0
3448.75,1
3449.25,0
3452.5,1
3452.75,0
3465.0,1
3465.5,0
3465.75,1
3466.75,0
3467.0,1
3467.75,0
3468.0,1
3469.0,0
3469.25,1
3469.75,0
3470.25,1
3471.75,0
3472.0,1
3472.75,0
3473.25,1
3473.5,0
3486.0,1
3486.25,0
3487.0,1
3487.25,0
3488.5,1
3491.75,0
3492.0,1
3493.5,0
3493.75,1
3494.0,0
3494.25,1
3494.5,0
3495.0,1
3495.5,0
3496.0,1
3496.5,0
3497.0,1
3497.25,0
3558.25,1
3558.5,0
3559.0,1
3559.25,0
3559.75,1
3560.0,0
3560.5,1
3561.0,0
3561.25,1
3561.75,0
3562.0,1
3563.75,0
3564.0,1
3566.5,0
3566.75,1
3567.25,0
3567.75,1
3568.75,0
3569.25,1
3569.5,0
3573.0,1
3573.25,0
3609.5,1
3610.5,0
3610.75,1
3611.5,0
3611.75,1
3612.0,0
3612.25,1
3613.25,0
3613.75,1
3614.25,0
3614.75,1
3616.25,0
3616.5,1
3617.0,0
3617.75,1
3618.0,0
3631.75,1
3632.0,0
3632.25,1
3632.5,0
3632.75,1
3633.25,0
3633.75,1
3634.25,0
3634.5,1
3635.25,0
3635.5,1
3635.75,0
3636.0,1
3638.5,0
3639.0,1
3641.25,0
3644.75,1
3645.0,0
3654.0,1
3654.25,0
3657.25,1
3657.75,0
3658.0,1
3659.0,0
3659.25,1
3659.75,0
3660.25,1
3661.5,0
3661.75,1
3664.25,0
3664.5,1
3665.0,0
3728.5,1
3728.75,0
3729.0,1
3732.5,0
3732.75,1
3733.75,0
3734.0,1
3735.0,0
3735.5,1
3736.25,0
3736.5,1
3737.25,0
3753.25,1
3755.0,0
3755.25,1
3756.5,0
3757.0,1
3757.25,0
3757.5,1
3758.0,0
3758.25,1
3761.0,0
3775.5,1
3775.75,0
3777.5,1
3779.25,0
3779.5,1
3780.75,0
3781.0,1
3781.5,0
3782.0,1
3782.25,0
3782.75,1
3783.5,0
3783.75,1
3784.25,0
3784.5,1
3785.5,0
3798.5,1
3798.75,0
3800.5,1
3800.75,0
3801.0,1
3801.25,0
3801.5,1
3802.0,0
3802.25,1
3804.0,0
3804.25,1
3804.5,0
3804.75,1
3806.0,0
3806.25,1
3807.0,0
3807.25,1
3808.5,0
3809.0,1
3809.25,0
3825.25,1
3826.0,0
3826.25,1
3828.5,0
3828.75,1
3829.5,0
3830.0,1
3830.5,0
3830.75,1
3831.0,0
3831.25,1
3832.25,0
3832.5,1
3833.25,0
3833.5,1
3833.75,0
3838.25,1
3838.5,0
3894.0,1
3894.5,0
3896.25,1
3896.5,0
3897.0,1
3897.25,0
3897.5,1
3897.75,0
3898.0,1
3899.75,0
3900.0,1
3901.5,0
3901.75,1
3902.5,0
3903.25,1
3904.0,0
3904.5,1
3905.25,0
3905.5,1
3905.75,0
3920.75,1
3921.0,0
3921.25,1
3921.5,0
3921.75,1
3923.5,0
3924.25,1
3925.5,0
3925.75,1
3926.25,0
3926.5,1
3926.75,0
3927.0,1
3929.25,0
3929.75,1
3930.0,0
3945.25,1
3945.5,0
3945.75,1
3946.0,0
3946.25,1
3947.5,0
3947.75,1
3949.0,0
3949.25,1
3949.5,0
3950.0,1
3950.5,0
3951.0,1
3952.0,0
3952.5,1
3953.25,0
3957.25,1
3957.5,0
3967.25,1
3967.5,0
3967.75,1
3968.0,0
3969.25,1
3969.75,0
3970.25,1
3970.75,0
3971.0,1
3972.25,0
3972.75,1
3973.5,0
3973.75,1
3974.5,0
3975.0,1
3976.0,0
3976.25,1
3977.0,0
3981.0,1
3981.25,0
3990.25,1
3990.5,0
3991.0,1
3991.25,0
3993.25,1
3993.75,0
3994.0,1
3994.25,0
3994.5,1
3996.5,0
3997.0,1
3997.25,0
3997.5,1
3998.0,0
3998.25,1
3998.5,0
3998.75,1
3999.25,0
3999.5,1
4001.0,0
4001.5,1
4001.75,0
4063.25,1
4063.5,0
4063.75,1
4064.0,0
4064.5,1
4070.25,0
4070.5,1
4072.25,0
4072.5,1
4072.75,0
4073.25,1
4073.5,0
4077.25,1
4077.75,0
4088.5,1
4089.0,0
4089.25,1
4090.25,0
4090.5,1
4091.0,0
4091.25,1
4092.25,0
4092.5,1
4093.75,0
4094.25,1
4095.75,0
4096.0,1
4096.75,0
4097.5,1
4097.75,0
4112.0,1
4112.25,0
4113.0,1
4115.25,0
4115.5,1
4117.0,0
4117.5,1
4117.75,0
4118.0,1
4118.25,0
4118.5,1
4120.5,0
4120.75,1
4121.25,0
4134.25,1
4134.5,0
4135.0,1
4135.25,0
4135.5,1
4136.0,0
4136.75,1
4137.0,0
4137.75,1
4138.25,0
4138.5,1
4138.75,0
4139.0,1
4139.5,0
4139.75,1
4142.5,0
4142.75,1
4144.75,0
4147.5,1
4147.75,0
4149.5,1
4149.75,0
4160.75,1
4161.0,0
4161.25,1
4162.5,0
4163.0,1
4163.5,0
4163.75,1
4164.25,0
4164.5,1
4165.0,0
4165.25,1
4166.5,0
4166.75,1
4167.25,0
4167.75,1
4169.0,0
4172.25,1
4172.5,0
4232.25,1
4232.5,0
4232.75,1
4233.25,0
4233.5,1
4233.75,0
4234.5,1
4235.75,0
4236.0,1
4237.5,0
4237.75,1
4238.25,0
4238.5,1
4238.75,0
4239.0,1
4239.25,0
4239.5,1
4241.0,0
4245.25,1
4245.5,0
4257.0,1
4257.75,0
4258.75,1
4259.0,0
4259.25,1
4259.5,0
4259.75,1
4262.25,0
4262.75,1
4265.0,0
4268.75,1
4269.0,0
4270.75,1
4271.0,0
4278.25,1
4278.5,0
4280.5,1
4280.75,0
4281.0,1
4281.25,0
4281.5,1
4282.25,0
4282.5,1
4282.75,0
4283.0,1
4283.75,0
4284.0,1
4284.25,0
4284.5,1
4285.5,0
4285.75,1
4286.25,0
4286.5,1
4286.75,0
4287.0,1
4288.75,0
4290.0,1
4290.25,0
4293.5,1
4293.75,0
4302.25,1
4302.5,0
4303.0,1
4303.25,0
4305.0,1
4306.5,0
4306.75,1
4309.0,0
4309.25,1
4310.0,0
4310.25,1
4311.0,0
4311.25,1
4312.0,0
4312.25,1
4313.25,0
4327.75,1
4328.0,0
4329.25,1
4329.5,0
4329.75,1
4331.0,0
4331.25,1
4332.5,0
4332.75,1
4333.0,0
4333.5,1
4333.75,0
4334.0,1
4335.5,0
4335.75,1
4336.0,0
4336.25,1
4336.5,0
4337.0,1
4337.25,0
4400.25,1
4400.5,0
4401.0,1
4401.25,0
4401.75,1
4402.0,0
4402.25,1
4403.75,0
4404.0,1
4404.75,0
4405.0,1
4405.25,0
4405.5,1
4406.0,0
4406.25,1
4407.0,0
4407.25,1
4407.5,0
4408.0,1
4408.5,0
4409.0,1
4409.5,0
4413.0,1
4413.25,0
4445.75,1
4446.0,0
4447.25,1
4447.5,0
4447.75,1
4448.0,0
4448.75,1
4449.0,0
4449.25,1
4449.75,0
4450.0,1
4452.0,0
4452.75,1
4455.5,0
4455.75,1
4456.75,0
4457.0,1
4457.25,0
4460.25,1
4460.5,0
4469.5,1
4469.75,0
4472.75,1
4474.5,0
4474.75,1
4475.75,0
4476.25,1
4476.75,0
4477.0,1
4477.5,0
4477.75,1
4478.25,0
4478.5,1
4480.5,0
4480.75,1
4481.0,0
4494.75,1
4495.25,0
4496.25,1
4496.5,0
4497.25,1
4499.25,0
4499.5,1
4501.0,0
4501.25,1
4502.25,0
4502.5,1
4502.75,0
4503.0,1
4503.5,0
4503.75,1
4504.5,0
4504.75,1
4505.0,0
4508.75,1
4509.0,0
4568.5,1
4568.75,0
4569.25,1
4569.5,0
4570.0,1
4572.0,0
4572.25,1
4575.75,0
4576.0,1
4576.5,0
4576.75,1
4577.25,0
4581.5,1
4581.75,0
4592.25,1
4592.5,0
4593.0,1
4593.25,0
4593.5,1
4594.0,0
4594.25,1
4596.0,0
4596.5,1
4597.75,0
4598.0,1
4599.0,0
4599.25,1
4600.25,0
4600.5,1
4601.0,0
4605.25,1
4605.5,0
4617.5,1
4618.0,0
4618.25,1
4619.25,0
4619.5,1
4620.25,0
4621.0,1
4621.5,0
4621.75,1
4624.0,0
4624.5,1
4625.0,0
4625.25,1
4625.5,0
4638.0,1
4638.5,0
4640.0,1
4640.25,0
4640.75,1
4641.0,0
4641.25,1
4641.75,0
4642.0,1
4642.5,0
4643.0,1
4643.75,0
4644.5,1
4645.25,0
4645.5,1
4647.25,0
4647.5,1
4648.25,0
4649.75,1
4650.0,0
4662.0,1
4662.25,0
4664.5,1
4664.75,0
4665.25,1
4665.5,0
4665.75,1
4669.75,0
4670.0,1
4671.5,0
4672.0,1
4673.25,0
4678.0,1
4678.25,0
4736.75,1
4738.0,0
4738.25,1
4740.0,0
4740.25,1
4740.5,0
4740.75,1
4741.0,0
4741.5,1
4741.75,0
4742.5,1
4745.0,0
4761.0,1
4761.25,0
4761.5,1
4761.75,0
4762.5,1
4763.75,0
4764.0,1
4765.25,0
4765.5,1
4766.0,0
4766.75,1
4768.25,0
4768.5,1
4769.25,0
4782.25,1
4782.5,0
4785.25,1
4786.0,0
4786.25,1
4786.75,0
4787.0,1
4788.5,0
4788.75,1
4790.0,0
4790.5,1
4790.75,0
4791.0,1
4792.0,0
4792.25,1
4793.0,0
4797.75,1
4798.0,0
4807.25,1
4807.5,0
4808.5,1
4808.75,0
4809.0,1
4810.25,0
4810.75,1
4811.0,0
4811.25,1
4813.75,0
4814.0,1
4815.5,0
4815.75,1
4816.5,0
4816.75,1
4817.25,0
4829.75,1
4830.0,0
4832.0,1
4832.25,0
4832.5,1
4833.0,0
4833.25,1
4833.75,0
4834.0,1
4834.25,0
4834.5,1
4837.0,0
4837.25,1
4838.0,0
4838.25,1
4838.75,0
4839.25,1
4840.5,0
4840.75,1
4841.0,0
4844.75,1
4845.0,0
4845.25,1
4845.5,0
4902.5,1
4902.75,0
4903.25,1
4903.5,0
4904.0,1
4904.5,0
4905.0,1
4907.25,0
4907.5,1
4908.75,0
4909.0,1
4910.25,0
4911.0,1
4912.25,0
4912.5,1
4913.5,0
4927.0,1
4927.25,0
4928.0,1
4928.25,0
4929.0,1
4935.5,0
4935.75,1
4936.25,0
4936.5,1
4937.25,0
4942.25,1
4942.5,0
4951.0,1
4951.5,0
4951.75,1
4952.0,0
4953.0,1
4956.0,0
4956.25,1
4960.0,0
4960.25,1
4961.25,0
4976.5,1
4976.75,0
4977.25,1
4977.5,0
4977.75,1
4979.75,0
4980.0,1
4981.25,0
4981.5,1
4983.0,0
4983.5,1
4984.5,0
4984.75,1
4985.0,0
4990.0,1
4990.25,0
4999.25,1
4999.5,0
5000.0,1
5000.25,0
5001.25,1
5004.75,0
5005.25,1
5006.25,0
5006.5,1
5006.75,0
5007.0,1
5008.0,0
5008.25,1
5009.25,0
5013.25,1
5013.5,0
5071.25,1
5071.75,0
5073.0,1
5073.75,0
5074.0,1
5074.25,0
5074.5,1
5076.25,0
5076.75,1
5077.5,0
5077.75,1
5079.25,0
5079.5,1
5081.0,0
5081.25,1
5081.5,0
5097.0,1
5100.5,0
5100.75,1
5101.0,0
5101.25,1
5102.75,0
5103.0,1
5104.5,0
5105.0,1
5105.25,0
5105.5,1
5105.75,0
5120.75,1
5122.5,0
5122.75,1
5123.0,0
5123.5,1
5125.0,0
5125.25,1
5125.75,0
5126.5,1
5128.25,0
5128.5,1
5129.0,0
5143.0,1
5143.25,0
5144.75,1
5145.5,0
5145.75,1
5148.0,0
5148.5,1
5149.0,0
5149.25,1
5149.75,0
5150.0,1
5151.25,0
5151.5,1
5152.0,0
5152.25,1
5152.5,0
5152.75,1
5153.25,0
5167.0,1
5167.25,0
5168.0,1
5168.25,0
5169.25,1
5173.0,0
5173.25,1
5174.0,0
5174.25,1
5175.5,0
5175.75,1
5176.0,0
5176.25,1
5176.75,0
5177.25,1
5177.75,0
5180.5,1
5180.75,0
5181.0,1
5181.25,0
5239.0,1
5239.25,0
5239.75,1
5240.0,0
5241.0,1
5242.25,0
5242.5,1
5242.75,0
5243.25,1
5244.5,0
5244.75,1
5245.75,0
5246.0,1
5246.75,0
5247.0,1
5248.25,0
5248.75,1
5249.0,0
5263.5,1
5263.75,0
5264.25,1
5264.5,0
5265.25,1
5267.0,0
5267.25,1
5267.5,0
5268.25,1
5268.5,0
5269.25,1
5269.75,0
5270.0,1
5270.25,0
5270.5,1
5272.25,0
5272.5,1
5273.0,0
5273.5,1
5273.75,0
5277.0,1
5277.5,0
5288.5,1
5289.0,0
5289.25,1
5289.5,0
5289.75,1
5290.0,0
5290.25,1
5290.75,0
5291.0,1
5291.25,0
5291.5,1
5296.25,0
5296.5,1
5297.0,0
5297.25,1
5297.5,0
5313.25,1
5313.5,0
5313.75,1
5316.0,0
5316.25,1
5316.5,0
5316.75,1
5317.0,0
5317.5,1
5317.75,0
5318.0,1
5318.75,0
5319.0,1
5320.5,0
5320.75,1
5321.25,0
5335.0,1
5335.25,0
5335.5,1
5335.75,0
5336.5,1
5336.75,0
5337.75,1
5338.5,0
5338.75,1
5339.25,0
5339.75,1
5340.5,0
5341.0,1
5341.25,0
5341.5,1
5343.0,0
5343.25,1
5345.0,0
5348.25,1
5348.5,0
5406.0,1
5406.25,0
5408.25,1
5408.75,0
5409.5,1
5410.0,0
5410.5,1
5411.25,0
5411.5,1
5412.0,0
5412.25,1
5413.5,0
5413.75,1
5414.5,0
5415.0,1
5416.5,0
5416.75,1
5417.0,0
5417.5,1
5418.0,0
5422.25,1
5422.5,0
5430.25,1
5430.5,0
5432.0,1
5432.25,0
5432.75,1
5433.0,0
5433.75,1
5436.25,0
5436.5,1
5437.75,0
5438.0,1
5438.25,0
5439.0,1
5439.25,0
5439.5,1
5439.75,0
5440.0,1
5440.5,0
5440.75,1
5441.0,0
5441.25,1
5441.75,0
5453.75,1
5454.0,0
5456.0,1
5456.25,0
5457.0,1
5458.0,0
5458.25,1
5459.0,0
5459.25,1
5460.0,0
5460.25,1
5461.5,0
5462.0,1
5462.75,0
5463.25,1
5463.5,0
5464.25,1
5464.5,0
5464.75,1
5465.25,0
5478.5,1
5479.0,0
5480.75,1
5483.5,0
5483.75,1
5485.25,0
5485.5,1
5485.75,0
5486.25,1
5487.75,0
5488.0,1
5489.25,0
5490.25,1
5490.5,0
5502.0,1
5502.25,0
5502.5,1
5502.75,0
5503.25,1
5503.5,0
5504.0,1
5504.5,0
5505.0,1
5507.75,0
5508.0,1
5509.25,0
5509.75,1
5512.25,0
5512.5,1
5512.75,0
5576.5,1
5577.0,0
5577.25,1
5577.75,0
5578.0,1
5580.25,0
5580.5,1
5580.75,0
5581.25,1
5581.75,0
5582.25,1
5582.75,0
5583.25,1
5583.75,0
5584.0,1
5585.25,0
5585.5,1
5585.75,0
5600.0,1
5600.25,0
5600.5,1
5601.5,0
5602.0,1
5603.25,0
5603.5,1
5604.75,0
5605.0,1
5606.25,0
5606.5,1
5608.75,0
5609.0,1
5609.25,0
5623.0,1
5623.5,0
5623.75,1
5624.0,0
5624.75,1
5625.0,0
5625.25,1
5629.25,0
5629.75,1
5630.25,0
5630.5,1
5631.0,0
5631.25,1
5632.75,0
5637.0,1
5637.25,0
5645.75,1
5646.0,0
5646.75,1
5647.0,0
5649.5,1
5651.75,0
5652.0,1
5652.25,0
5652.5,1
5653.5,0
5653.75,1
5654.5,0
5654.75,1
5657.0,0
5657.25,1
5657.5,0
5659.25,1
5659.5,0
5660.5,1
5660.75,0
5672.75,1
5673.25,0
5673.5,1
5673.75,0
5674.5,1
5674.75,0
5675.0,1
5675.5,0
5676.5,1
5679.25,0
5679.75,1
5680.75,0
5741.75,1
5742.0,0
5744.25,1
5744.75,0
5745.0,1
5745.5,0
5745.75,1
5751.0,0
5751.25,1
5751.5,0
5751.75,1
5753.0,0
5753.25,1
5753.5,0
5757.25,1
5757.5,0
5758.25,1
5758.5,0
5768.25,1
5768.5,0
5769.5,1
5770.75,0
5771.0,1
5772.25,0
5772.5,1
5774.0,0
5774.5,1
5775.25,0
5775.5,1
5776.5,0
5779.75,1
5780.0,0
5790.5,1
5790.75,0
5792.5,1
5792.75,0
5793.75,1
5794.0,0
5794.25,1
5796.75,0
5797.0,1
5797.25,0
5797.5,1
5798.0,0
5798.25,1
5798.5,0
5798.75,1
5800.5,0
5800.75,1
5801.0,0
5805.0,1
5805.75,0
5813.5,1
5814.0,0
5816.5,1
5817.5,0
5817.75,1
5821.0,0
5821.25,1
5823.75,0
5824.25,1
5825.5,0
5840.5,1
5840.75,0
5841.25,1
5841.5,0
5841.75,1
5845.0,0
5845.25,1
5847.25,0
5847.5,1
5849.25,0
5851.75,1
5852.0,0
5852.25,1
5852.5,0
5905.0,1
5905.25,0
5910.0,1
5910.25,0
5913.25,1
5914.0,0
5914.25,1
5914.5,0
5914.75,1
5915.75,0
5916.0,1
5916.25,0
5916.5,1
5916.75,0
5917.0,1
5917.75,0
5918.25,1
5918.75,0
5919.0,1
5920.75,0
5921.0,1
5921.25,0
5923.75,1
5924.0,0
5958.5,1
5959.0,0
5961.0,1
5961.5,0
5961.75,1
5963.25,0
5964.0,1
5965.0,0
5965.25,1
5965.75,0
5966.0,1
5967.0,0
5967.25,1
5968.75,0
5969.0,1
5969.25,0
5974.25,1
5974.5,0
5983.5,1
5983.75,0
5985.0,1
5986.0,0
5986.5,1
5987.25,0
5987.5,1
5987.75,0
5988.0,1
5988.75,0
5989.0,1
5989.5,0
5989.75,1
5990.0,0
5990.25,1
5990.75,0
5991.0,1
5991.75,0
5992.25,1
5992.5,0
5992.75,1
5993.25,0
5993.75,1
5994.0,0
5995.75,1
5996.0,0
6009.0,1
6010.25,0
6010.5,1
6010.75,0
6011.0,1
6012.25,0
6012.5,1
6013.25,0
6013.5,1
6013.75,0
6014.25,1
6017.25,0
6020.0,1
6020.25,0
6080.25,1
6080.75,0
6081.0,1
6083.0,0
6083.25,1
6083.5,0
6083.75,1
6084.0,0
6084.25,1
6084.75,0
6085.0,1
6085.75,0
6086.0,1
6087.25,0
6087.5,1
6088.25,0
6088.75,1
6089.5,0
6102.5,1
6102.75,0
6104.0,1
6104.25,0
6104.5,1
6104.75,0
6105.0,1
6105.5,0
6105.75,1
6106.25,0
6106.5,1
6109.75,0
6110.0,1
6111.0,0
6111.5,1
6112.75,0
6126.0,1
6126.25,0
6127.5,1
6128.0,0
6128.5,1
6128.75,0
6129.5,1
6132.75,0
6133.0,1
6133.25,0
6133.5,1
6134.0,0
6134.5,1
6135.5,0
6135.75,1
6137.25,0
6140.25,1
6140.5,0
6151.25,1
6151.5,0
6153.0,1
6155.0,0
6155.25,1
6155.5,0
6155.75,1
6156.0,0
6156.25,1
6157.25,0
6157.5,1
6158.0,0
6158.25,1
6159.25,0
6159.75,1
6160.5,0
6160.75,1
6161.0,0
6174.75,1
6175.0,0
6177.25,1
6177.5,0
6177.75,1
6178.25,0
6178.75,1
6179.75,0
6180.0,1
6181.5,0
6181.75,1
6183.5,0
6183.75,1
6184.0,0
6184.25,1
6185.0,0
6188.75,1
6189.0,0
6247.0,1
6247.25,0
6248.5,1
6248.75,0
6249.0,1
6249.5,0
6249.75,1
6251.5,0
6251.75,1
6252.75,0
6253.0,1
6253.25,0
6253.75,1
6254.0,0
6254.25,1
6257.5,0
6273.0,1
6273.25,0
6273.5,1
6275.0,0
6275.25,1
6275.75,0
6276.75,1
6277.5,0
6277.75,1
6278.25,0
6278.5,1
6281.0,0
6294.25,1
6294.5,0
6296.5,1
6296.75,0
6297.25,1
6298.75,0
6299.75,1
6301.5,0
6301.75,1
6302.0,0
6302.25,1
6302.5,0
6303.0,1
6304.25,0
6304.5,1
6304.75,0
6305.0,1
6305.25,0
6318.75,1
6319.25,0
6321.0,1
6324.75,0
6325.0,1
6326.5,0
6327.0,1
6327.25,0
6327.5,1
6328.25,0
6328.5,1
6329.25,0
6344.0,1
6344.25,0
6344.75,1
6345.0,0
6345.5,1
6346.0,0
6346.25,1
6347.5,0
6347.75,1
6348.25,0
6348.75,1
6349.25,0
6349.5,1
6350.0,0
6350.25,1
6351.0,0
6351.25,1
6352.75,0
6353.0,1
6353.25,0
6356.5,1
6356.75,0
6417.0,1
6418.0,0
6418.25,1
6418.75,0
6419.0,1
6419.25,0
6419.5,1
6420.0,0
6420.25,1
6421.0,0
6421.25,1
6421.75,0
6422.0,1
6423.0,0
6423.5,1
6424.0,0
6424.25,1
6425.0,0
6425.5,1
6425.75,0
6429.25,1
6429.75,0
6438.25,1
6438.5,0
6439.5,1
6439.75,0
6441.0,1
6442.25,0
6442.5,1
6442.75,0
6443.0,1
6444.0,0
6444.25,1
6444.75,0
6445.0,1
6447.0,0
6447.25,1
6447.75,0
6448.0,1
6448.25,0
6448.5,1
6449.0,0
6449.25,1
6449.5,0
6463.5,1
6464.0,0
6464.5,1
6464.75,0
6465.25,1
6466.5,0
6466.75,1
6467.25,0
6467.5,1
6468.0,0
6468.5,1
6468.75,0
6469.0,1
6469.5,0
6470.0,1
6470.5,0
6470.75,1
6471.25,0
6471.5,1
6472.75,0
6473.0,1
6473.25,0
6478.0,1
6478.25,0
6486.75,1
6487.0,0
6487.25,1
6487.5,0
6488.5,1
6489.5,0
6490.25,1
6490.5,0
6491.0,1
6493.25,0
6493.5,1
6496.75,0
6497.0,1
6497.25,0
6497.75,1
6498.0,0
6502.0,1
6502.25,0
6510.25,1
6510.5,0
6511.5,1
6511.75,0
6512.0,1
6512.5,0
6513.25,1
6514.5,0
6514.75,1
6515.5,0
6515.75,1
6516.0,0
6516.25,1
6516.75,0
6517.0,1
6517.5,0
6517.75,1
6520.5,0
6520.75,1
6521.0,0
6524.5,1
6524.75,0
6584.0,1
6584.25,0
6585.25,1
6586.25,0
6586.5,1
6588.5,0
6588.75,1
6589.5,0
6589.75,1
6591.5,0
6591.75,1
6593.5,0
6609.0,1
6609.25,0
6609.5,1
6611.25,0
6611.75,1
6612.0,0
6612.5,1
6612.75,0
6613.0,1
6614.0,0
6614.25,1
6615.5,0
6615.75,1
6617.0,0
6630.5,1
6630.75,0
6633.5,1
6634.25,0
6634.5,1
6637.5,0
6638.0,1
6638.75,0
6639.0,1
6639.25,0
6639.5,1
6639.75,0
6640.0,1
6641.5,0
6642.0,1
6642.25,0
6656.75,1
6657.25,0
6657.5,1
6660.25,0
6661.0,1
6661.25,0
6661.5,1
6661.75,0
6662.0,1
6662.5,0
6662.75,1
6663.75,0
6664.0,1
6665.0,0
6665.25,1
6665.5,0
6668.0,1
6668.25,0
6678.75,1
6679.25,0
6680.25,1
6680.5,0
6681.5,1
6682.0,0
6682.25,1
6682.5,0
6683.0,1
6683.5,0
6683.75,1
6684.0,0
6684.25,1
6685.5,0
6685.75,1
6689.0,0
6689.25,1
6689.5,0
6751.0,1
6751.25,0
6751.5,1
6752.0,0
6752.75,1
6753.0,0
6753.25,1
6754.75,0
6755.0,1
6755.75,0
6756.0,1
6756.5,0
6756.75,1
6757.75,0
6758.0,1
6759.5,0
6759.75,1
6760.25,0
6760.5,1
6760.75,0
6761.0,1
6761.25,0
6800.75,1
6802.25,0
6802.5,1
6803.75,0
6804.0,1
6804.5,0
6804.75,1
6805.5,0
6805.75,1
6806.0,0
6806.25,1
6808.75,0
6809.25,1
6809.5,0
6822.0,1
6822.25,0
6822.75,1
6823.0,0
6823.75,1
6824.0,0
6824.75,1
6825.0,0
6825.25,1
6828.25,0
6828.5,1
6829.0,0
6829.5,1
6830.5,0
6830.75,1
6831.0,0
6831.25,1
6832.5,0
6832.75,1
6833.0,0
6836.25,1
6836.5,0
6848.75,1
6849.0,0
6849.25,1
6849.5,0
6849.75,1
6851.75,0
6852.0,1
6852.5,0
6852.75,1
6853.75,0
6854.0,1
6854.25,0
6854.5,1
6854.75,0
6855.0,1
6856.25,0
6857.25,1
6857.5,0
6861.25,1
6861.5,0
6917.75,1
6918.0,0
6918.25,1
6918.5,0
6921.0,1
6921.25,0
6921.5,1
6923.0,0
6923.5,1
6924.0,0
6924.25,1
6925.0,0
6925.25,1
6925.5,0
6926.0,1
6928.0,0
6928.25,1
6928.5,0
6928.75,1
6929.25,0
6929.75,1
6930.0,0
6943.0,1
6943.25,0
6943.75,1
6944.0,0
6944.5,1
6944.75,0
6945.25,1
6945.75,0
6946.0,1
6946.75,0
6947.0,1
6947.75,0
6948.0,1
6949.25,0
6949.5,1
6950.5,0
6950.75,1
6951.5,0
6951.75,1
6953.25,0
6958.0,1
6958.25,0
6967.75,1
6968.0,0
6969.0,1
6970.0,0
6970.25,1
6971.0,0
6971.25,1
6972.0,0
6972.25,1
6972.5,0
6973.25,1
6973.5,0
6973.75,1
6974.25,0
6975.25,1
6976.5,0
6976.75,1
6977.0,0
6977.25,1
6977.5,0
6992.25,1
6992.5,0
6993.0,1
6993.75,0
6994.0,1
6994.75,0
6995.0,1
6995.5,0
6995.75,1
6997.0,0
6997.25,1
7000.25,0
7000.75,1
7001.0,0
7003.5,1
7003.75,0
7004.0,1
7004.25,0
7014.0,1
7014.25,0
7014.5,1
7014.75,0
7015.75,1
7016.0,0
7016.25,1
7016.5,0
7017.25,1
7017.75,0
7018.0,1
7018.25,0
7018.5,1
7019.5,0
7019.75,1
7020.25,0
7020.5,1
7021.75,0
7022.0,1
7023.25,0
7023.75,1
7024.0,0
7024.25,1
7025.5,0
7028.75,1
7029.0,0
7088.75,1
7089.0,0
7089.25,1
7090.75,0
7091.0,1
7092.25,0
7092.75,1
7093.0,0
7093.25,1
7094.25,0
7094.75,1
7095.0,0
7095.25,1
7095.75,0
7096.0,1
7096.25,0
7096.75,1
7097.5,0
7110.5,1
7110.75,0
7113.25,1
7116.0,0
7116.25,1
7118.25,0
7118.5,1
7118.75,0
7119.0,1
7119.25,0
7119.75,1
7121.5,0
7137.0,1
7138.25,0
7138.5,1
7139.0,0
7139.25,1
7140.5,0
7140.75,1
7141.25,0
7142.25,1
7142.5,0
7142.75,1
7143.25,0
7143.5,1
7143.75,0
7144.0,1
7144.75,0
7145.0,1
7145.25,0
7159.75,1
7160.0,0
7160.5,1
7160.75,0
7161.0,1
7161.25,0
7161.5,1
7162.0,0
7162.25,1
7163.75,0
7164.5,1
7165.0,0
7165.25,1
7165.5,0
7166.0,1
7167.25,0
7167.5,1
7169.75,0
7172.75,1
7173.0,0
7184.75,1
7185.5,0
7185.75,1
7186.75,0
7187.0,1
7189.25,0
7190.0,1
7192.0,0
7192.25,1
7193.5,0
7196.5,1
7196.75,0
7254.75,1
7255.0,0
7255.5,1
7255.75,0
7256.0,1
7256.25,0
7257.0,1
7257.25,0
7257.5,1
7258.25,0
7259.0,1
7259.5,0
7259.75,1
7260.25,0
7260.5,1
7262.25,0
7262.5,1
7264.25,0
7264.75,1
7265.0,0
7265.25,1
7265.75,0
7268.0,1
7268.25,0
7269.5,1
7270.0,0
7279.75,1
7280.0,0
7280.25,1
7280.75,0
7281.0,1
7281.75,0
7282.25,1
7283.0,0
7283.25,1
7284.25,0
7284.5,1
7285.5,0
7285.75,1
7286.25,0
7286.5,1
7287.5,0
7287.75,1
7288.25,0
7288.75,1
7289.25,0
7293.75,1
7294.0,0
7305.5,1
7306.75,0
7307.0,1
7308.0,0
7308.25,1
7309.0,0
7309.25,1
7312.0,0
7312.5,1
7312.75,0
7327.25,1
7327.5,0
7329.0,1
7329.25,0
7329.5,1
7330.0,0
7330.5,1
7334.5,0
7334.75,1
7336.25,0
7336.5,1
7336.75,0
7337.0,1
7337.25,0
7340.75,1
7341.0,0
7342.75,1
7343.0,0
7351.0,1
7351.25,0
7353.5,1
7356.5,0
7356.75,1
7357.25,0
7357.5,1
7360.5,0
7361.25,1
7361.5,0
7364.75,1
7365.0,0
7422.75,1
7423.0,0
7425.0,1
7425.5,0
7425.75,1
7426.5,0
7426.75,1
7428.25,0
7428.5,1
7428.75,0
7429.0,1
7430.25,0
7430.5,1
7431.0,0
7431.25,1
7432.25,0
7432.5,1
7432.75,0
7449.0,1
7450.75,0
7451.25,1
7451.5,0
7451.75,1
7453.5,0
7453.75,1
7454.5,0
7454.75,1
7456.0,0
7456.25,1
7457.25,0
7470.25,1
7470.5,0
7473.25,1
7473.5,0
7474.0,1
7475.25,0
7475.5,1
7478.5,0
7478.75,1
7480.5,0
7480.75,1
7481.25,0
7494.5,1
7494.75,0
7497.0,1
7498.25,0
7498.75,1
7499.25,0
7499.5,1
7502.0,0
7502.25,1
7505.25,0
7508.5,1
7508.75,0
7510.25,1
7510.5,0
7518.0,1
7518.25,0
7518.75,1
7519.0,0
7519.75,1
7520.0,0
7520.5,1
7520.75,0
7521.0,1
7521.25,0
7521.5,1
7521.75,0
7522.0,1
7525.5,0
7526.0,1
7526.5,0
7526.75,1
7528.0,0
7528.5,1
7529.0,0
7529.5,1
7529.75,0
7531.5,1
7531.75,0
7532.5,1
7532.75,0
7533.75,1
7534.0,0
7534.25,1
7534.5,0
7592.5,1
7592.75,0
7593.25,1
7594.0,0
7594.25,1
7595.75,0
7596.5,1
7598.0,0
7598.25,1
7600.75,0
7601.25,1
7601.75,0
7615.75,1
7616.0,0
7616.25,1
7616.75,0
7617.0,1
7620.5,0
7620.75,1
7621.75,0
7622.0,1
7623.0,0
7623.25,1
7624.5,0
7624.75,1
7625.25,0
7641.75,1
7642.75,0
7643.0,1
7643.5,0
7643.75,1
7645.5,0
7646.25,1
7649.0,0
7653.0,1
7653.25,0
7665.25,1
7666.0,0
7666.25,1
7669.0,0
7669.25,1
7670.0,0
7670.25,1
7670.75,0
7671.0,1
7671.75,0
7672.0,1
7672.5,0
7673.0,1
7673.25,0
7676.75,1
7677.0,0
7689.5,1
7690.75,0
7691.0,1
7692.75,0
7693.25,1
7694.75,0
7695.0,1
7695.25,0
7695.5,1
7696.75,0
7697.0,1
7697.5,0
7702.25,1
7702.5,0
7759.0,1
7759.25,0
7761.0,1
7762.5,0
7762.75,1
7764.0,0
7764.5,1
7764.75,0
7765.0,1
7765.5,0
7765.75,1
7766.25,0
7766.5,1
7766.75,0
7767.0,1
7767.5,0
7767.75,1
7768.0,0
7768.5,1
7769.0,0
7772.0,1
7772.25,0
7784.25,1
7784.5,0
7785.25,1
7785.75,0
7786.25,1
7786.75,0
7787.25,1
7787.75,0
7788.0,1
7791.0,0
7791.25,1
7791.5,0
7791.75,1
7793.0,0
7805.75,1
7806.0,0
7808.5,1
7808.75,0
7809.25,1
7810.75,0
7811.0,1
7812.5,0
7812.75,1
7813.75,0
7814.0,1
7814.25,0
7814.5,1
7816.0,0
7816.75,1
7817.0,0
7817.25,1
7817.5,0
7832.25,1
7832.5,0
7833.25,1
7833.75,0
7834.0,1
7835.25,0
7835.5,1
7836.5,0
7837.0,1
7837.5,0
7838.5,1
7840.25,0
7840.5,1
7841.25,0
7926.5,1
7926.75,0
7928.5,1
7929.25,0
7929.5,1
7931.5,0
7932.0,1
7932.25,0
7932.5,1
7934.75,0
7935.0,1
7935.25,0
7935.5,1
7936.75,0
7937.0,1
7937.25,0
7949.75,1
7950.25,0
7951.0,1
7951.25,0
7952.75,1
7953.0,0
7953.25,1
7953.5,0
7953.75,1
7955.0,0
7955.5,1
7957.5,0
7958.75,1
7961.25,0
7974.0,1
7974.25,0
7976.75,1
7979.0,0
7979.25,1
7979.5,0
7979.75,1
7980.25,0
7980.75,1
7982.5,0
7982.75,1
7983.25,0
7983.75,1
7984.5,0
7984.75,1
7985.25,0
8000.75,1
8001.0,0
8001.25,1
8005.25,0
8005.5,1
8006.25,0
8006.5,1
8008.0,0
8008.25,1
8008.75,0
8009.0,1
8009.5,0
8013.5,1
8013.75,0
8025.0,1
8025.25,0
8025.5,1
8028.0,0
8028.25,1
8029.5,0
8029.75,1
8030.5,0
8030.75,1
8031.75,0
8032.0,1
8032.25,0
8032.5,1
8033.25,0
8097.0,1
8097.25,0
8097.5,1
8098.25,0
8098.5,1
8100.5,0
8101.25,1
8102.25,0
8102.5,1
8104.5,0
8104.75,1
8105.25,0
8108.0,1
8108.25,0
8117.75,1
8118.25,0
8118.75,1
8119.0,0
8121.5,1
8122.25,0
8122.5,1
8123.75,0
8124.0,1
8126.0,0
8126.25,1
8126.75,0
8127.0,1
8129.25,0
8129.5,1
8129.75,0
8144.25,1
8144.5,0
8145.25,1
8145.5,0
8145.75,1
8146.5,0
8146.75,1
8148.75,0
8149.0,1
8150.0,0
8150.5,1
8151.0,0
8151.25,1
8151.75,0
8152.0,1
8152.25,0
8152.5,1
8152.75,0
8153.0,1
8153.25,0
8167.25,1
8167.5,0
8168.25,1
8168.5,0
8169.25,1
8169.5,0
8169.75,1
8170.0,0
8170.5,1
8171.0,0
8171.25,1
8172.0,0
8172.25,1
8173.25,0
8173.5,1
8173.75,0
8174.0,1
8176.0,0
8176.25,1
8177.0,0
8177.25,1
8177.5,0
8181.0,1
8181.25,0
8193.0,1
8193.25,0
8193.5,1
8194.25,0
8194.75,1
8195.5,0
8195.75,1
8196.0,0
8196.5,1
8197.75,0
8198.75,1
8199.5,0
8199.75,1
8200.25,0
8200.75,1
8201.25,0
8201.5,1
8201.75,0
8261.0,1
8261.25,0
8262.0,1
8262.25,0
8264.25,1
8269.75,0
8270.0,1
8270.75,0
8271.0,1
8271.75,0
8272.0,1
8272.25,0
8272.5,1
8273.0,0
8275.75,1
8276.0,0
8288.25,1
8288.5,0
8289.5,1
8292.5,0
8292.75,1
8293.5,0
8294.0,1
8295.5,0
8296.25,1
8296.5,0
8296.75,1
8297.25,0
8311.75,1
8312.0,0
8312.75,1
8314.5,0
8314.75,1
8316.25,0
8316.5,1
8317.0,0
8317.5,1
8318.25,0
8318.5,1
8319.0,0
8319.25,1
8321.0,0
8334.5,1
8335.0,0
8335.5,1
8335.75,0
8337.0,1
8341.0,0
8341.25,1
8341.5,0
8342.0,1
8342.75,0
8343.0,1
8343.25,0
8343.5,1
8344.5,0
8344.75,1
8345.25,0
8350.5,1
8350.75,0
8358.75,1
8359.0,0
8360.25,1
8360.5,0
8361.25,1
8361.5,0
8361.75,1
8362.5,0
8362.75,1
8363.0,0
8363.25,1
8363.75,0
8364.0,1
8366.0,0
8366.25,1
8366.75,0
8367.0,1
8369.25,0
8373.25,1
8373.75,0
8433.0,1
8433.25,0
8433.5,1
8434.5,0
8434.75,1
8435.5,0
8435.75,1
8436.25,0
8436.5,1
8437.0,0
8437.25,1
8437.75,0
8438.25,1
8439.0,0
8439.25,1
8439.5,0
8439.75,1
8441.0,0
8457.0,1
8457.25,0
8457.5,1
8458.25,0
8458.5,1
8458.75,0
8459.0,1
8460.25,0
8460.5,1
8461.25,0
8461.5,1
8464.5,0
8464.75,1
8465.25,0
8469.5,1
8469.75,0
8477.75,1
8478.0,0
8480.0,1
8480.5,0
8481.0,1
8481.25,0
8481.75,1
8482.5,0
8482.75,1
8483.5,0
8483.75,1
8484.25,0
8484.5,1
8485.25,0
8485.5,1
8486.5,0
8486.75,1
8487.0,0
8487.25,1
8488.75,0
8503.0,1
8503.25,0
8504.25,1
8504.5,0
8505.5,1
8506.75,0
8507.0,1
8507.75,0
8508.0,1
8510.0,0
8510.25,1
8510.75,0
8511.0,1
8511.75,0
8512.0,1
8513.25,0
8528.0,1
8528.25,0
8528.75,1
8529.0,0
8529.25,1
8531.5,0
8531.75,1
8532.25,0
8532.5,1
8535.25,0
8535.5,1
8536.5,0
8536.75,1
8537.25,0
8624.0,1
8624.25,0
8624.5,1
8625.0,0
8625.5,1
8625.75,0
8626.0,1
8632.0,0
8632.25,1
8633.0,0
8637.5,1
8637.75,0
8647.25,1
8647.5,0
8647.75,1
8648.0,0
8649.0,1
8649.75,0
8650.25,1
8652.5,0
8652.75,1
8653.25,0
8654.25,1
8655.5,0
8655.75,1
8656.0,0
8656.25,1
8656.5,0
8656.75,1
8657.0,0
8661.25,1
8661.5,0
8672.25,1
8672.5,0
8673.25,1
8673.5,0
8673.75,1
8674.5,0
8674.75,1
8676.5,0
8676.75,1
8678.5,0
8678.75,1
8680.0,0
8680.25,1
8680.75,0
8684.5,1
8684.75,0
8694.75,1
8695.0,0
8695.5,1
8695.75,0
8696.5,1
8697.0,0
8697.25,1
8697.5,0
8697.75,1
8698.5,0
8699.0,1
8699.25,0
8699.5,1
8703.25,0
8704.25,1
8705.0,0
8705.5,1
8705.75,0

float Room-229A (1175,2)
0.0,0
32.5,1
41.5,0
46.5,1
46.75,0
54.75,1
55.0,0
56.0,1
65.75,0
68.25,1
68.5,0
80.25,1
90.0,0
102.5,1
102.75,0
104.0,1
113.75,0
115.75,1
116.0,0
127.75,1
137.75,0
138.25,1
138.5,0
140.5,1
140.75,0
142.0,1
142.25,0
199.75,1
209.25,0
213.25,1
213.5,0
223.0,1
223.25,0
224.25,1
233.5,0
248.5,1
257.5,0
260.75,1
261.0,0
271.75,1
272.0,0
272.25,1
281.25,0
284.75,1
285.0,0
293.75,1
294.0,0
295.25,1
295.5,0
296.5,1
305.75,0
307.75,1
308.0,0
308.5,1
308.75,0
367.75,1
368.25,0
368.5,1
378.0,0
390.75,1
391.0,0
392.0,1
401.75,0
440.25,1
450.0,0
463.25,1
463.5,0
464.25,1
464.5,0
464.75,1
473.5,0
536.25,1
536.5,0
537.0,1
545.75,0
548.75,1
549.0,0
549.25,1
549.5,0
560.0,1
569.5,0
584.5,1
594.0,0
606.75,1
607.25,0
608.5,1
617.75,0
620.75,1
621.0,0
632.25,1
642.0,0
704.75,1
713.75,0
728.25,1
737.75,0
752.25,1
761.5,0
775.5,1
775.75,0
776.0,1
785.5,0
798.25,1
798.5,0
800.5,1
809.75,0
871.75,1
872.0,0
872.25,1
872.5,0
872.75,1
882.0,0
894.5,1
894.75,0
895.25,1
895.5,0
896.5,1
906.25,0
920.0,1
929.25,0
929.5,1
930.0,0
932.25,1
932.5,0
944.0,1
953.75,0
956.5,1
956.75,0
968.25,1
977.5,0
1038.25,1
1038.5,0
1040.25,1
1049.75,0
1052.0,1
1052.25,0
1064.5,1
1073.25,0
1073.5,1
1073.75,0
1112.25,1
1121.75,0
1122.0,1
1122.25,0
1123.75,1
1124.0,0
1134.5,1
1134.75,0
1136.25,1
1145.75,0
1149.75,1
1150.0,0
1208.0,1
1217.5,0
1232.5,1
1232.75,0
1233.0,1
1241.75,0
1243.75,1
1244.0,0
1244.5,1
1244.75,0
1254.0,1
1254.25,0
1256.0,1
1266.25,0
1267.5,1
1267.75,0
1268.25,1
1268.5,0
1278.25,1
1278.5,0
1279.5,1
1289.75,0
1290.5,1
1290.75,0
1304.25,1
1314.5,0
1376.25,1
1385.25,0
1385.5,1
1386.25,0
1398.25,1
1398.5,0
1400.0,1
1409.75,0
1413.25,1
1413.5,0
1424.25,1
1433.75,0
1436.0,1
1436.25,0
1447.25,1
1447.75,0
1448.5,1
1457.75,0
1472.0,1
1481.5,0
1486.5,1
1486.75,0
1544.0,1
1544.5,0
1544.75,1
1553.5,0
1558.5,1
1558.75,0
1568.5,1
1577.75,0
1592.25,1
1602.0,0
1603.5,1
1603.75,0
1615.0,1
1615.25,0
1616.25,1
1625.75,0
1639.75,1
1640.25,0
1640.75,1
1649.75,0
1712.0,1
1721.25,0
1721.5,1
1721.75,0
1736.25,1
1746.0,0
1758.0,1
1758.5,0
1760.75,1
1769.75,0
1784.25,1
1794.25,0
1797.25,1
1797.5,0
1808.0,1
1817.75,0
1820.0,1
1820.25,0
1879.5,1
1880.25,0
1880.5,1
1890.0,0
1903.75,1
1904.5,0
1904.75,1
1914.0,0
1926.5,1
1926.75,0
1928.25,1
1938.0,0
1950.0,1
1950.25,0
1952.0,1
1961.75,0
1964.75,1
1965.0,0
1976.75,1
1986.5,0
1989.75,1
1990.0,0
1990.25,1
1990.5,0
2048.25,1
2057.75,0
2060.75,1
2061.0,0
2071.75,1
2072.0,0
2072.5,1
2082.0,0
2083.5,1
2083.75,0
2096.25,1
2105.25,0
2105.75,1
2106.0,0
2108.0,1
2108.25,0
2117.75,1
2118.0,0
2119.75,1
2129.5,0
2144.25,1
2153.75,0
2154.0,1
2154.25,0
2155.75,1
2156.0,0
2213.5,1
2213.75,0
2216.25,1
2225.5,0
2225.75,1
2226.0,0
2240.5,1
2250.0,0
2264.25,1
2264.5,0
2264.75,1
2273.75,0
2288.25,1
2298.0,0
2300.75,1
2301.0,0
2310.25,1
2310.5,0
2312.5,1
2312.75,0
2313.0,1
2321.75,0
2384.25,1
2394.0,0
2405.25,1
2405.5,0
2407.5,1
2408.25,0
2408.5,1
2417.75,0
2431.75,1
2432.0,0
2432.75,1
2442.5,0
2456.5,1
2466.0,0
2469.75,1
2470.0,0
2480.25,1
2489.75,0
2493.25,1
2493.5,0
2550.5,1
2550.75,0
2552.5,1
2561.75,0
2565.5,1
2565.75,0
2566.0,1
2566.25,0
2575.0,1
2575.25,0
2575.75,1
2576.0,0
2576.5,1
2585.5,0
2600.25,1
2609.75,0
2613.25,1
2613.5,0
2624.0,1
2633.25,0
2646.75,1
2647.0,0
2648.0,1
2657.75,0
2718.25,1
2718.5,0
2719.75,1
2720.0,0
2720.5,1
2730.0,0
2744.0,1
2753.5,0
2768.25,1
2777.5,0
2780.25,1
2780.5,0
2792.0,1
2802.75,0
2816.0,1
2816.5,0
2816.75,1
2826.0,0
2829.25,1
2829.5,0
2888.25,1
2898.0,0
2910.5,1
2910.75,0
2912.5,1
2921.25,0
2921.5,1
2921.75,0
2936.25,1
2945.75,0
2949.25,1
2949.5,0
2960.25,1
2969.5,0
2972.25,1
2972.5,0
2984.0,1
2993.75,0
2997.75,1
2998.0,0
3053.25,1
3053.5,0
3055.5,1
3055.75,0
3056.0,1
3065.75,0
3074.25,1
3074.5,0
3080.25,1
3080.5,0
3081.0,1
3089.75,0
3104.75,1
3114.25,0
3128.25,1
3137.75,0
3152.0,1
3161.5,0
3162.0,1
3162.5,0
3164.0,1
3164.25,0
3164.5,1
3164.75,0
3166.0,1
3166.25,0
3222.0,1
3222.25,0
3224.5,1
3233.75,0
3236.0,1
3236.25,0
3246.0,1
3246.25,0
3248.25,1
3257.75,0
3272.25,1
3281.0,0
3281.25,1
3281.75,0
3294.25,1
3294.5,0
3296.25,1
3305.75,0
3320.0,1
3330.0,0
3390.75,1
3391.25,0
3392.0,1
3401.75,0
3416.25,1
3425.25,0
3440.5,1
3449.75,0
3462.0,1
3462.25,0
3464.25,1
3464.5,0
3464.75,1
3473.5,0
3474.0,1
3474.25,0
3488.25,1
3498.0,0
3499.5,1
3499.75,0
3560.5,1
3569.5,0
3607.0,1
3607.25,0
3608.25,1
3617.5,0
3618.0,1
3618.25,0
3621.25,1
3621.5,0
3632.0,1
3641.5,0
3656.5,1
3665.75,0
3670.0,1
3670.25,0
3728.25,1
3728.5,0
3728.75,1
3737.25,0
3737.5,1
3737.75,0
3741.25,1
3741.5,0
3752.25,1
3762.25,0
3765.25,1
3765.5,0
3776.0,1
3786.0,0
3800.5,1
3809.5,0
3810.0,1
3810.25,0
3812.75,1
3813.0,0
3814.25,1
3814.5,0
3824.25,1
3833.75,0
3836.75,1
3837.0,0
3838.5,1
3838.75,0
3893.5,1
3893.75,0
3896.25,1
3906.0,0
3907.5,1
3907.75,0
3908.75,1
3909.0,0
3920.25,1
3929.5,0
3931.75,1
3932.0,0
3932.25,1
3932.5,0
3944.0,1
3953.75,0
3965.25,1
3965.5,0
3966.0,1
3966.25,0
3967.25,1
3967.5,0
3968.25,1
3978.0,0
3990.0,1
3990.25,0
3992.25,1
4001.75,0
4063.75,1
4074.0,0
4088.75,1
4097.75,0
4098.25,1
4098.5,0
4100.5,1
4100.75,0
4112.25,1
4122.0,0
4135.5,1
4135.75,0
4136.75,1
4145.5,0
4148.0,1
4148.25,0
4148.75,1
4149.0,0
4157.5,1
4157.75,0
4159.75,1
4160.5,0
4160.75,1
4169.75,0
4172.0,1
4172.25,0
4232.5,1
4241.75,0
4246.25,1
4246.5,0
4253.5,1
4253.75,0
4256.25,1
4265.5,0
4270.0,1
4270.25,0
4279.75,1
4289.5,0
4290.0,1
4290.25,0
4302.25,1
4302.5,0
4304.0,1
4313.5,0
4328.75,1
4338.25,0
4340.0,1
4340.25,0
4400.75,1
4409.75,0
4410.75,1
4411.0,0
4448.5,1
4457.75,0
4459.75,1
4460.0,0
4469.75,1
4470.0,0
4471.5,1
4472.0,0
4472.5,1
4481.75,0
4483.25,1
4483.5,0
4496.75,1
4505.5,0
4505.75,1
4506.0,0
4509.0,1
4509.25,0
4567.25,1
4567.5,0
4568.5,1
4577.75,0
4592.5,1
4601.75,0
4616.25,1
4626.0,0
4629.75,1
4630.0,0
4640.25,1
4649.5,0
4649.75,1
4650.25,0
4662.25,1
4662.5,0
4663.25,1
4663.5,0
4664.25,1
4673.75,0
4736.25,1
4745.75,0
4750.0,1
4750.25,0
4757.5,1
4757.75,0
4760.75,1
4769.75,0
4783.75,1
4794.0,0
4808.0,1
4808.25,0
4808.75,1
4817.5,0
4821.0,1
4821.25,0
4831.75,1
4841.5,0
4904.75,1
4913.75,0
4928.25,1
4938.0,0
4941.25,1
4941.5,0
4952.25,1
4962.0,0
4974.0,1
4974.25,0
4976.5,1
4986.0,0
5000.5,1
5009.75,0
5012.0,1
5012.25,0
5014.0,1
5014.25,0
5072.0,1
5081.5,0
5084.25,1
5084.5,0
5096.25,1
5106.0,0
5120.25,1
5130.0,0
5132.0,1
5132.25,0
5134.0,1
5134.25,0
5141.75,1
5142.0,0
5144.25,1
5144.5,0
5144.75,1
5153.75,0
5154.0,1
5154.25,0
5157.75,1
5158.0,0
5168.0,1
5177.75,0
5239.5,1
5239.75,0
5240.25,1
5249.75,0
5262.5,1
5262.75,0
5264.0,1
5274.0,0
5276.0,1
5276.25,0
5277.5,1
5277.75,0
5288.25,1
5288.5,0
5288.75,1
5298.0,0
5312.5,1
5321.5,0
5325.5,1
5325.75,0
5326.25,1
5326.5,0
5335.75,1
5345.5,0
5346.0,1
5346.25,0
5348.75,1
5349.0,0
5408.25,1
5417.75,0
5420.5,1
5420.75,0
5421.0,1
5421.25,0
5432.5,1
5441.75,0
5453.25,1
5453.5,0
5455.25,1
5455.5,0
5456.5,1
5465.75,0
5480.75,1
5489.75,0
5490.0,1
5490.5,0
5501.75,1
5502.0,0
5503.0,1
5503.5,0
5504.25,1
5513.75,0
5575.75,1
5585.5,0
5589.75,1
5590.0,0
5600.5,1
5609.75,0
5613.0,1
5613.25,0
5613.75,1
5614.0,0
5623.5,1
5623.75,0
5624.25,1
5634.0,0
5648.25,1
5657.75,0
5661.25,1
5661.5,0
5662.5,1
5663.0,0
5672.75,1
5681.5,0
5741.75,1
5742.0,0
5743.75,1
5753.75,0
5757.0,1
5757.25,0
5766.75,1
5767.0,0
5767.75,1
5768.5,0
5768.75,1
5777.5,0
5779.25,1
5779.5,0
5790.0,1
5790.25,0
5791.25,1
5791.5,0
5792.5,1
5801.5,0
5805.0,1
5805.25,0
5814.25,1
5814.5,0
5816.25,1
5826.25,0
5829.25,1
5829.5,0
5830.0,1
5830.25,0
5836.25,1
5836.75,0
5840.5,1
5849.5,0
5912.0,1
5912.25,0
5912.75,1
5921.75,0
5923.5,1
5923.75,0
5960.0,1
5969.5,0
5973.5,1
5973.75,0
5982.5,1
5982.75,0
5983.5,1
5983.75,0
5984.0,1
5994.25,0
6008.25,1
6017.75,0
6080.25,1
6090.0,0
6093.0,1
6093.25,0
6104.0,1
6113.75,0
6128.25,1
6137.5,0
6141.5,1
6141.75,0
6150.5,1
6151.0,0
6152.0,1
6152.5,0
6152.75,1
6161.75,0
6176.5,1
6185.25,0
6185.5,1
6185.75,0
6190.0,1
6190.25,0
6248.0,1
6248.25,0
6248.75,1
6258.25,0
6271.25,1
6271.5,0
6272.25,1
6281.0,0
6281.5,1
6281.75,0
6296.25,1
6305.5,0
6318.25,1
6318.5,0
6320.5,1
6330.25,0
6334.5,1
6334.75,0
6342.0,1
6342.25,0
6344.0,1
6344.5,0
6344.75,1
6353.75,0
6356.5,1
6356.75,0
6416.0,1
6425.75,0
6438.5,1
6438.75,0
6440.5,1
6449.5,0
6464.0,1
6474.25,0
6476.75,1
6477.0,0
6478.5,1
6478.75,0
6485.75,1
6486.0,0
6486.75,1
6487.0,0
6488.25,1
6488.5,0
6488.75,1
6498.25,0
6512.5,1
6522.0,0
6582.25,1
6582.5,0
6583.0,1
6583.25,0
6583.75,1
6584.0,0
6584.5,1
6593.75,0
6598.0,1
6598.25,0
6608.25,1
6617.5,0
6620.0,1
6620.25,0
6621.0,1
6621.25,0
6632.0,1
6641.5,0
6644.75,1
6645.0,0
6655.75,1
6656.0,0
6656.25,1
6665.75,0
6671.25,1
6671.5,0
6678.25,1
6678.5,0
6679.75,1
6680.0,0
6680.75,1
6689.5,0
6691.25,1
6691.5,0
6750.25,1
6750.5,0
6752.5,1
6761.5,0
6799.75,1
6809.5,0
6811.25,1
6811.5,0
6821.75,1
6822.0,0
6824.0,1
6834.25,0
6848.25,1
6858.0,0
6918.25,1
6918.5,0
6920.0,1
6930.25,0
6933.0,1
6933.25,0
6944.25,1
6954.0,0
6956.5,1
6956.75,0
6966.0,1
6966.25,0
6968.5,1
6977.75,0
6979.5,1
6979.75,0
6992.25,1
7001.75,0
7016.0,1
7026.0,0
7086.5,1
7086.75,0
7088.75,1
7097.75,0
7100.75,1
7101.0,0
7112.25,1
7121.75,0
7125.5,1
7125.75,0
7135.5,1
7135.75,0
7136.25,1
7145.5,0
7160.25,1
7169.75,0
7172.25,1
7172.5,0
7172.75,1
7173.25,0
7184.25,1
7184.5,0
7184.75,1
7193.75,0
7194.0,1
7194.5,0
7256.25,1
7266.25,0
7268.25,1
7268.5,0
7269.25,1
7269.75,0
7280.25,1
7290.25,0
7292.0,1
7292.25,0
7302.5,1
7303.0,0
7304.0,1
7313.5,0
7316.75,1
7317.0,0
7328.0,1
7337.5,0
7352.0,1
7362.25,0
7423.5,1
7423.75,0
7424.25,1
7433.25,0
7433.5,1
7433.75,0
7446.25,1
7446.5,0
7448.25,1
7457.25,0
7461.25,1
7461.5,0
7470.5,1
7470.75,0
7472.25,1
7481.75,0
7485.5,1
7485.75,0
7493.75,1
7494.0,0
7496.25,1
7505.75,0
7509.25,1
7509.5,0
7518.75,1
7519.0,0
7519.5,1
7519.75,0
7520.0,1
7530.25,0
7532.75,1
7533.0,0
7590.5,1
7590.75,0
7592.25,1
7592.5,0
7592.75,1
7601.75,0
7616.25,1
7626.0,0
7628.0,1
7628.25,0
7628.75,1
7629.0,0
7636.0,1
7636.25,0
7640.0,1
7650.0,0
7664.25,1
7673.5,0
7677.25,1
7677.5,0
7685.5,1
7685.75,0
7688.75,1
7697.75,0
7701.75,1
7702.0,0
7759.0,1
7759.25,0
7760.5,1
7769.75,0
7784.5,1
7794.0,0
7806.25,1
7806.75,0
7808.5,1
7817.75,0
7820.75,1
7821.0,0
7822.75,1
7823.0,0
7832.0,1
7841.25,0
7841.5,1
7842.0,0
7926.5,1
7926.75,0
7928.25,1
7937.75,0
7941.25,1
7941.5,0
7952.0,1
7961.5,0
7976.25,1
7986.0,0
8000.25,1
8009.75,0
8012.75,1
8013.0,0
8013.25,1
8013.5,0
8022.0,1
8022.25,0
8023.5,1
8024.0,0
8024.5,1
8033.75,0
8036.5,1
8036.75,0
8038.0,1
8038.25,0
8096.25,1
8105.75,0
8109.0,1
8109.25,0
8120.5,1
8129.5,0
8144.5,1
8153.25,0
8154.0,1
8154.5,0
8166.25,1
8166.5,0
8167.25,1
8167.5,0
8168.25,1
8177.25,0
8180.0,1
8180.25,0
8192.5,1
8202.0,0
8264.25,1
8274.0,0
8288.0,1
8298.25,0
8311.75,1
8312.0,0
8312.25,1
8321.75,0
8335.0,1
8335.25,0
8336.75,1
8346.0,0
8359.0,1
8359.25,0
8360.25,1
8369.75,0
8370.0,1
8370.25,0
8430.5,1
8430.75,0
8432.5,1
8442.0,0
8454.0,1
8454.5,0
8456.5,1
8465.5,0
8469.25,1
8469.5,0
8480.5,1
8489.75,0
8502.25,1
8502.5,0
8504.0,1
8514.0,0
8516.75,1
8517.0,0
8517.25,1
8517.5,0
8527.75,1
8528.0,0
8528.5,1
8537.5,0
8623.5,1
8633.5,0
8637.75,1
8638.0,0
8648.5,1
8657.25,0
8671.75,1
8672.0,0
8672.5,1
8681.75,0
8683.5,1
8683.75,0
8695.5,1
8696.0,0
8696.5,1
8705.75,0
8708.25,1
8708.5,0
8709.25,1
8709.5,0

float Room-213 (4229,2)
0.0,0
33.25,1
34.25,0
34.75,1
35.75,0
36.0,1
37.25,0
37.5,1
37.75,0
38.25,1
39.25,0
39.5,1
40.25,0
40.5,1
41.25,0
54.5,1
54.75,0
55.0,1
55.25,0
57.25,1
58.0,0
58.25,1
59.25,0
59.5,1
60.25,0
60.5,1
60.75,0
61.0,1
63.5,0
63.75,1
64.25,0
64.5,1
65.0,0
69.0,1
69.25,0
78.25,1
78.5,0
80.25,1
80.5,0
80.75,1
81.0,0
81.25,1
81.75,0
82.0,1
82.5,0
82.75,1
87.0,0
87.25,1
89.25,0
104.25,1
105.25,0
106.0,1
106.5,0
106.75,1
107.75,0
108.25,1
108.75,0
109.0,1
109.5,0
109.75,1
110.0,0
110.25,1
110.5,0
111.25,1
112.0,0
112.25,1
112.5,0
113.0,1
113.25,0
129.0,1
129.25,0
129.5,1
132.0,0
132.5,1
133.5,0
134.0,1
134.5,0
134.75,1
135.25,0
135.5,1
135.75,0
136.25,1
137.0,0
199.5,1
200.0,0
201.0,1
201.5,0
201.75,1
202.0,0
202.25,1
203.5,0
203.75,1
206.25,0
206.5,1
207.0,0
207.25,1
208.25,0
208.5,1
209.25,0
213.25,1
213.5,0
222.75,1
223.0,0
224.75,1
225.0,0
225.25,1
225.75,0
226.25,1
228.75,0
229.0,1
229.5,0
230.0,1
233.0,0
233.5,1
233.75,0
247.75,1
248.0,0
248.5,1
248.75,0
249.25,1
249.5,0
249.75,1
250.75,0
251.0,1
252.0,0
252.5,1
252.75,0
253.0,1
253.5,0
253.75,1
254.25,0
255.0,1
256.75,0
257.25,1
257.5,0
261.0,1
261.25,0
262.75,1
263.0,0
270.5,1
270.75,0
271.75,1
272.0,0
273.25,1
273.75,0
274.0,1
277.5,0
277.75,1
281.25,0
295.5,1
295.75,0
296.25,1
296.5,0
296.75,1
297.5,0
298.0,1
298.25,0
298.5,1
298.75,0
299.0,1
299.25,0
299.5,1
300.75,0
301.0,1
301.5,0
301.75,1
302.0,0
302.5,1
302.75,0
303.25,1
304.5,0
366.75,1
367.0,0
369.25,1
369.5,0
369.75,1
371.0,0
371.25,1
371.5,0
371.75,1
372.0,0
372.25,1
372.5,0
372.75,1
373.0,0
373.25,1
373.75,0
374.5,1
375.0,0
375.25,1
377.25,0
390.25,1
390.5,0
390.75,1
391.0,0
392.75,1
393.0,0
394.0,1
395.5,0
395.75,1
396.0,0
396.25,1
398.5,0
398.75,1
399.0,0
399.5,1
400.5,0
401.0,1
401.25,0
406.5,1
406.75,0
441.0,1
442.25,0
442.75,1
443.25,0
443.5,1
443.75,0
444.5,1
445.75,0
446.0,1
446.25,0
446.75,1
449.0,0
452.25,1
452.5,0
462.75,1
463.25,0
465.25,1
466.75,0
467.0,1
467.5,0
468.0,1
469.0,0
469.25,1
469.75,0
470.0,1
471.0,0
471.25,1
472.0,0
472.25,1
473.0,0
473.25,1
473.5,0
534.0,1
534.25,0
535.25,1
535.75,0
537.0,1
537.25,0
537.5,1
538.0,0
538.25,1
538.5,0
538.75,1
539.25,0
539.5,1
539.75,0
540.25,1
542.25,0
542.5,1
543.0,0
543.25,1
545.0,0
548.75,1
549.0,0
557.75,1
558.0,0
558.75,1
559.0,0
561.0,1
562.0,0
562.25,1
562.5,0
563.0,1
564.75,0
565.25,1
565.75,0
566.0,1
567.5,0
567.75,1
568.75,0
569.0,1
569.25,0
582.75,1
583.0,0
584.75,1
585.0,0
585.25,1
587.75,0
588.0,1
590.25,0
590.5,1
590.75,0
591.0,1
592.5,0
592.75,1
593.0,0
607.0,1
607.25,0
608.75,1
609.25,0
609.5,1
611.25,0
611.5,1
613.5,0
614.5,1
616.5,0
617.0,1
617.25,0
617.5,1
617.75,0
620.75,1
621.0,0
623.25,1
623.5,0
630.5,1
630.75,0
632.5,1
633.5,0
633.75,1
635.25,0
636.0,1
639.5,0
639.75,1
641.25,0
641.5,1
641.75,0
703.25,1
703.5,0
703.75,1
704.0,0
704.75,1
705.25,0
705.5,1
705.75,0
706.0,1
706.25,0
706.5,1
707.25,0
707.75,1
709.5,0
709.75,1
710.5,0
711.0,1
711.75,0
712.0,1
712.5,0
712.75,1
713.25,0
726.25,1
726.5,0
729.0,1
731.25,0
731.5,1
732.0,0
732.25,1
734.0,0
734.5,1
735.0,0
735.25,1
736.0,0
736.25,1
737.25,0
750.0,1
750.25,0
753.5,1
754.0,0
754.25,1
754.75,0
755.25,1
755.5,0
755.75,1
756.5,0
756.75,1
757.25,0
757.75,1
758.5,0
759.0,1
759.25,0
759.75,1
760.0,0
760.25,1
760.75,0
765.5,1
766.25,0
774.5,1
775.0,0
777.0,1
777.25,0
777.5,1
777.75,0
778.0,1
778.25,0
778.75,1
780.5,0
781.0,1
781.25,0
781.75,1
784.0,0
784.25,1
784.75,0
798.25,1
798.5,0
798.75,1
799.0,0
801.0,1
801.25,0
802.25,1
804.0,0
804.5,1
805.25,0
805.75,1
806.0,0
806.25,1
806.5,0
806.75,1
807.0,0
807.25,1
808.25,0
808.5,1
809.25,0
872.75,1
873.75,0
874.0,1
874.5,0
875.0,1
876.75,0
877.25,1
877.5,0
877.75,1
879.25,0
879.5,1
879.75,0
880.0,1
881.25,0
884.0,1
884.25,0
894.25,1
894.5,0
895.0,1
895.25,0
897.0,1
897.25,0
897.5,1
897.75,0
898.25,1
900.75,0
901.75,1
903.5,0
903.75,1
904.0,0
904.25,1
904.75,0
905.25,1
905.5,0
908.0,1
908.25,0
908.75,1
909.0,0
918.75,1
919.0,0
921.5,1
922.0,0
922.25,1
922.5,0
922.75,1
923.25,0
923.5,1
927.25,0
927.5,1
928.0,0
928.25,1
929.25,0
944.75,1
945.0,0
945.5,1
946.25,0
946.5,1
948.0,0
949.25,1
949.5,0
949.75,1
950.0,0
950.75,1
951.25,0
951.5,1
953.25,0
966.5,1
966.75,0
968.75,1
969.75,0
970.25,1
972.25,0
972.5,1
972.75,0
973.0,1
974.5,0
975.0,1
976.5,0
976.75,1
977.0,0
1040.5,1
1041.0,0
1041.5,1
1041.75,0
1042.0,1
1042.5,0
1043.0,1
1043.25,0
1044.25,1
1044.5,0
1044.75,1
1046.0,0
1046.25,1
1047.5,0
1047.75,1
1048.75,0
1049.0,1
1049.25,0
1052.75,1
1053.0,0
1054.0,1
1054.25,0
1065.5,1
1066.25,0
1066.5,1
1067.0,0
1067.25,1
1068.25,0
1068.5,1
1069.25,0
1070.0,1
1071.0,0
1071.25,1
1073.0,0
1073.75,1
1074.0,0
1112.75,1
1113.25,0
1113.5,1
1115.75,0
1116.0,1
1116.25,0
1116.5,1
1118.0,0
1118.25,1
1119.25,0
1119.75,1
1120.5,0
1121.0,1
1121.25,0
1121.5,1
1122.0,0
1134.0,1
1134.25,0
1136.75,1
1137.5,0
1137.75,1
1138.0,0
1138.25,1
1138.5,0
1138.75,1
1142.75,0
1143.0,1
1144.5,0
1145.0,1
1145.75,0
1209.25,1
1209.75,0
1210.0,1
1210.5,0
1211.0,1
1212.5,0
1212.75,1
1214.0,0
1214.25,1
1215.0,0
1215.25,1
1217.0,0
1230.75,1
1231.0,0
1232.75,1
1233.5,0
1234.0,1
1236.5,0
1236.75,1
1237.75,0
1238.0,1
1238.5,0
1238.75,1
1239.25,0
1239.5,1
1240.0,0
1240.5,1
1241.5,0
1243.75,1
1244.0,0
1253.75,1
1254.0,0
1256.0,1
1256.25,0
1256.75,1
1257.0,0
1257.25,1
1258.75,0
1259.0,1
1259.5,0
1260.0,1
1260.5,0
1260.75,1
1261.0,0
1261.5,1
1262.25,0
1262.75,1
1263.5,0
1263.75,1
1264.75,0
1265.0,1
1265.25,0
1273.75,1
1274.0,0
1278.5,1
1278.75,0
1279.25,1
1279.5,0
1281.25,1
1282.25,0
1282.5,1
1283.5,0
1283.75,1
1284.0,0
1284.25,1
1284.5,0
1284.75,1
1285.5,0
1285.75,1
1286.0,0
1286.25,1
1287.75,0
1288.0,1
1288.75,0
1289.0,1
1289.25,0
1302.5,1
1302.75,0
1303.0,1
1303.25,0
1305.0,1
1307.25,0
1307.5,1
1310.25,0
1310.75,1
1312.0,0
1312.25,1
1312.75,0
1377.25,1
1378.0,0
1378.5,1
1379.75,0
1380.0,1
1380.75,0
1381.0,1
1381.25,0
1381.5,1
1383.75,0
1384.0,1
1385.5,0
1399.0,1
1399.25,0
1401.0,1
1401.25,0
1401.5,1
1403.5,0
1404.5,1
1406.5,0
1407.0,1
1408.5,0
1408.75,1
1409.0,0
1413.5,1
1413.75,0
1422.0,1
1422.5,0
1423.0,1
1423.25,0
1424.5,1
1424.75,0
1425.25,1
1425.5,0
1425.75,1
1426.75,0
1427.25,1
1427.75,0
1428.0,1
1428.25,0
1428.5,1
1430.0,0
1430.25,1
1431.0,0
1431.5,1
1432.25,0
1432.5,1
1432.75,0
1448.75,1
1449.0,0
1449.5,1
1450.0,0
1450.25,1
1451.0,0
1451.25,1
1451.75,0
1452.25,1
1452.5,0
1452.75,1
1453.0,0
1453.25,1
1454.75,0
1455.5,1
1456.25,0
1456.5,1
1456.75,0
1457.25,1
1457.5,0
1471.25,1
1471.5,0
1473.75,1
1474.25,0
1474.5,1
1476.25,0
1476.5,1
1476.75,0
1477.0,1
1477.25,0
1477.5,1
1477.75,0
1478.0,1
1479.25,0
1479.5,1
1480.25,0
1480.5,1
1480.75,0
1481.25,1
1481.5,0
1541.5,1
1541.75,0
1545.25,1
1545.5,0
1546.0,1
1548.75,0
1549.25,1
1549.5,0
1549.75,1
1552.0,0
1552.25,1
1552.75,0
1553.0,1
1553.25,0
1566.5,1
1566.75,0
1567.25,1
1567.5,0
1567.75,1
1568.0,0
1569.5,1
1572.25,0
1572.5,1
1573.0,0
1573.25,1
1573.5,0
1573.75,1
1576.0,0
1576.25,1
1577.5,0
1580.5,1
1580.75,0
1591.0,1
1591.25,0
1593.0,1
1596.25,0
1596.5,1
1597.25,0
1597.5,1
1597.75,0
1598.0,1
1599.25,0
1599.5,1
1599.75,0
1600.0,1
1600.25,0
1600.5,1
1601.0,0
1605.0,1
1605.25,0
1614.5,1
1614.75,0
1617.0,1
1617.25,0
1617.5,1
1618.5,0
1619.0,1
1619.5,0
1620.5,1
1621.25,0
1621.5,1
1622.0,0
1622.25,1
1624.0,0
1624.25,1
1624.5,0
1624.75,1
1625.0,0
1628.75,1
1629.0,0
1639.75,1
1640.0,0
1641.25,1
1641.75,0
1642.0,1
1643.25,0
1643.5,1
1645.25,0
1645.5,1
1646.75,0
1647.0,1
1649.25,0
1651.5,1
1651.75,0
1652.75,1
1653.0,0
1710.5,1
1710.75,0
1712.75,1
1713.0,0
1713.25,1
1713.75,0
1714.0,1
1714.75,0
1715.0,1
1715.5,0
1716.0,1
1716.25,0
1716.5,1
1717.0,0
1718.0,1
1718.5,0
1719.25,1
1719.75,0
1720.0,1
1720.25,0
1720.5,1
1720.75,0
1734.0,1
1734.25,0
1736.5,1
1737.0,0
1737.25,1
1738.0,0
1738.25,1
1739.25,0
1739.5,1
1740.0,0
1740.5,1
1740.75,0
1741.0,1
1741.75,0
1742.25,1
1742.5,0
1742.75,1
1743.5,0
1743.75,1
1744.5,0
1745.25,1
1745.5,0
1749.75,1
1750.0,0
1758.0,1
1758.25,0
1761.25,1
1761.5,0
1761.75,1
1762.0,0
1762.25,1
1763.5,0
1763.75,1
1764.25,0
1764.5,1
1765.5,0
1765.75,1
1766.0,0
1766.25,1
1766.75,0
1767.0,1
1767.25,0
1767.5,1
1768.0,0
1768.25,1
1769.0,0
1774.0,1
1774.25,0
1781.75,1
1782.0,0
1782.75,1
1783.0,0
1785.5,1
1786.25,0
1786.5,1
1788.0,0
1788.25,1
1788.5,0
1789.0,1
1789.5,0
1789.75,1
1791.0,0
1791.25,1
1791.5,0
1791.75,1
1792.75,0
1793.0,1
1793.5,0
1807.25,1
1807.5,0
1808.25,1
1808.5,0
1809.0,1
1809.25,0
1809.5,1
1811.0,0
1811.25,1
1813.25,0
1813.75,1
1816.5,0
1816.75,1
1817.0,0
1817.25,1
1817.5,0
1821.75,1
1822.0,0
1879.75,1
1880.0,0
1881.25,1
1881.5,0
1881.75,1
1883.5,0
1883.75,1
1884.0,0
1884.5,1
1884.75,0
1885.75,1
1887.25,0
1887.5,1
1888.5,0
1889.0,1
1889.5,0
1893.5,1
1893.75,0
1903.0,1
1903.25,0
1904.75,1
1905.0,0
1905.25,1
1905.5,0
1906.0,1
1906.25,0
1906.5,1
1907.0,0
1907.25,1
1907.75,0
1908.0,1
1908.25,0
1908.5,1
1909.0,0
1909.25,1
1912.75,0
1913.0,1
1913.5,0
1915.5,1
1915.75,0
1929.0,1
1932.25,0
1932.5,1
1933.5,0
1934.0,1
1934.25,0
1934.75,1
1935.0,0
1935.25,1
1935.5,0
1935.75,1
1936.0,0
1936.25,1
1936.5,0
1936.75,1
1937.5,0
1950.25,1
1950.5,0
1952.0,1
1952.25,0
1953.0,1
1956.0,0
1956.5,1
1957.75,0
1958.5,1
1960.5,0
1960.75,1
1961.5,0
1963.75,1
1964.0,0
1965.0,1
1965.25,0
1974.75,1
1975.0,0
1975.5,1
1975.75,0
1976.5,1
1976.75,0
1977.0,1
1977.25,0
1977.5,1
1978.75,0
1979.0,1
1982.0,0
1982.75,1
1983.0,0
1983.25,1
1983.75,0
1984.0,1
1984.5,0
1985.25,1
1985.75,0
2048.5,1
2049.0,0
2049.5,1
2049.75,0
2050.0,1
2051.0,0
2051.25,1
2052.25,0
2052.5,1
2053.25,0
2053.5,1
2054.0,0
2054.25,1
2056.25,0
2056.5,1
2056.75,0
2057.5,1
2057.75,0
2061.5,1
2061.75,0
2071.0,1
2071.25,0
2072.5,1
2072.75,0
2073.0,1
2074.5,0
2074.75,1
2075.25,0
2075.75,1
2076.5,0
2076.75,1
2077.75,0
2078.25,1
2078.5,0
2078.75,1
2079.0,0
2079.5,1
2079.75,0
2080.0,1
2081.25,0
2095.25,1
2095.5,0
2096.25,1
2096.5,0
2096.75,1
2097.0,0
2097.25,1
2097.5,0
2097.75,1
2103.0,0
2103.25,1
2104.25,0
2104.5,1
2104.75,0
2108.25,1
2108.5,0
2118.0,1
2118.25,0
2121.0,1
2121.5,0
2121.75,1
2122.5,0
2122.75,1
2125.25,0
2125.5,1
2126.5,0
2126.75,1
2129.0,0
2132.75,1
2133.0,0
2133.5,1
2133.75,0
2134.25,1
2134.5,0
2143.0,1
2143.25,0
2143.5,1
2143.75,0
2145.0,1
2146.0,0
2146.25,1
2147.5,0
2147.75,1
2148.0,0
2148.25,1
2149.25,0
2149.75,1
2152.75,0
2156.5,1
2156.75,0
2215.75,1
2216.0,0
2217.0,1
2217.25,0
2217.5,1
2218.25,0
2218.5,1
2220.0,0
2220.25,1
2220.75,0
2221.0,1
2222.5,0
2223.0,1
2223.25,0
2223.75,1
2224.5,0
2224.75,1
2225.5,0
2227.75,1
2228.0,0
2239.75,1
2240.0,0
2240.75,1
2244.25,0
2244.5,1
2245.5,0
2245.75,1
2248.25,0
2249.0,1
2249.5,0
2262.75,1
2263.0,0
2265.0,1
2266.75,0
2267.0,1
2267.5,0
2268.0,1
2269.0,0
2269.75,1
2270.0,0
2270.75,1
2272.0,0
2272.25,1
2272.75,0
2273.0,1
2273.25,0
2276.25,1
2276.75,0
2287.25,1
2287.5,0
2288.0,1
2288.5,0
2289.0,1
2291.0,0
2291.25,1
2292.75,0
2293.0,1
2296.25,0
2296.5,1
2297.0,0
2300.75,1
2301.0,0
2302.25,1
2302.5,0
2311.0,1
2311.25,0
2311.5,1
2311.75,0
2312.25,1
2312.5,0
2312.75,1
2313.0,0
2313.5,1
2314.25,0
2314.5,1
2315.5,0
2315.75,1
2316.0,0
2316.25,1
2316.5,0
2317.0,1
2319.75,0
2320.25,1
2321.0,0
2381.75,1
2382.0,0
2385.5,1
2386.0,0
2386.5,1
2387.25,0
2387.5,1
2388.25,0
2389.25,1
2392.5,0
2392.75,1
2393.0,0
2405.5,1
2405.75,0
2407.25,1
2407.5,0
2409.25,1
2410.25,0
2410.5,1
2411.5,0
2411.75,1
2412.75,0
2413.25,1
2413.5,0
2413.75,1
2414.0,0
2414.25,1
2414.5,0
2414.75,1
2416.25,0
2416.5,1
2417.0,0
2417.25,1
2417.5,0
2431.75,1
2432.0,0
2432.75,1
2433.25,0
2433.5,1
2435.5,0
2435.75,1
2436.0,0
2436.5,1
2437.25,0
2437.5,1
2438.5,0
2438.75,1
2439.75,0
2440.0,1
2440.5,0
2440.75,1
2441.0,0
2441.5,1
2441.75,0
2454.5,1
2455.0,0
2455.25,1
2455.5,0
2457.0,1
2457.25,0
2457.75,1
2458.0,0
2458.25,1
2460.5,0
2461.0,1
2461.25,0
2461.5,1
2461.75,0
2462.0,1
2464.75,0
2465.0,1
2465.25,0
2470.0,1
2470.25,0
2470.5,1
2470.75,0
2478.5,1
2478.75,0
2479.0,1
2479.5,0
2480.25,1
2481.25,0
2481.5,1
2482.0,0
2482.25,1
2482.75,0
2483.0,1
2486.0,0
2486.25,1
2488.0,0
2488.25,1
2489.25,0
2550.5,1
2550.75,0
2553.25,1
2554.0,0
2554.25,1
2555.75,0
2556.0,1
2557.25,0
2557.5,1
2557.75,0
2558.0,1
2558.25,0
2558.5,1
2560.75,0
2561.0,1
2561.5,0
2564.5,1
2564.75,0
2565.0,1
2565.25,0
2575.75,1
2576.0,0
2577.25,1
2578.0,0
2578.25,1
2578.5,0
2578.75,1
2580.0,0
2580.25,1
2581.5,0
2581.75,1
2582.25,0
2582.5,1
2583.5,0
2583.75,1
2585.25,0
2589.75,1
2590.0,0
2600.5,1
2600.75,0
2601.0,1
2601.25,0
2601.5,1
2601.75,0
2602.0,1
2603.75,0
2604.0,1
2604.75,0
2605.0,1
2605.75,0
2606.0,1
2607.25,0
2607.5,1
2607.75,0
2608.0,1
2608.25,0
2608.5,1
2608.75,0
2609.0,1
2609.25,0
2623.75,1
2624.0,0
2625.25,1
2629.25,0
2629.5,1
2631.5,0
2631.75,1
2633.25,0
2646.5,1
2646.75,0
2647.25,1
2647.5,0
2649.5,1
2650.0,0
2650.25,1
2650.5,0
2650.75,1
2651.75,0
2652.0,1
2653.25,0
2654.0,1
2654.25,0
2654.5,1
2654.75,0
2655.0,1
2656.75,0
2657.0,1
2657.5,0
2662.5,1
2662.75,0
2720.75,1
2721.25,0
2721.5,1
2724.5,0
2724.75,1
2725.25,0
2725.5,1
2728.0,0
2728.5,1
2729.5,0
2742.5,1
2742.75,0
2743.0,1
2743.25,0
2744.0,1
2744.25,0
2744.75,1
2745.25,0
2745.5,1
2746.75,0
2747.0,1
2748.0,0
2748.25,1
2749.25,0
2749.75,1
2752.0,0
2752.25,1
2753.25,0
2766.75,1
2767.0,0
2767.25,1
2767.5,0
2767.75,1
2768.0,0
2769.0,1
2769.5,0
2769.75,1
2770.25,0
2770.5,1
2771.0,0
2771.5,1
2775.75,0
2776.0,1
2777.0,0
2792.5,1
2792.75,0
2793.0,1
2794.25,0
2794.75,1
2795.5,0
2795.75,1
2796.25,0
2796.5,1
2797.75,0
2798.0,1
2800.0,0
2800.25,1
2800.75,0
2801.25,1
2801.5,0
2815.25,1
2815.5,0
2816.5,1
2816.75,0
2817.75,1
2818.0,0
2818.5,1
2820.25,0
2820.5,1
2821.25,0
2821.75,1
2823.75,0
2824.5,1
2825.0,0
2886.75,1
2887.0,0
2889.0,1
2889.25,0
2889.5,1
2891.25,0
2891.5,1
2892.5,0
2892.75,1
2893.0,0
2893.25,1
2893.5,0
2893.75,1
2894.0,0
2894.25,1
2894.75,0
2895.0,1
2896.75,0
2902.25,1
2902.5,0
2912.75,1
2914.0,0
2914.5,1
2915.0,0
2915.25,1
2915.75,0
2916.0,1
2916.25,0
2916.5,1
2917.0,0
2917.25,1
2917.5,0
2918.0,1
2918.75,0
2919.0,1
2919.75,0
2920.0,1
2921.0,0
2921.25,1
2921.5,0
2934.0,1
2934.25,0
2935.75,1
2936.0,0
2936.75,1
2941.25,0
2941.75,1
2943.0,0
2943.5,1
2944.0,0
2944.5,1
2944.75,0
2959.75,1
2960.0,0
2960.5,1
2960.75,0
2961.0,1
2964.25,0
2964.5,1
2965.75,0
2966.0,1
2967.75,0
2968.0,1
2968.5,0
2969.0,1
2969.25,0
2972.25,1
2972.5,0
2982.25,1
2982.5,0
2985.0,1
2988.5,0
2988.75,1
2989.0,0
2989.25,1
2990.5,0
2990.75,1
2993.25,0
2994.25,1
2994.5,0
3055.25,1
3055.5,0
3055.75,1
3056.0,0
3056.75,1
3057.0,0
3057.25,1
3057.5,0
3058.0,1
3058.75,0
3059.0,1
3061.0,0
3061.25,1
3062.25,0
3062.5,1
3063.75,0
3064.0,1
3065.0,0
3071.5,1
3071.75,0
3076.5,1
3076.75,0
3081.0,1
3083.75,0
3084.0,1
3084.25,0
3084.5,1
3085.75,0
3086.0,1
3087.5,0
3087.75,1
3088.75,0
3089.0,1
3089.25,0
3093.25,1
3093.5,0
3101.75,1
3102.0,0
3102.5,1
3102.75,0
3103.0,1
3103.5,0
3105.25,1
3105.5,0
3105.75,1
3107.25,0
3107.5,1
3108.0,0
3108.25,1
3109.25,0
3109.5,1
3109.75,0
3110.0,1
3110.5,0
3110.75,1
3112.75,0
3113.0,1
3113.25,0
3115.75,1
3116.0,0
3127.5,1
3127.75,0
3128.0,1
3128.25,0
3129.0,1
3129.25,0
3129.5,1
3129.75,0
3130.0,1
3131.25,0
3131.5,1
3134.5,0
3135.0,1
3135.75,0
3136.25,1
3136.75,0
3137.5,1
3137.75,0
3140.75,1
3141.0,0
3151.5,1
3151.75,0
3153.25,1
3154.5,0
3154.75,1
3156.5,0
3157.0,1
3158.5,0
3158.75,1
3159.5,0
3159.75,1
3161.0,0
3162.25,1
3162.5,0
3165.25,1
3165.5,0
3225.25,1
3226.75,0
3227.0,1
3227.25,0
3227.5,1
3227.75,0
3228.0,1
3228.25,0
3228.5,1
3228.75,0
3229.0,1
3229.75,0
3230.0,1
3230.75,0
3231.0,1
3232.25,0
3232.5,1
3233.0,0
3246.0,1
3246.25,0
3249.25,1
3250.75,0
3251.0,1
3252.25,0
3252.75,1
3253.75,0
3254.0,1
3254.25,0
3254.5,1
3254.75,0
3255.0,1
3256.5,0
3256.75,1
3257.0,0
3257.25,1
3257.5,0
3271.75,1
3272.0,0
3273.25,1
3273.5,0
3273.75,1
3275.75,0
3276.25,1
3277.25,0
3277.5,1
3279.75,0
3280.25,1
3281.25,0
3285.5,1
3285.75,0
3296.5,1
3296.75,0
3297.0,1
3297.25,0
3297.5,1
3299.0,0
3299.25,1
3300.25,0
3300.5,1
3301.0,0
3301.25,1
3305.25,0
3318.0,1
3318.25,0
3320.25,1
3321.0,0
3321.5,1
3322.75,0
3323.0,1
3324.0,0
3324.25,1
3327.75,0
3328.25,1
3329.25,0
3391.0,1
3391.25,0
3393.0,1
3395.75,0
3396.25,1
3397.5,0
3397.75,1
3399.5,0
3399.75,1
3401.0,0
3415.25,1
3415.5,0
3416.0,1
3416.25,0
3416.75,1
3417.25,0
3417.75,1
3420.5,0
3420.75,1
3421.0,0
3421.25,1
3424.75,0
3429.5,1
3429.75,0
3430.25,1
3430.5,0
3441.0,1
3443.0,0
3443.5,1
3444.25,0
3444.5,1
3446.5,0
3446.75,1
3447.25,0
3447.75,1
3448.5,0
3449.25,1
3449.5,0
3454.0,1
3454.25,0
3464.25,1
3464.5,0
3464.75,1
3465.0,0
3465.25,1
3466.25,0
3466.5,1
3468.25,0
3468.5,1
3469.0,0
3469.25,1
3470.5,0
3471.0,1
3471.25,0
3471.5,1
3472.5,0
3472.75,1
3473.25,0
3477.25,1
3477.5,0
3486.0,1
3486.25,0
3487.0,1
3487.25,0
3488.75,1
3489.0,0
3489.25,1
3489.75,0
3490.0,1
3492.75,0
3493.0,1
3493.25,0
3493.5,1
3494.25,0
3494.5,1
3496.0,0
3496.25,1
3497.0,0
3560.0,1
3560.25,0
3561.25,1
3562.0,0
3562.25,1
3564.75,0
3565.5,1
3568.5,0
3568.75,1
3569.25,0
3569.75,1
3570.0,0
3573.0,1
3573.25,0
3606.5,1
3606.75,0
3608.75,1
3609.25,0
3609.5,1
3610.25,0
3610.5,1
3611.5,0
3612.25,1
3613.0,0
3613.25,1
3615.0,0
3615.25,1
3616.0,0
3616.25,1
3616.5,0
3616.75,1
3617.0,0
3617.25,1
3617.5,0
3622.0,1
3622.25,0
3629.75,1
3630.0,0
3630.5,1
3630.75,0
3631.25,1
3631.5,0
3632.25,1
3632.5,0
3632.75,1
3633.0,0
3633.25,1
3634.0,0
3634.25,1
3635.0,0
3635.5,1
3636.25,0
3636.5,1
3637.0,0
3637.5,1
3637.75,0
3638.0,1
3638.5,0
3639.25,1
3640.0,0
3640.75,1
3641.0,0
3657.25,1
3659.25,0
3659.5,1
3661.0,0
3661.25,1
3664.0,0
3664.25,1
3664.5,0
3665.0,1
3665.25,0
3729.5,1
3730.0,0
3730.25,1
3733.25,0
3733.5,1
3736.5,0
3736.75,1
3737.0,0
3737.5,1
3737.75,0
3753.5,1
3754.75,0
3755.0,1
3756.75,0
3757.25,1
3760.25,0
3760.5,1
3760.75,0
3761.0,1
3761.25,0
3775.0,1
3775.25,0
3776.25,1
3777.25,0
3777.5,1
3778.25,0
3778.5,1
3779.0,0
3779.25,1
3780.5,0
3781.0,1
3783.75,0
3784.0,1
3785.25,0
3798.5,1
3798.75,0
3800.75,1
3801.0,0
3801.25,1
3806.0,0
3806.25,1
3806.5,0
3806.75,1
3809.25,0
3822.75,1
3823.0,0
3824.75,1
3825.25,0
3825.5,1
3826.75,0
3827.0,1
3828.0,0
3828.25,1
3828.75,0
3829.0,1
3829.75,0
3830.0,1
3831.5,0
3832.0,1
3833.0,0
3838.25,1
3838.5,0
3894.5,1
3895.0,0
3896.75,1
3897.25,0
3897.5,1
3898.0,0
3898.25,1
3900.0,0
3900.25,1
3901.25,0
3901.5,1
3905.25,0
3918.0,1
3918.25,0
3920.0,1
3920.25,0
3920.75,1
3921.25,0
3921.5,1
3923.0,0
3923.25,1
3923.5,0
3923.75,1
3924.75,0
3925.25,1
3925.5,0
3925.75,1
3926.0,0
3926.25,1
3928.25,0
3928.5,1
3929.0,0
3943.25,1
3943.5,0
3945.0,1
3945.25,0
3945.5,1
3946.25,0
3946.5,1
3947.75,0
3948.0,1
3949.25,0
3949.5,1
3950.25,0
3950.5,1
3952.5,0
3953.0,1
3953.25,0
3953.75,1
3954.0,0
3957.0,1
3957.25,0
3957.5,1
3958.0,0
3958.5,1
3958.75,0
3966.75,1
3967.0,0
3969.0,1
3971.25,0
3971.5,1
3972.0,0
3972.25,1
3972.5,0
3973.0,1
3973.25,0
3973.5,1
3973.75,0
3974.0,1
3974.5,0
3975.0,1
3976.0,0
3976.25,1
3976.5,0
3976.75,1
3977.25,0
3977.75,1
3978.0,0
3980.0,1
3980.25,0
3981.5,1
3981.75,0
3992.5,1
3993.75,0
3994.0,1
3996.25,0
3996.5,1
3996.75,0
3997.0,1
3997.5,0
3997.75,1
4001.0,0
4063.0,1
4063.25,0
4065.25,1
4070.0,0
4071.0,1
4073.25,0
4088.25,1
4088.5,0
4088.75,1
4089.0,0
4089.25,1
4089.5,0
4090.0,1
4091.0,0
4091.25,1
4092.5,0
4093.0,1
4093.75,0
4094.0,1
4096.0,0
4096.25,1
4096.75,0
4097.25,1
4097.5,0
4100.25,1
4100.5,0
4103.0,1
4103.25,0
4110.75,1
4111.0,0
4111.5,1
4112.0,0
4113.25,1
4113.5,0
4113.75,1
4114.0,0
4114.25,1
4116.5,0
4116.75,1
4117.25,0
4117.5,1
4117.75,0
4118.25,1
4120.5,0
4120.75,1
4121.25,0
4121.5,1
4121.75,0
4124.5,1
4124.75,0
4134.25,1
4134.5,0
4136.75,1
4137.0,0
4137.25,1
4138.25,0
4138.5,1
4141.25,0
4141.75,1
4142.0,0
4142.5,1
4143.25,0
4143.5,1
4144.5,0
4144.75,1
4145.25,0
4149.5,1
4149.75,0
4161.25,1
4162.5,0
4162.75,1
4163.5,0
4164.0,1
4164.5,0
4164.75,1
4165.5,0
4165.75,1
4166.5,0
4166.75,1
4167.5,0
4167.75,1
4168.75,0
4169.0,1
4169.25,0
4230.75,1
4231.0,0
4232.75,1
4235.5,0
4235.75,1
4236.5,0
4236.75,1
4237.0,0
4237.75,1
4238.5,0
4238.75,1
4240.25,0
4240.5,1
4240.75,0
4241.0,1
4241.5,0
4244.0,1
4244.25,0
4254.0,1
4254.25,0
4255.25,1
4255.5,0
4257.0,1
4257.25,0
4257.5,1
4257.75,0
4258.0,1
4259.75,0
4260.25,1
4261.25,0
4261.5,1
4261.75,0
4262.0,1
4263.0,0
4263.25,1
4265.0,0
4265.25,1
4265.5,0
4278.0,1
4278.25,0
4280.0,1
4280.25,0
4280.5,1
4280.75,0
4281.0,1
4282.0,0
4282.5,1
4284.25,0
4284.75,1
4286.5,0
4286.75,1
4288.5,0
4289.0,1
4289.5,0
4293.0,1
4293.25,0
4302.0,1
4302.25,0
4304.5,1
4304.75,0
4305.0,1
4305.5,0
4305.75,1
4307.0,0
4307.25,1
4307.75,0
4308.0,1
4310.75,0
4311.0,1
4312.0,0
4312.25,1
4312.75,0
4326.75,1
4327.0,0
4328.75,1
4329.0,0
4329.25,1
4329.5,0
4329.75,1
4330.75,0
4331.25,1
4331.5,0
4331.75,1
4334.0,0
4334.5,1
4335.75,0
4336.25,1
4336.5,0
4337.0,1
4337.25,0
4343.0,1
4343.25,0
4397.75,1
4398.0,0
4401.5,1
4402.25,0
4402.5,1
4402.75,0
4403.0,1
4403.75,0
4404.0,1
4405.5,0
4406.0,1
4407.0,0
4407.5,1
4408.25,0
4408.5,1
4409.0,0
4447.25,1
4447.5,0
4449.0,1
4449.25,0
4449.5,1
4450.5,0
4450.75,1
4451.25,0
4451.5,1
4455.0,0
4455.25,1
4455.5,0
4455.75,1
4456.75,0
4457.0,1
4457.25,0
4457.5,1
4457.75,0
4460.75,1
4461.25,0
4461.75,1
4462.0,0
4470.75,1
4471.0,0
4472.75,1
4473.0,0
4473.25,1
4476.0,0
4476.25,1
4476.5,0
4476.75,1
4478.0,0
4478.25,1
4479.0,0
4479.25,1
4480.75,0
4481.25,1
4481.5,0
4484.75,1
4485.0,0
4495.5,1
4495.75,0
4496.25,1
4497.25,0
4497.5,1
4497.75,0
4498.25,1
4499.25,0
4499.5,1
4500.0,0
4500.25,1
4502.0,0
4502.25,1
4503.0,0
4503.25,1
4503.5,0
4503.75,1
4504.0,0
4504.25,1
4505.0,0
4506.0,1
4506.25,0
4565.75,1
4566.0,0
4567.0,1
4567.25,0
4567.5,1
4567.75,0
4569.0,1
4571.25,0
4571.5,1
4572.25,0
4572.5,1
4573.0,0
4573.25,1
4574.75,0
4575.25,1
4577.0,0
4582.0,1
4582.25,0
4591.75,1
4592.0,0
4593.5,1
4596.75,0
4597.0,1
4597.5,0
4597.75,1
4598.25,0
4598.5,1
4598.75,0
4599.5,1
4601.0,0
4614.0,1
4614.25,0
4615.75,1
4616.0,0
4617.25,1
4619.75,0
4620.25,1
4621.0,0
4621.5,1
4623.75,0
4624.0,1
4624.25,0
4624.5,1
4625.25,0
4638.0,1
4638.25,0
4641.0,1
4641.25,0
4641.75,1
4642.25,0
4642.5,1
4643.75,0
4644.0,1
4644.5,0
4644.75,1
4647.0,0
4647.25,1
4649.0,0
4662.25,1
4662.5,0
4663.25,1
4663.75,0
4664.5,1
4665.0,0
4665.25,1
4665.75,0
4666.25,1
4666.75,0
4667.0,1
4669.25,0
4669.5,1
4671.5,0
4671.75,1
4673.0,0
4673.25,1
4673.5,0
4673.75,1
4674.0,0
4737.0,1
4738.0,0
4738.25,1
4738.5,0
4738.75,1
4741.75,0
4742.25,1
4742.75,0
4743.0,1
4744.25,0
4744.5,1
4745.0,0
4761.5,1
4762.75,0
4763.25,1
4764.25,0
4764.75,1
4766.0,0
4766.25,1
4769.25,0
4785.0,1
4786.0,0
4786.25,1
4787.0,0
4787.5,1
4788.75,0
4789.0,1
4790.75,0
4791.0,1
4793.25,0
4797.0,1
4797.25,0
4806.0,1
4806.5,0
4808.5,1
4808.75,0
4809.0,1
4810.75,0
4811.0,1
4811.25,0
4811.75,1
4812.0,0
4812.25,1
4812.5,0
4812.75,1
4813.0,0
4813.25,1
4813.75,0
4814.25,1
4815.0,0
4815.25,1
4816.75,0
4817.0,1
4817.25,0
4821.0,1
4821.25,0
4832.25,1
4832.5,0
4833.0,1
4835.25,0
4835.5,1
4836.5,0
4836.75,1
4837.5,0
4837.75,1
4838.0,0
4838.25,1
4838.5,0
4839.25,1
4839.75,0
4840.0,1
4841.5,0
4845.5,1
4845.75,0
4902.25,1
4902.5,0
4903.75,1
4904.25,0
4905.0,1
4906.0,0
4906.25,1
4906.75,0
4907.0,1
4908.0,0
4908.25,1
4908.75,0
4909.0,1
4911.0,0
4911.75,1
4912.5,0
4912.75,1
4913.25,0
4917.25,1
4917.5,0
4925.75,1
4926.0,0
4929.0,1
4929.25,0
4929.5,1
4931.5,0
4931.75,1
4932.75,0
4933.0,1
4934.0,0
4934.25,1
4934.5,0
4934.75,1
4936.75,0
4950.0,1
4950.25,0
4953.0,1
4953.5,0
4953.75,1
4954.0,0
4954.25,1
4958.5,0
4958.75,1
4959.5,0
4959.75,1
4960.75,0
4961.25,1
4961.5,0
4976.5,1
4979.0,0
4979.25,1
4980.0,0
4980.25,1
4982.25,0
4982.75,1
4983.5,0
4984.25,1
4985.0,0
4989.0,1
4989.25,0
5000.25,1
5000.5,0
5000.75,1
5001.25,0
5001.5,1
5004.75,0
5005.0,1
5006.5,0
5006.75,1
5007.25,0
5007.5,1
5008.75,0
5009.0,1
5009.25,0
5009.5,1
5009.75,0
5072.75,1
5073.0,0
5073.25,1
5075.25,0
5075.5,1
5075.75,0
5076.25,1
5077.25,0
5077.5,1
5077.75,0
5078.0,1
5078.25,0
5078.5,1
5080.75,0
5085.75,1
5086.0,0
5096.75,1
5098.5,0
5098.75,1
5099.0,0
5099.25,1
5102.0,0
5102.25,1
5102.5,0
5102.75,1
5104.25,0
5104.5,1
5104.75,0
5105.0,1
5105.25,0
5118.75,1
5119.0,0
5120.75,1
5121.0,0
5121.5,1
5125.0,0
5125.25,1
5125.75,0
5126.0,1
5127.75,0
5128.0,1
5129.25,0
5132.5,1
5132.75,0
5142.75,1
5143.0,0
5145.0,1
5145.75,0
5146.0,1
5146.75,0
5147.0,1
5149.0,0
5149.5,1
5149.75,0
5151.0,1
5152.5,0
5166.25,1
5166.5,0
5167.5,1
5167.75,0
5168.0,1
5168.25,0
5168.5,1
5168.75,0
5169.0,1
5169.25,0
5169.5,1
5172.75,0
5173.25,1
5177.0,0
5180.25,1
5180.5,0
5181.0,1
5181.25,0
5241.5,1
5241.75,0
5242.0,1
5244.0,0
5244.25,1
5244.5,0
5244.75,1
5245.25,0
5245.5,1
5246.5,0
5246.75,1
5247.5,0
5247.75,1
5248.75,0
5249.25,1
5249.75,0
5262.75,1
5263.0,0
5264.0,1
5264.25,0
5264.75,1
5265.25,0
5265.75,1
5267.25,0
5267.5,1
5268.75,0
5269.0,1
5270.0,0
5270.5,1
5271.75,0
5272.0,1
5273.0,0
5274.0,1
5274.25,0
5287.0,1
5287.25,0
5289.0,1
5290.5,0
5290.75,1
5291.0,0
5291.5,1
5291.75,0
5292.0,1
5293.0,0
5293.5,1
5294.5,0
5294.75,1
5295.5,0
5295.75,1
5297.0,0
5297.25,1
5297.5,0
5310.75,1
5311.0,0
5312.75,1
5313.0,0
5313.25,1
5315.5,0
5315.75,1
5316.0,0
5316.25,1
5317.0,0
5317.5,1
5319.0,0
5319.25,1
5320.0,0
5320.25,1
5320.75,0
5321.0,1
5321.25,0
5334.0,1
5334.25,0
5335.5,1
5335.75,0
5336.25,1
5337.5,0
5338.0,1
5338.75,0
5339.0,1
5341.75,0
5342.0,1
5342.25,0
5342.5,1
5342.75,0
5343.0,1
5344.0,0
5344.25,1
5345.0,0
5408.75,1
5412.0,0
5412.25,1
5412.75,0
5413.0,1
5414.0,0
5414.25,1
5414.5,0
5414.75,1
5415.25,0
5415.5,1
5416.25,0
5417.5,1
5417.75,0
5422.0,1
5422.25,0
5430.75,1
5431.25,0
5432.75,1
5433.0,0
5433.25,1
5433.5,0
5433.75,1
5436.25,0
5436.75,1
5438.0,0
5438.25,1
5441.0,0
5441.25,1
5441.5,0
5457.25,1
5457.75,0
5458.0,1
5459.25,0
5459.5,1
5463.0,0
5463.75,1
5464.5,0
5465.0,1
5465.25,0
5466.5,1
5466.75,0
5480.75,1
5481.5,0
5481.75,1
5483.25,0
5483.5,1
5484.0,0
5484.5,1
5485.0,0
5485.25,1
5487.75,0
5488.0,1
5489.0,0
5502.0,1
5502.25,0
5503.5,1
5503.75,0
5504.5,1
5505.25,0
5505.5,1
5509.0,0
5509.25,1
5512.75,0
5576.75,1
5577.25,0
5577.5,1
5578.25,0
5578.5,1
5581.25,0
5581.75,1
5582.0,0
5582.25,1
5585.25,0
5597.75,1
5598.0,0
5601.0,1
5603.75,0
5604.0,1
5604.5,0
5605.0,1
5605.25,0
5605.5,1
5606.0,0
5606.25,1
5606.75,0
5607.25,1
5608.5,0
5608.75,1
5609.25,0
5612.5,1
5612.75,0
5613.25,1
5613.5,0
5622.5,1
5622.75,0
5623.25,1
5624.0,0
5625.75,1
5631.0,0
5631.25,1
5632.5,0
5633.0,1
5633.5,0
5637.0,1
5637.25,0
5646.75,1
5647.0,0
5648.75,1
5649.0,0
5649.5,1
5649.75,0
5650.0,1
5651.0,0
5651.25,1
5652.75,0
5653.0,1
5653.25,0
5653.5,1
5655.5,0
5655.75,1
5656.5,0
5656.75,1
5657.25,0
5673.25,1
5674.25,0
5674.5,1
5675.25,0
5675.75,1
5677.75,0
5678.25,1
5679.25,0
5679.5,1
5679.75,0
5680.0,1
5680.75,0
5681.25,1
5681.75,0
5744.75,1
5745.0,0
5745.25,1
5745.5,0
5745.75,1
5748.75,0
5749.0,1
5750.75,0
5751.0,1
5752.75,0
5753.0,1
5753.5,0
5758.0,1
5758.25,0
5769.5,1
5769.75,0
5770.0,1
5772.25,0
5772.75,1
5773.75,0
5774.0,1
5774.75,0
5775.0,1
5775.75,0
5776.0,1
5777.0,0
5777.25,1
5777.5,0
5791.25,1
5791.5,0
5792.25,1
5792.5,0
5793.5,1
5793.75,0
5794.25,1
5796.0,0
5796.25,1
5797.5,0
5797.75,1
5798.75,0
5799.25,1
5799.75,0
5800.0,1
5800.75,0
5801.0,1
5801.5,0
5817.5,1
5818.5,0
5818.75,1
5820.75,0
5821.5,1
5822.0,0
5822.25,1
5822.75,0
5823.0,1
5824.25,0
5824.5,1
5825.25,0
5830.5,1
5830.75,0
5835.5,1
5835.75,0
5838.5,1
5838.75,0
5841.0,1
5842.5,0
5843.0,1
5844.25,0
5844.5,1
5844.75,0
5845.0,1
5845.5,0
5845.75,1
5846.25,0
5846.5,1
5847.75,0
5848.0,1
5848.5,0
5849.25,1
5849.75,0
5850.75,1
5851.0,0
5855.75,1
5856.0,0
5904.25,1
5904.5,0
5912.75,1
5913.25,0
5913.5,1
5914.5,0
5915.25,1
5916.0,0
5916.25,1
5916.5,0
5916.75,1
5917.75,0
5918.0,1
5918.75,0
5919.25,1
5920.0,0
5920.25,1
5921.25,0
5922.5,1
5922.75,0
5957.5,1
5958.25,0
5961.5,1
5962.5,0
5963.0,1
5963.25,0
5963.5,1
5965.5,0
5965.75,1
5967.5,0
5968.25,1
5968.75,0
5973.75,1
5974.0,0
5982.5,1
5982.75,0
5983.0,1
5983.25,0
5984.25,1
5984.5,0
5985.0,1
5985.25,0
5985.5,1
5986.0,0
5986.5,1
5989.25,0
5989.5,1
5989.75,0
5990.0,1
5990.75,0
5991.0,1
5992.75,0
6006.75,1
6007.0,0
6008.0,1
6008.25,0
6009.0,1
6010.25,0
6010.75,1
6012.0,0
6012.25,1
6012.5,0
6012.75,1
6013.0,0
6013.25,1
6013.5,0
6014.0,1
6016.5,0
6016.75,1
6017.0,0
6079.75,1
6080.0,0
6080.75,1
6081.0,0
6081.25,1
6085.25,0
6085.5,1
6086.75,0
6087.5,1
6089.0,0
6090.25,1
6090.5,0
6092.25,1
6092.5,0
6102.25,1
6102.5,0
6103.75,1
6104.5,0
6105.25,1
6107.0,0
6107.25,1
6107.5,0
6107.75,1
6108.0,0
6108.25,1
6110.25,0
6110.75,1
6111.75,0
6112.0,1
6112.25,0
6112.5,1
6113.25,0
6116.75,1
6117.0,0
6127.25,1
6127.5,0
6128.75,1
6129.0,0
6129.5,1
6130.0,0
6130.25,1
6131.0,0
6131.25,1
6132.0,0
6132.75,1
6133.5,0
6133.75,1
6135.75,0
6136.0,1
6136.5,0
6136.75,1
6137.0,0
6137.5,1
6137.75,0
6153.0,1
6154.25,0
6154.5,1
6154.75,0
6155.0,1
6155.5,0
6155.75,1
6157.0,0
6157.5,1
6160.25,0
6160.5,1
6161.25,0
6161.5,1
6161.75,0
6164.75,1
6165.0,0
6174.0,1
6174.25,0
6176.5,1
6177.5,0
6178.0,1
6178.25,0
6178.5,1
6179.75,0
6180.0,1
6180.25,0
6180.5,1
6182.25,0
6182.5,1
6184.0,0
6184.25,1
6184.75,0
6185.25,1
6185.5,0
6189.25,1
6189.5,0
6246.5,1
6246.75,0
6248.25,1
6249.0,0
6249.75,1
6250.0,0
6250.25,1
6250.75,0
6251.0,1
6251.75,0
6252.0,1
6252.75,0
6253.0,1
6253.5,0
6254.0,1
6255.5,0
6255.75,1
6256.0,0
6256.25,1
6256.5,0
6260.25,1
6260.5,0
6261.25,1
6261.5,0
6272.5,1
6272.75,0
6273.5,1
6276.75,0
6277.0,1
6277.5,0
6278.0,1
6280.5,0
6281.0,1
6281.5,0
6285.75,1
6286.0,0
6296.75,1
6297.0,0
6297.5,1
6299.25,0
6299.5,1
6299.75,0
6300.0,1
6301.25,0
6301.5,1
6301.75,0
6302.0,1
6303.0,0
6303.25,1
6304.5,0
6304.75,1
6305.0,0
6308.5,1
6308.75,0
6321.0,1
6321.25,0
6321.5,1
6322.0,0
6322.25,1
6324.75,0
6325.0,1
6329.25,0
6331.5,1
6331.75,0
6344.0,1
6344.25,0
6345.5,1
6346.0,0
6346.25,1
6346.5,0
6346.75,1
6347.25,0
6347.5,1
6348.5,0
6349.0,1
6349.5,0
6349.75,1
6350.5,0
6350.75,1
6353.25,0
6357.0,1
6357.25,0
6416.0,1
6416.5,0
6417.0,1
6419.0,0
6419.75,1
6420.5,0
6420.75,1
6421.25,0
6421.5,1
6421.75,0
6422.0,1
6424.5,0
6425.25,1
6425.5,0
6429.5,1
6429.75,0
6439.75,1
6440.0,0
6440.75,1
6441.0,0
6441.5,1
6443.25,0
6443.75,1
6445.0,0
6445.25,1
6449.0,0
6453.5,1
6453.75,0
6464.0,1
6464.5,0
6464.75,1
6465.25,0
6465.5,1
6465.75,0
6466.0,1
6466.75,0
6467.0,1
6467.25,0
6467.5,1
6468.0,0
6468.25,1
6468.75,0
6469.0,1
6471.25,0
6471.5,1
6472.5,0
6472.75,1
6473.0,0
6475.5,1
6475.75,0
6476.75,1
6477.0,0
6477.25,1
6477.5,0
6477.75,1
6478.0,0
6486.75,1
6487.0,0
6487.25,1
6487.5,0
6488.75,1
6490.5,0
6490.75,1
6492.5,0
6492.75,1
6493.0,0
6493.25,1
6493.5,0
6494.25,1
6494.75,0
6495.25,1
6495.5,0
6495.75,1
6496.25,0
6496.5,1
6497.0,0
6497.25,1
6497.5,0
6512.5,1
6513.0,0
6513.75,1
6516.0,0
6516.25,1
6517.0,0
6517.25,1
6517.5,0
6517.75,1
6519.75,0
6520.0,1
6520.5,0
6520.75,1
6521.25,0
6522.0,1
6522.25,0
6583.75,1
6584.75,0
6585.0,1
6585.25,0
6585.5,1
6586.0,0
6586.5,1
6586.75,0
6587.0,1
6587.25,0
6587.5,1
6588.0,0
6588.25,1
6588.5,0
6588.75,1
6592.0,0
6592.25,1
6592.75,0
6593.0,1
6593.25,0
6596.5,1
6596.75,0
6608.0,1
6608.25,0
6609.5,1
6610.5,0
6610.75,1
6611.5,0
6612.0,1
6613.0,0
6613.5,1
6613.75,0
6614.0,1
6615.25,0
6615.5,1
6616.75,0
6632.0,1
6632.25,0
6633.25,1
6636.25,0
6636.5,1
6637.0,0
6637.75,1
6640.0,0
6640.25,1
6640.5,0
6640.75,1
6641.0,0
6641.75,1
6642.0,0
6654.25,1
6654.5,0
6656.0,1
6656.25,0
6656.75,1
6657.5,0
6657.75,1
6658.5,0
6659.25,1
6659.75,0
6660.0,1
6660.25,0
6660.5,1
6661.25,0
6661.5,1
6665.25,0
6675.5,1
6675.75,0
6680.5,1
6681.0,0
6681.25,1
6683.5,0
6684.0,1
6684.25,0
6684.5,1
6687.25,0
6687.5,1
6687.75,0
6688.25,1
6688.75,0
6694.75,1
6695.0,0
6753.0,1
6754.0,0
6754.25,1
6756.0,0
6756.25,1
6757.0,0
6757.5,1
6758.0,0
6758.25,1
6759.0,0
6759.25,1
6759.5,0
6759.75,1
6760.5,0
6765.75,1
6766.0,0
6799.0,1
6799.25,0
6800.25,1
6800.5,0
6801.5,1
6802.5,0
6802.75,1
6803.0,0
6803.5,1
6808.0,0
6808.25,1
6809.5,0
6824.5,1
6825.75,0
6826.25,1
6826.75,0
6827.0,1
6827.25,0
6827.5,1
6827.75,0
6828.25,1
6829.5,0
6830.0,1
6830.75,0
6831.0,1
6832.0,0
6832.25,1
6832.75,0
6833.0,1
6833.25,0
6848.5,1
6848.75,0
6849.0,1
6852.75,0
6854.0,1
6854.25,0
6854.5,1
6855.0,0
6855.25,1
6855.5,0
6855.75,1
6856.5,0
6856.75,1
6857.25,0
6857.5,1
6857.75,0
6860.5,1
6860.75,0
6919.0,1
6919.25,0
6920.25,1
6920.5,0
6920.75,1
6921.0,0
6921.5,1
6922.0,0
6922.75,1
6923.25,0
6923.5,1
6925.25,0
6925.75,1
6927.75,0
6928.0,1
6928.75,0
6929.0,1
6929.5,0
6943.0,1
6943.25,0
6943.5,1
6944.0,0
6944.5,1
6944.75,0
6945.0,1
6946.0,0
6946.25,1
6947.75,0
6948.25,1
6949.75,0
6950.0,1
6953.0,0
6968.5,1
6968.75,0
6969.5,1
6970.75,0
6971.0,1
6972.0,0
6972.25,1
6972.5,0
6972.75,1
6973.75,0
6974.0,1
6974.5,0
6974.75,1
6975.25,0
6975.75,1
6976.25,0
6976.5,1
6976.75,0
6991.25,1
6991.5,0
6992.0,1
6992.5,0
6992.75,1
6995.75,0
6996.0,1
6998.0,0
6998.75,1
6999.5,0
6999.75,1
7000.0,0
7000.5,1
7001.0,0
7001.25,1
7001.5,0
7016.0,1
7016.25,0
7016.5,1
7016.75,0
7017.0,1
7018.0,0
7018.25,1
7025.75,0
7086.25,1
7086.5,0
7088.5,1
7089.25,0
7089.5,1
7090.25,0
7090.5,1
7093.25,0
7093.5,1
7093.75,0
7094.0,1
7094.5,0
7095.0,1
7095.5,0
7095.75,1
7096.25,0
7097.0,1
7097.25,0
7100.75,1
7101.0,0
7113.5,1
7115.0,0
7115.25,1
7115.5,0
7115.75,1
7116.0,0
7116.25,1
7116.75,0
7117.0,1
7117.25,0
7117.75,1
7118.0,0
7118.75,1
7120.5,0
7120.75,1
7121.25,0
7136.5,1
7136.75,0
7137.25,1
7137.75,0
7138.0,1
7139.25,0
7139.75,1
7141.5,0
7141.75,1
7142.0,0
7142.25,1
7143.25,0
7143.5,1
7144.5,0
7145.0,1
7145.25,0
7157.75,1
7158.5,0
7161.0,1
7161.5,0
7161.75,1
7162.25,0
7162.5,1
7164.75,0
7165.0,1
7166.5,0
7166.75,1
7167.0,0
7167.25,1
7169.5,0
7172.0,1
7172.25,0
7174.0,1
7174.25,0
7185.0,1
7185.5,0
7185.75,1
7186.25,0
7186.5,1
7187.75,0
7188.0,1
7188.75,0
7189.0,1
7189.25,0
7189.5,1
7190.25,0
7190.5,1
7193.0,0
7255.0,1
7255.25,0
7256.5,1
7256.75,0
7257.5,1
7260.75,0
7261.0,1
7261.5,0
7262.0,1
7262.5,0
7263.25,1
7264.25,0
7277.75,1
7278.0,0
7278.25,1
7278.75,0
7279.0,1
7279.25,0
7279.5,1
7279.75,0
7280.75,1
7282.5,0
7282.75,1
7283.5,0
7283.75,1
7284.75,0
7285.25,1
7287.0,0
7287.25,1
7288.0,0
7288.25,1
7288.5,0
7288.75,1
7289.0,0
7289.25,1
7289.5,0
7303.5,1
7303.75,0
7305.25,1
7307.5,0
7308.0,1
7313.25,0
7327.0,1
7327.25,0
7329.0,1
7329.5,0
7329.75,1
7330.0,0
7330.25,1
7330.5,0
7330.75,1
7332.25,0
7332.5,1
7332.75,0
7333.0,1
7334.0,0
7334.75,1
7336.5,0
7336.75,1
7337.5,0
7351.75,1
7352.0,0
7352.25,1
7352.5,0
7353.25,1
7355.5,0
7355.75,1
7358.25,0
7358.5,1
7359.25,0
7359.75,1
7360.5,0
7361.0,1
7361.25,0
7366.25,1
7366.5,0
7425.0,1
7428.25,0
7428.5,1
7429.0,0
7429.25,1
7430.75,0
7431.25,1
7431.5,0
7431.75,1
7433.0,0
7437.25,1
7437.5,0
7448.75,1
7449.0,0
7449.25,1
7449.5,0
7450.0,1
7450.25,0
7450.75,1
7452.0,0
7452.25,1
7454.25,0
7454.75,1
7455.25,0
7455.5,1
7456.75,0
7457.0,1
7457.5,0
7459.75,1
7460.0,0
7473.0,1
7473.5,0
7474.0,1
7474.5,0
7474.75,1
7476.25,0
7476.5,1
7477.0,0
7477.5,1
7480.25,0
7480.75,1
7481.75,0
7494.75,1
7495.0,0
7497.25,1
7498.0,0
7498.25,1
7498.5,0
7498.75,1
7499.25,0
7499.5,1
7501.25,0
7501.5,1
7502.5,0
7502.75,1
7505.0,0
7505.75,1
7506.0,0
7519.25,1
7519.5,0
7521.25,1
7521.5,0
7521.75,1
7523.75,0
7524.0,1
7524.25,0
7524.75,1
7527.0,0
7527.25,1
7528.0,0
7528.25,1
7529.5,0
7589.75,1
7590.0,0
7592.5,1
7593.25,0
7593.5,1
7596.25,0
7596.5,1
7596.75,0
7597.0,1
7599.5,0
7599.75,1
7601.25,0
7614.25,1
7614.5,0
7615.0,1
7615.25,0
7616.5,1
7616.75,0
7617.0,1
7618.25,0
7618.5,1
7618.75,0
7619.0,1
7619.25,0
7619.5,1
7621.25,0
7621.5,1
7624.5,0
7624.75,1
7625.25,0
7640.75,1
7641.0,0
7641.25,1
7642.75,0
7643.0,1
7646.5,0
7647.25,1
7648.5,0
7649.0,1
7649.25,0
7649.75,1
7650.0,0
7652.75,1
7653.0,0
7665.0,1
7666.0,0
7666.5,1
7667.5,0
7667.75,1
7668.0,0
7668.25,1
7669.0,0
7669.25,1
7672.75,0
7673.5,1
7674.0,0
7687.25,1
7687.5,0
7688.5,1
7688.75,0
7689.0,1
7691.0,0
7691.25,1
7691.5,0
7691.75,1
7692.5,0
7692.75,1
7695.0,0
7695.75,1
7696.0,0
7696.25,1
7696.5,0
7696.75,1
7697.0,0
7701.25,1
7701.5,0
7759.75,1
7760.25,0
7761.0,1
7764.0,0
7764.25,1
7765.0,0
7765.25,1
7766.25,0
7767.0,1
7768.0,0
7768.25,1
7768.5,0
7768.75,1
7769.0,0
7785.0,1
7785.25,0
7785.75,1
7787.75,0
7788.0,1
7788.5,0
7788.75,1
7789.0,0
7789.25,1
7791.5,0
7791.75,1
7792.25,0
7792.5,1
7793.25,0
7793.5,1
7793.75,0
7794.0,1
7794.25,0
7795.5,1
7795.75,0
7807.5,1
7807.75,0
7809.0,1
7810.0,0
7810.5,1
7811.5,0
7811.75,1
7812.5,0
7812.75,1
7813.5,0
7814.25,1
7817.25,0
7832.5,1
7832.75,0
7833.5,1
7833.75,0
7834.0,1
7834.75,0
7835.0,1
7835.5,0
7836.5,1
7837.5,0
7838.0,1
7838.75,0
7839.0,1
7839.25,0
7839.5,1
7841.0,0
7845.5,1
7845.75,0
7927.5,1
7927.75,0
7929.25,1
7933.25,0
7933.5,1
7934.0,0
7934.25,1
7935.25,0
7935.5,1
7937.25,0
7937.5,1
7937.75,0
7950.0,1
7950.25,0
7951.75,1
7952.0,0
7952.5,1
7952.75,0
7953.0,1
7953.25,0
7953.5,1
7954.5,0
7954.75,1
7955.25,0
7955.5,1
7956.0,0
7956.25,1
7958.25,0
7958.5,1
7958.75,0
7959.25,1
7959.5,0
7959.75,1
7960.0,0
7960.25,1
7960.75,0
7961.25,1
7961.75,0
7974.25,1
7974.5,0
7974.75,1
7975.0,0
7977.0,1
7977.25,0
7977.5,1
7978.25,0
7978.5,1
7980.75,0
7981.0,1
7981.25,0
7981.5,1
7982.0,0
7982.25,1
7984.5,0
7984.75,1
7985.0,0
7985.25,1
7985.5,0
7998.75,1
7999.0,0
8000.0,1
8000.25,0
8001.0,1
8001.25,0
8001.5,1
8005.25,0
8005.5,1
8005.75,0
8006.75,1
8007.0,0
8007.25,1
8008.5,0
8013.5,1
8013.75,0
8022.25,1
8022.5,0
8025.0,1
8025.5,0
8025.75,1
8026.0,0
8026.25,1
8027.25,0
8028.0,1
8029.25,0
8029.5,1
8031.0,0
8031.25,1
8031.5,0
8031.75,1
8032.0,0
8032.25,1
8033.5,0
8038.75,1
8039.0,0
8097.0,1
8097.25,0
8098.0,1
8100.75,0
8101.0,1
8101.25,0
8101.75,1
8103.0,0
8103.25,1
8105.0,0
8105.25,1
8105.5,0
8118.0,1
8118.25,0
8120.75,1
8121.25,0
8121.5,1
8122.0,0
8122.25,1
8124.0,0
8124.25,1
8125.0,0
8125.5,1
8125.75,0
8126.0,1
8127.0,0
8127.5,1
8128.0,0
8128.75,1
8129.5,0
8142.0,1
8142.5,0
8145.25,1
8146.0,0
8146.25,1
8147.75,0
8148.0,1
8148.5,0
8148.75,1
8149.5,0
8149.75,1
8150.0,0
8150.25,1
8151.0,0
8151.25,1
8152.25,0
8152.5,1
8153.0,0
8157.0,1
8157.5,0
8168.0,1
8169.0,0
8169.75,1
8170.75,0
8171.0,1
8172.5,0
8173.0,1
8174.25,0
8174.5,1
8174.75,0
8175.0,1
8177.0,0
8177.5,1
8177.75,0
8192.75,1
8193.25,0
8193.5,1
8193.75,0
8194.25,1
8195.25,0
8195.75,1
8196.5,0
8196.75,1
8197.25,0
8197.5,1
8197.75,0
8198.0,1
8198.25,0
8198.5,1
8200.25,0
8200.5,1
8201.5,0
8206.5,1
8207.0,0
8264.0,1
8264.5,0
8264.75,1
8265.0,0
8266.0,1
8269.25,0
8269.5,1
8269.75,0
8270.0,1
8271.75,0
8272.0,1
8272.75,0
8273.0,1
8273.5,0
8276.5,1
8276.75,0
8287.25,1
8287.75,0
8288.5,1
8288.75,0
8289.25,1
8290.0,0
8290.5,1
8294.25,0
8294.5,1
8297.0,0
8309.75,1
8310.0,0
8310.75,1
8311.0,0
8312.25,1
8312.5,0
8313.0,1
8315.5,0
8315.75,1
8316.0,0
8316.5,1
8316.75,0
8317.25,1
8318.0,0
8318.5,1
8319.75,0
8320.0,1
8320.5,0
8320.75,1
8321.25,0
8324.75,1
8325.0,0
8336.25,1
8336.5,0
8337.0,1
8337.25,0
8337.5,1
8338.75,0
8339.0,1
8340.75,0
8341.25,1
8342.0,0
8342.25,1
8342.5,0
8342.75,1
8345.0,0
8350.75,1
8351.0,0
8359.25,1
8359.75,0
8360.75,1
8363.75,0
8364.0,1
8364.25,0
8364.75,1
8365.5,0
8365.75,1
8367.75,0
8368.0,1
8369.0,0
8369.5,1
8369.75,0
8374.0,1
8374.25,0
8432.75,1
8433.25,0
8434.0,1
8436.25,0
8436.5,1
8438.25,0
8438.5,1
8439.25,0
8439.5,1
8440.25,0
8440.5,1
8440.75,0
8445.25,1
8445.5,0
8455.25,1
8455.5,0
8457.25,1
8457.5,0
8458.0,1
8458.25,0
8458.5,1
8459.5,0
8460.0,1
8460.25,0
8460.5,1
8460.75,0
8461.0,1
8461.25,0
8461.75,1
8462.25,0
8462.5,1
8463.25,0
8463.75,1
8464.5,0
8478.0,1
8478.25,0
8478.75,1
8479.0,0
8480.75,1
8481.25,0
8481.75,1
8482.0,0
8482.25,1
8483.5,0
8483.75,1
8485.0,0
8485.25,1
8488.0,0
8488.5,1
8489.0,0
8491.75,1
8492.0,0
8501.75,1
8502.0,0
8503.25,1
8503.5,0
8505.0,1
8505.75,0
8506.0,1
8508.5,0
8508.75,1
8510.5,0
8510.75,1
8511.5,0
8512.25,1
8513.25,0
8526.5,1
8526.75,0
8527.75,1
8528.5,0
8529.0,1
8529.25,0
8529.5,1
8530.0,0
8530.25,1
8531.5,0
8531.75,1
8532.5,0
8532.75,1
8533.0,0
8533.25,1
8534.0,0
8534.75,1
8535.0,0
8535.5,1
8536.0,0
8536.5,1
8536.75,0
8537.0,1
8537.25,0
8541.0,1
8541.25,0
8622.25,1
8622.75,0
8624.0,1
8624.25,0
8625.0,1
8625.25,0
8625.5,1
8626.0,0
8626.25,1
8629.0,0
8629.5,1
8630.0,0
8630.25,1
8630.5,0
8630.75,1
8632.5,0
8632.75,1
8633.0,0
8633.25,1
8633.5,0
8647.75,1
8648.0,0
8648.25,1
8648.5,0
8649.5,1
8650.75,0
8651.25,1
8651.75,0
8652.0,1
8652.5,0
8652.75,1
8653.25,0
8653.5,1
8654.5,0
8654.75,1
8657.0,0
8657.25,1
8657.5,0
8660.75,1
8661.0,0
8672.0,1
8672.5,0
8673.75,1
8676.0,0
8676.25,1
8678.0,0
8678.75,1
8679.75,0
8680.0,1
8681.25,0
8681.5,1
8681.75,0
8684.5,1
8684.75,0
8685.5,1
8685.75,0
8694.5,1
8694.75,0
8695.0,1
8695.5,0
8697.75,1
8698.5,0
8699.0,1
8702.25,0
8702.5,1
8702.75,0
8703.0,1
8704.0,0
8704.25,1
8704.75,0
8705.0,1
8705.25,0

float Room-206 (4299,2)
0.0,0
33.0,1
33.5,0
33.75,1
35.75,0
36.0,1
37.0,0
37.25,1
37.75,0
38.0,1
40.75,0
41.5,1
41.75,0
45.25,1
45.5,0
55.25,1
55.5,0
56.25,1
56.5,0
57.0,1
57.25,0
57.5,1
57.75,0
58.0,1
58.75,0
59.0,1
60.0,0
60.5,1
60.75,0
61.0,1
61.25,0
61.5,1
61.75,0
62.0,1
65.0,0
78.5,1
78.75,0
81.0,1
81.5,0
82.25,1
83.5,0
83.75,1
85.0,0
85.25,1
86.0,0
86.5,1
89.0,0
92.75,1
93.25,0
102.5,1
102.75,0
104.25,1
104.5,0
105.25,1
106.0,0
106.25,1
106.5,0
106.75,1
107.0,0
107.25,1
107.5,0
107.75,1
108.75,0
109.0,1
112.25,0
112.5,1
112.75,0
113.25,1
113.5,0
129.25,1
130.0,0
130.25,1
132.5,0
132.75,1
133.0,0
133.25,1
136.75,0
137.0,1
137.25,0
201.0,1
201.25,0
201.5,1
202.0,0
202.5,1
204.25,0
204.5,1
205.0,0
205.25,1
207.0,0
207.25,1
207.5,0
207.75,1
208.5,0
208.75,1
209.0,0
225.25,1
225.5,0
225.75,1
226.0,0
226.25,1
227.0,0
227.25,1
228.0,0
228.5,1
230.0,0
230.25,1
231.75,0
232.0,1
232.25,0
232.75,1
233.0,0
247.25,1
247.75,0
248.75,1
249.0,0
249.25,1
249.5,0
249.75,1
250.25,0
250.5,1
252.0,0
252.25,1
253.5,0
253.75,1
254.0,0
254.5,1
254.75,0
255.25,1
256.5,0
272.25,1
272.5,0
273.0,1
274.5,0
274.75,1
276.0,0
276.25,1
276.5,0
276.75,1
277.5,0
277.75,1
278.5,0
278.75,1
281.5,0
286.25,1
286.5,0
287.0,1
287.25,0
294.0,1
294.25,0
295.5,1
296.0,0
296.75,1
297.0,0
297.25,1
297.75,0
298.25,1
299.25,0
299.5,1
299.75,0
300.25,1
300.75,0
301.0,1
302.25,0
302.75,1
303.25,0
303.75,1
304.5,0
304.75,1
305.25,0
308.0,1
308.25,0
309.0,1
309.25,0
369.0,1
369.5,0
369.75,1
370.5,0
370.75,1
371.0,0
371.5,1
372.25,0
372.5,1
374.0,0
374.25,1
375.5,0
375.75,1
376.5,0
376.75,1
377.0,0
392.5,1
392.75,0
393.25,1
394.0,0
394.25,1
395.75,0
396.0,1
396.75,0
397.0,1
397.5,0
398.0,1
398.25,0
398.5,1
398.75,0
399.25,1
399.5,0
399.75,1
400.25,0
400.5,1
401.25,0
405.0,1
405.25,0
406.25,1
406.5,0
438.5,1
438.75,0
441.0,1
442.0,0
442.25,1
442.75,0
443.0,1
444.25,0
444.5,1
445.5,0
446.0,1
446.5,0
446.75,1
448.0,0
448.25,1
448.5,0
449.25,1
449.5,0
464.75,1
465.25,0
465.75,1
466.0,0
466.75,1
468.25,0
468.5,1
469.25,0
469.5,1
470.0,0
470.5,1
470.75,0
471.0,1
472.5,0
472.75,1
473.25,0
477.75,1
478.0,0
537.0,1
537.5,0
537.75,1
538.0,0
538.25,1
539.0,0
539.25,1
539.5,0
540.0,1
541.25,0
541.5,1
541.75,0
542.25,1
542.5,0
543.0,1
544.25,0
544.5,1
544.75,0
550.25,1
550.5,0
561.25,1
561.5,0
562.0,1
564.75,0
565.0,1
565.25,0
565.5,1
565.75,0
566.0,1
566.5,0
566.75,1
568.5,0
568.75,1
569.0,0
582.0,1
582.25,0
585.0,1
586.75,0
587.0,1
592.75,0
595.75,1
596.0,0
597.5,1
597.75,0
608.5,1
608.75,0
609.0,1
609.75,0
610.0,1
610.5,0
610.75,1
612.0,0
612.25,1
613.25,0
613.5,1
614.25,0
614.5,1
614.75,0
615.0,1
616.0,0
616.25,1
617.25,0
617.5,1
617.75,0
619.75,1
620.0,0
630.0,1
630.25,0
631.25,1
631.5,0
631.75,1
632.0,0
633.25,1
633.5,0
633.75,1
635.25,0
635.5,1
635.75,0
636.25,1
636.5,0
636.75,1
637.5,0
637.75,1
638.5,0
639.0,1
640.0,0
640.25,1
640.75,0
641.0,1
641.5,0
705.5,1
708.75,0
709.0,1
709.75,0
710.0,1
710.25,0
710.75,1
711.75,0
712.25,1
712.5,0
712.75,1
713.0,0
713.25,1
713.5,0
725.75,1
726.0,0
726.5,1
726.75,0
728.0,1
728.25,0
728.75,1
729.5,0
730.25,1
732.25,0
732.75,1
733.25,0
734.0,1
735.0,0
735.25,1
736.0,0
736.5,1
737.0,0
737.25,1
737.5,0
750.25,1
750.5,0
753.0,1
753.25,0
753.5,1
754.5,0
754.75,1
755.0,0
755.25,1
757.25,0
757.75,1
758.5,0
758.75,1
760.5,0
760.75,1
761.25,0
761.5,1
761.75,0
764.5,1
764.75,0
765.0,1
765.25,0
765.75,1
766.0,0
773.75,1
774.0,0
774.75,1
775.0,0
776.25,1
776.5,0
777.25,1
781.0,0
781.25,1
783.5,0
783.75,1
784.5,0
785.25,1
785.5,0
798.0,1
798.25,0
799.25,1
799.5,0
801.0,1
802.0,0
802.25,1
802.5,0
802.75,1
803.0,0
803.25,1
803.75,0
804.0,1
804.75,0
805.0,1
805.75,0
806.25,1
806.5,0
806.75,1
807.0,0
807.25,1
808.0,0
808.25,1
808.75,0
809.0,1
809.25,0
873.25,1
875.75,0
876.0,1
876.5,0
876.75,1
878.25,0
878.5,1
878.75,0
879.25,1
880.75,0
881.0,1
881.25,0
894.0,1
894.25,0
895.0,1
895.25,0
897.5,1
898.0,0
898.25,1
899.5,0
899.75,1
900.75,0
901.0,1
901.5,0
901.75,1
904.75,0
905.0,1
905.5,0
905.75,1
906.0,0
917.25,1
917.5,0
919.5,1
919.75,0
921.25,1
921.5,0
921.75,1
922.0,0
922.25,1
922.5,0
922.75,1
923.25,0
924.5,1
925.25,0
925.5,1
926.0,0
926.25,1
926.5,0
926.75,1
927.75,0
928.0,1
929.0,0
933.75,1
934.0,0
942.75,1
943.0,0
943.75,1
944.0,0
945.75,1
946.0,0
946.25,1
949.25,0
949.75,1
951.0,0
951.5,1
953.25,0
965.75,1
966.0,0
966.25,1
966.5,0
966.75,1
967.0,0
968.75,1
969.0,0
969.25,1
971.25,0
971.5,1
973.0,0
973.5,1
974.0,0
974.5,1
975.25,0
975.75,1
977.0,0
977.25,1
977.75,0
980.25,1
980.5,0
1038.5,1
1038.75,0
1039.75,1
1040.0,0
1041.0,1
1041.5,0
1041.75,1
1042.0,0
1042.25,1
1042.5,0
1043.0,1
1044.5,0
1044.75,1
1046.0,0
1047.25,1
1048.5,0
1048.75,1
1049.0,0
1049.25,1
1049.5,0
1062.75,1
1063.0,0
1064.75,1
1065.0,0
1065.25,1
1066.75,0
1067.0,1
1068.5,0
1068.75,1
1070.25,0
1070.5,1
1071.5,0
1071.75,1
1073.5,0
1111.5,1
1111.75,0
1112.75,1
1113.0,0
1113.25,1
1116.0,0
1116.5,1
1117.25,0
1117.5,1
1118.0,0
1118.5,1
1119.5,0
1119.75,1
1120.25,0
1120.5,1
1121.25,0
1125.5,1
1125.75,0
1134.0,1
1134.25,0
1135.75,1
1136.0,0
1137.0,1
1137.5,0
1137.75,1
1138.0,0
1138.5,1
1139.75,0
1140.25,1
1140.5,0
1142.0,1
1142.5,0
1142.75,1
1143.0,0
1143.5,1
1143.75,0
1144.0,1
1144.5,0
1145.25,1
1146.0,0
1207.0,1
1207.25,0
1209.0,1
1212.5,0
1213.25,1
1216.5,0
1216.75,1
1217.5,0
1220.75,1
1221.0,0
1232.25,1
1232.5,0
1233.25,1
1237.25,0
1237.5,1
1238.0,0
1238.5,1
1239.25,0
1239.5,1
1241.5,0
1245.75,1
1246.0,0
1253.5,1
1253.75,0
1255.0,1
1255.25,0
1256.75,1
1260.0,0
1260.25,1
1261.5,0
1262.25,1
1264.25,0
1264.5,1
1265.0,0
1270.0,1
1270.25,0
1273.75,1
1274.0,0
1274.5,1
1274.75,0
1279.0,1
1279.25,0
1279.75,1
1280.0,0
1281.0,1
1282.75,0
1283.25,1
1284.75,0
1285.0,1
1286.25,0
1286.5,1
1289.25,0
1293.5,1
1293.75,0
1303.0,1
1303.25,0
1303.5,1
1303.75,0
1305.0,1
1308.5,0
1308.75,1
1310.0,0
1310.25,1
1310.5,0
1310.75,1
1311.0,0
1311.25,1
1311.75,0
1312.0,1
1312.75,0
1313.0,1
1313.25,0
1376.75,1
1377.0,0
1377.25,1
1377.75,0
1378.5,1
1379.75,0
1380.5,1
1380.75,0
1381.0,1
1382.75,0
1383.25,1
1385.0,0
1385.75,1
1386.0,0
1401.0,1
1405.5,0
1406.0,1
1406.75,0
1407.0,1
1407.25,0
1407.5,1
1407.75,0
1408.0,1
1408.5,0
1425.0,1
1425.25,0
1426.0,1
1427.75,0
1428.0,1
1428.25,0
1428.75,1
1431.0,0
1431.25,1
1433.0,0
1433.5,1
1433.75,0
1437.75,1
1438.0,0
1448.25,1
1448.5,0
1448.75,1
1449.0,0
1449.25,1
1449.5,0
1449.75,1
1450.0,0
1450.25,1
1450.5,0
1450.75,1
1451.5,0
1451.75,1
1452.25,0
1452.5,1
1455.5,0
1455.75,1
1457.0,0
1459.75,1
1460.0,0
1460.75,1
1461.0,0
1469.75,1
1470.0,0
1470.5,1
1470.75,0
1471.5,1
1471.75,0
1472.25,1
1472.75,0
1473.0,1
1473.5,0
1473.75,1
1476.25,0
1476.5,1
1477.5,0
1478.25,1
1478.75,0
1479.0,1
1479.75,0
1480.0,1
1480.75,0
1484.5,1
1484.75,0
1542.0,1
1542.25,0
1544.5,1
1544.75,0
1545.25,1
1545.5,0
1545.75,1
1546.25,0
1546.5,1
1546.75,0
1547.0,1
1548.0,0
1548.25,1
1548.75,0
1549.25,1
1549.75,0
1550.0,1
1551.5,0
1552.0,1
1552.75,0
1553.0,1
1553.25,0
1559.0,1
1559.25,0
1566.25,1
1566.5,0
1566.75,1
1567.0,0
1567.5,1
1568.0,0
1568.75,1
1569.0,0
1569.25,1
1570.5,0
1570.75,1
1571.0,0
1571.25,1
1573.0,0
1573.25,1
1573.75,0
1574.0,1
1574.25,0
1574.5,1
1575.5,0
1575.75,1
1576.5,0
1576.75,1
1577.0,0
1590.0,1
1590.25,0
1592.5,1
1596.0,0
1596.25,1
1598.25,0
1598.5,1
1599.25,0
1599.5,1
1600.75,0
1605.0,1
1605.25,0
1614.25,1
1614.5,0
1614.75,1
1615.0,0
1617.5,1
1619.0,0
1619.5,1
1620.5,0
1621.0,1
1622.5,0
1622.75,1
1623.5,0
1623.75,1
1624.25,0
1624.5,1
1624.75,0
1625.0,1
1625.25,0
1627.75,1
1628.0,0
1629.25,1
1629.5,0
1641.0,1
1644.0,0
1644.25,1
1645.25,0
1645.5,1
1648.75,0
1649.25,1
1649.5,0
1710.5,1
1710.75,0
1712.5,1
1713.0,0
1713.75,1
1714.25,0
1714.75,1
1717.25,0
1717.75,1
1719.75,0
1720.25,1
1720.75,0
1734.5,1
1735.0,0
1736.25,1
1736.5,0
1737.75,1
1740.25,0
1740.75,1
1741.0,0
1741.25,1
1742.0,0
1742.25,1
1742.5,0
1742.75,1
1743.5,0
1743.75,1
1745.25,0
1760.75,1
1761.0,0
1761.25,1
1761.75,0
1762.0,1
1762.25,0
1762.5,1
1766.25,0
1766.75,1
1769.0,0
1773.25,1
1773.5,0
1785.0,1
1786.5,0
1786.75,1
1789.0,0
1789.25,1
1791.25,0
1791.5,1
1792.5,0
1793.0,1
1793.5,0
1796.25,1
1796.75,0
1808.75,1
1809.75,0
1810.0,1
1812.75,0
1813.25,1
1814.25,0
1814.5,1
1816.25,0
1816.75,1
1817.25,0
1878.0,1
1878.25,0
1879.5,1
1879.75,0
1880.25,1
1880.5,0
1881.0,1
1882.5,0
1882.75,1
1885.0,0
1885.25,1
1887.0,0
1887.5,1
1888.0,0
1888.25,1
1888.5,0
1888.75,1
1889.0,0
1902.5,1
1902.75,0
1905.0,1
1906.75,0
1907.0,1
1907.5,0
1907.75,1
1908.25,0
1908.5,1
1909.0,0
1909.75,1
1911.5,0
1912.25,1
1913.25,0
1926.0,1
1926.25,0
1926.5,1
1926.75,0
1928.75,1
1929.0,0
1929.25,1
1929.5,0
1929.75,1
1931.25,0
1931.75,1
1932.25,0
1933.0,1
1933.25,0
1933.75,1
1935.25,0
1935.5,1
1936.25,0
1936.75,1
1937.0,0
1937.25,1
1937.5,0
1953.25,1
1956.25,0
1956.75,1
1957.75,0
1958.0,1
1958.5,0
1959.0,1
1959.5,0
1959.75,1
1961.25,0
1974.5,1
1974.75,0
1977.0,1
1977.25,0
1977.75,1
1978.75,0
1979.0,1
1979.25,0
1979.5,1
1981.5,0
1982.0,1
1984.25,0
1984.5,1
1984.75,0
1985.0,1
1985.25,0
1985.5,1
1985.75,0
1989.0,1
1989.25,0
2046.75,1
2047.0,0
2048.5,1
2048.75,0
2049.0,1
2049.25,0
2049.5,1
2049.75,0
2050.0,1
2051.75,0
2052.0,1
2052.25,0
2052.5,1
2053.0,0
2053.25,1
2053.5,0
2054.0,1
2054.25,0
2055.0,1
2056.5,0
2056.75,1
2057.5,0
2061.0,1
2061.25,0
2070.5,1
2070.75,0
2071.5,1
2071.75,0
2073.0,1
2074.25,0
2074.5,1
2076.0,0
2076.75,1
2077.5,0
2077.75,1
2080.5,0
2081.0,1
2081.25,0
2085.5,1
2085.75,0
2094.0,1
2094.25,0
2097.0,1
2097.25,0
2097.5,1
2099.25,0
2099.75,1
2100.0,0
2100.25,1
2101.0,0
2101.5,1
2102.25,0
2102.5,1
2105.0,0
2120.75,1
2121.75,0
2122.0,1
2123.0,0
2123.25,1
2124.25,0
2124.5,1
2126.25,0
2126.5,1
2127.0,0
2127.25,1
2129.5,0
2142.5,1
2142.75,0
2145.25,1
2146.5,0
2146.75,1
2148.0,0
2148.25,1
2149.5,0
2149.75,1
2151.0,0
2151.5,1
2152.25,0
2152.5,1
2153.0,0
2153.5,1
2153.75,0
2157.0,1
2157.25,0
2214.5,1
2214.75,0
2215.75,1
2216.0,0
2216.5,1
2216.75,0
2217.0,1
2218.75,0
2219.0,1
2219.25,0
2219.5,1
2220.0,0
2220.25,1
2220.5,0
2220.75,1
2221.0,0
2221.25,1
2223.25,0
2223.75,1
2224.5,0
2224.75,1
2225.0,0
2225.5,1
2225.75,0
2238.75,1
2239.0,0
2241.0,1
2242.75,0
2243.0,1
2243.25,0
2243.5,1
2244.25,0
2244.5,1
2245.25,0
2245.5,1
2245.75,0
2246.0,1
2248.25,0
2249.0,1
2249.25,0
2249.5,1
2250.0,0
2262.75,1
2263.0,0
2264.75,1
2265.0,0
2265.5,1
2265.75,0
2266.0,1
2267.5,0
2267.75,1
2269.0,0
2269.75,1
2270.0,0
2270.75,1
2271.0,0
2271.25,1
2272.0,0
2272.5,1
2273.0,0
2273.25,1
2273.5,0
2275.75,1
2276.0,0
2276.5,1
2276.75,0
2286.25,1
2286.5,0
2287.0,1
2287.25,0
2289.25,1
2289.5,0
2290.0,1
2290.75,0
2291.0,1
2291.5,0
2291.75,1
2292.25,0
2292.5,1
2295.0,0
2295.25,1
2295.5,0
2295.75,1
2296.0,0
2296.25,1
2296.5,0
2296.75,1
2297.5,0
2310.5,1
2311.0,0
2311.75,1
2312.0,0
2313.0,1
2313.5,0
2313.75,1
2318.0,0
2318.5,1
2318.75,0
2319.5,1
2320.25,0
2320.5,1
2321.0,0
2321.25,1
2321.5,0
2384.5,1
2384.75,0
2385.0,1
2385.25,0
2385.5,1
2385.75,0
2386.0,1
2386.5,0
2387.0,1
2387.75,0
2388.0,1
2388.5,0
2388.75,1
2389.25,0
2389.5,1
2390.0,0
2390.25,1
2390.5,0
2390.75,1
2391.0,0
2391.5,1
2392.75,0
2393.0,1
2393.25,0
2398.25,1
2398.75,0
2408.5,1
2409.0,0
2409.25,1
2410.25,0
2410.5,1
2411.5,0
2411.75,1
2415.25,0
2416.25,1
2416.5,0
2430.5,1
2430.75,0
2432.5,1
2432.75,0
2433.25,1
2433.75,0
2434.0,1
2434.25,0
2434.5,1
2435.0,0
2435.25,1
2436.0,0
2436.25,1
2437.5,0
2438.0,1
2438.25,0
2438.5,1
2440.5,0
2441.0,1
2441.25,0
2455.25,1
2456.0,0
2457.25,1
2459.75,0
2460.75,1
2463.0,0
2463.25,1
2464.0,0
2464.5,1
2464.75,0
2465.5,1
2465.75,0
2478.75,1
2479.0,0
2481.25,1
2481.5,0
2481.75,1
2484.75,0
2485.0,1
2485.5,0
2485.75,1
2486.75,0
2487.0,1
2488.5,0
2489.0,1
2489.5,0
2550.75,1
2551.0,0
2551.75,1
2552.0,0
2552.75,1
2556.75,0
2557.0,1
2558.25,0
2559.0,1
2559.75,0
2560.75,1
2561.0,0
2561.5,1
2561.75,0
2565.25,1
2565.5,0
2574.5,1
2575.0,0
2575.75,1
2576.0,0
2577.0,1
2578.0,0
2578.5,1
2579.75,0
2580.0,1
2580.5,0
2580.75,1
2581.5,0
2581.75,1
2582.5,0
2582.75,1
2583.0,0
2583.25,1
2583.5,0
2583.75,1
2584.75,0
2585.0,1
2585.5,0
2598.75,1
2599.0,0
2600.5,1
2600.75,0
2601.0,1
2601.75,0
2602.0,1
2602.5,0
2602.75,1
2603.25,0
2603.5,1
2604.0,0
2604.25,1
2604.75,0
2605.0,1
2605.25,0
2605.5,1
2609.25,0
2622.5,1
2622.75,0
2623.5,1
2623.75,0
2624.0,1
2624.25,0
2624.75,1
2625.0,0
2625.75,1
2628.0,0
2628.25,1
2629.25,0
2629.75,1
2630.0,0
2630.5,1
2630.75,0
2631.0,1
2632.5,0
2645.75,1
2646.0,0
2646.25,1
2646.5,0
2648.25,1
2648.5,0
2648.75,1
2649.25,0
2649.5,1
2649.75,0
2650.25,1
2652.0,0
2652.25,1
2653.25,0
2653.75,1
2654.0,0
2654.25,1
2657.0,0
2718.0,1
2718.25,0
2721.0,1
2721.5,0
2721.75,1
2722.25,0
2722.75,1
2723.5,0
2723.75,1
2724.25,0
2724.5,1
2726.75,0
2728.0,1
2728.75,0
2729.0,1
2729.25,0
2729.5,1
2730.0,0
2733.5,1
2733.75,0
2742.25,1
2742.5,0
2744.5,1
2744.75,0
2745.0,1
2745.25,0
2745.5,1
2746.25,0
2746.5,1
2746.75,0
2747.0,1
2747.5,0
2747.75,1
2749.25,0
2749.5,1
2750.25,0
2750.5,1
2752.5,0
2766.5,1
2766.75,0
2767.25,1
2767.5,0
2768.25,1
2770.5,0
2770.75,1
2771.5,0
2772.25,1
2773.75,0
2774.25,1
2776.25,0
2776.5,1
2777.25,0
2792.5,1
2792.75,0
2793.0,1
2793.25,0
2793.5,1
2795.0,0
2795.25,1
2796.0,0
2796.25,1
2796.75,0
2797.0,1
2799.5,0
2800.0,1
2800.75,0
2801.5,1
2801.75,0
2813.75,1
2814.0,0
2814.5,1
2814.75,0
2816.0,1
2816.25,0
2816.5,1
2816.75,0
2817.5,1
2817.75,0
2818.0,1
2819.0,0
2819.25,1
2819.75,0
2820.0,1
2821.25,0
2821.75,1
2824.5,0
2886.25,1
2886.5,0
2889.25,1
2890.5,0
2890.75,1
2893.25,0
2893.5,1
2894.25,0
2894.5,1
2895.25,0
2895.5,1
2896.75,0
2897.5,1
2898.0,0
2900.25,1
2900.5,0
2901.0,1
2901.25,0
2912.0,1
2912.25,0
2912.5,1
2912.75,0
2913.25,1
2913.75,0
2914.0,1
2915.5,0
2915.75,1
2916.0,0
2916.25,1
2921.0,0
2935.5,1
2935.75,0
2937.0,1
2937.25,0
2937.5,1
2938.25,0
2938.5,1
2940.0,0
2941.0,1
2942.0,0
2942.25,1
2942.5,0
2942.75,1
2943.0,0
2943.25,1
2944.25,0
2944.5,1
2944.75,0
2959.5,1
2959.75,0
2960.0,1
2960.25,0
2961.0,1
2961.5,0
2961.75,1
2963.25,0
2963.5,1
2964.0,0
2964.25,1
2965.75,0
2966.0,1
2967.5,0
2967.75,1
2968.75,0
2981.75,1
2982.0,0
2982.75,1
2983.0,0
2984.25,1
2984.5,0
2985.0,1
2987.75,0
2988.0,1
2989.0,0
2989.25,1
2989.5,0
2989.75,1
2990.0,0
2990.25,1
2990.75,0
2991.0,1
2992.75,0
2993.0,1
2993.25,0
2996.75,1
2997.25,0
2997.5,1
2997.75,0
3054.25,1
3054.5,0
3054.75,1
3055.0,0
3055.25,1
3055.5,0
3057.0,1
3057.25,0
3057.5,1
3057.75,0
3058.0,1
3062.25,0
3062.75,1
3064.75,0
3068.0,1
3068.25,0
3080.25,1
3081.0,0
3081.25,1
3083.0,0
3083.25,1
3083.5,0
3083.75,1
3084.5,0
3084.75,1
3085.5,0
3086.0,1
3086.25,0
3086.5,1
3089.25,0
3093.0,1
3093.25,0
3104.75,1
3105.0,0
3105.75,1
3106.5,0
3106.75,1
3107.75,0
3108.0,1
3108.25,0
3108.5,1
3110.25,0
3110.5,1
3111.5,0
3111.75,1
3112.0,0
3112.25,1
3113.25,0
3116.75,1
3117.0,0
3117.5,1
3118.0,0
3127.0,1
3127.25,0
3128.75,1
3129.0,0
3129.25,1
3130.75,0
3131.25,1
3131.75,0
3132.25,1
3133.25,0
3133.5,1
3134.0,0
3134.25,1
3134.5,0
3135.0,1
3136.75,0
3140.0,1
3140.25,0
3150.75,1
3151.25,0
3152.0,1
3152.25,0
3152.5,1
3152.75,0
3153.0,1
3155.75,0
3156.0,1
3156.25,0
3156.5,1
3157.25,0
3157.5,1
3157.75,0
3158.0,1
3159.75,0
3160.0,1
3160.75,0
3161.0,1
3161.25,0
3224.5,1
3224.75,0
3225.0,1
3225.25,0
3225.5,1
3226.0,0
3226.25,1
3226.5,0
3226.75,1
3227.5,0
3227.75,1
3230.5,0
3231.0,1
3231.5,0
3231.75,1
3232.0,0
3232.25,1
3233.25,0
3245.75,1
3246.0,0
3248.25,1
3248.5,0
3249.25,1
3249.5,0
3249.75,1
3250.0,0
3250.25,1
3251.25,0
3251.5,1
3251.75,0
3252.0,1
3252.25,0
3252.75,1
3253.75,0
3254.0,1
3254.5,0
3255.25,1
3256.0,0
3256.25,1
3257.0,0
3270.75,1
3271.25,0
3272.75,1
3273.75,0
3274.0,1
3275.0,0
3275.25,1
3276.0,0
3276.25,1
3277.25,0
3277.5,1
3278.0,0
3279.25,1
3280.25,0
3280.5,1
3281.25,0
3284.25,1
3284.5,0
3295.75,1
3296.0,0
3296.75,1
3297.5,0
3297.75,1
3298.25,0
3298.5,1
3301.0,0
3301.25,1
3301.75,0
3302.75,1
3303.5,0
3303.75,1
3304.75,0
3305.25,1
3305.5,0
3318.25,1
3318.75,0
3319.0,1
3319.25,0
3320.5,1
3320.75,0
3321.0,1
3321.25,0
3321.5,1
3321.75,0
3322.0,1
3323.75,0
3324.0,1
3324.75,0
3325.25,1
3325.75,0
3326.0,1
3328.25,0
3328.5,1
3329.0,0
3329.5,1
3330.0,0
3332.75,1
3333.0,0
3391.25,1
3392.0,0
3393.25,1
3393.5,0
3393.75,1
3397.5,0
3397.75,1
3400.5,0
3401.0,1
3401.25,0
3414.0,1
3414.25,0
3416.75,1
3417.0,0
3417.75,1
3418.0,0
3418.75,1
3419.0,0
3419.25,1
3420.0,0
3420.25,1
3421.0,0
3421.25,1
3421.5,0
3421.75,1
3422.0,0
3422.25,1
3425.25,0
3441.5,1
3441.75,0
3442.0,1
3442.75,0
3443.0,1
3443.75,0
3444.25,1
3444.5,0
3445.0,1
3446.75,0
3447.25,1
3448.0,0
3448.25,1
3449.0,0
3463.25,1
3464.0,0
3465.0,1
3466.0,0
3466.25,1
3468.0,0
3468.25,1
3469.0,0
3469.25,1
3469.75,0
3470.0,1
3470.25,0
3470.75,1
3471.25,0
3471.5,1
3472.5,0
3472.75,1
3473.0,0
3473.75,1
3474.0,0
3486.5,1
3486.75,0
3488.75,1
3489.0,0
3489.5,1
3490.25,0
3490.5,1
3491.5,0
3491.75,1
3492.25,0
3492.75,1
3493.5,0
3494.25,1
3494.75,0
3495.0,1
3496.0,0
3496.25,1
3497.25,0
3497.5,1
3497.75,0
3499.75,1
3500.0,0
3558.5,1
3559.0,0
3559.25,1
3559.5,0
3560.5,1
3560.75,0
3561.25,1
3561.5,0
3562.0,1
3562.75,0
3563.0,1
3563.75,0
3564.0,1
3564.25,0
3565.0,1
3566.25,0
3566.5,1
3568.0,0
3568.5,1
3568.75,0
3569.0,1
3569.25,0
3608.5,1
3609.75,0
3610.0,1
3612.0,0
3612.25,1
3612.75,0
3613.0,1
3613.25,0
3613.5,1
3614.0,0
3614.25,1
3614.75,0
3615.0,1
3615.75,0
3616.0,1
3617.0,0
3621.0,1
3621.25,0
3632.75,1
3633.25,0
3633.5,1
3634.0,0
3634.25,1
3635.75,0
3636.25,1
3636.75,0
3637.25,1
3637.75,0
3638.0,1
3639.25,0
3639.5,1
3641.0,0
3646.75,1
3647.0,0
3656.25,1
3657.0,0
3657.25,1
3658.0,0
3658.25,1
3659.25,0
3659.5,1
3660.75,0
3661.25,1
3661.75,0
3662.25,1
3664.75,0
3665.0,1
3665.25,0
3668.5,1
3668.75,0
3728.75,1
3729.75,0
3730.0,1
3732.75,0
3733.0,1
3734.5,0
3734.75,1
3735.5,0
3735.75,1
3736.75,0
3737.25,1
3737.5,0
3740.0,1
3740.25,0
3750.25,1
3750.75,0
3753.25,1
3754.25,0
3754.5,1
3754.75,0
3755.0,1
3756.0,0
3756.25,1
3757.75,0
3758.0,1
3759.0,0
3759.25,1
3759.75,0
3760.25,1
3760.75,0
3761.0,1
3761.25,0
3777.0,1
3777.75,0
3778.0,1
3778.75,0
3779.0,1
3783.25,0
3783.5,1
3785.0,0
3785.25,1
3785.5,0
3788.75,1
3789.0,0
3798.5,1
3798.75,0
3800.25,1
3800.5,0
3801.0,1
3801.25,0
3801.5,1
3802.0,0
3802.25,1
3803.0,0
3803.25,1
3805.5,0
3805.75,1
3806.0,0
3806.5,1
3807.5,0
3807.75,1
3808.0,0
3808.25,1
3809.0,0
3813.5,1
3813.75,0
3822.75,1
3823.0,0
3824.25,1
3824.5,0
3824.75,1
3825.0,0
3825.25,1
3829.5,0
3830.0,1
3831.75,0
3832.25,1
3833.0,0
3833.75,1
3834.0,0
3838.25,1
3838.5,0
3838.75,1
3839.0,0
3895.75,1
3896.25,0
3896.75,1
3897.0,0
3897.25,1
3897.5,0
3897.75,1
3900.0,0
3900.25,1
3902.25,0
3902.5,1
3903.5,0
3904.0,1
3904.5,0
3904.75,1
3905.0,0
3909.5,1
3909.75,0
3918.25,1
3918.5,0
3921.0,1
3923.75,0
3924.25,1
3925.0,0
3925.25,1
3926.25,0
3926.5,1
3928.25,0
3928.5,1
3928.75,0
3929.0,1
3929.25,0
3933.25,1
3933.5,0
3945.5,1
3947.0,0
3947.5,1
3948.0,0
3948.75,1
3951.25,0
3951.5,1
3952.5,0
3952.75,1
3953.25,0
3969.0,1
3969.25,0
3969.5,1
3970.5,0
3970.75,1
3971.25,0
3971.75,1
3972.25,0
3972.5,1
3973.0,0
3973.25,1
3976.25,0
3976.5,1
3976.75,0
3980.5,1
3980.75,0
3993.5,1
3995.25,0
3995.5,1
3995.75,0
3996.0,1
3997.25,0
3997.5,1
3998.0,0
3998.25,1
3999.5,0
3999.75,1
4000.25,0
4000.5,1
4000.75,0
4001.25,1
4001.5,0
4062.75,1
4063.0,0
4064.75,1
4066.0,0
4066.25,1
4066.5,0
4066.75,1
4067.0,0
4067.25,1
4069.25,0
4069.5,1
4070.25,0
4070.5,1
4071.0,0
4071.25,1
4071.75,0
4072.0,1
4072.5,0
4072.75,1
4073.25,0
4077.5,1
4077.75,0
4086.75,1
4087.0,0
4088.75,1
4092.25,0
4092.5,1
4092.75,0
4093.0,1
4093.25,0
4093.75,1
4094.0,0
4094.25,1
4094.75,0
4095.0,1
4095.25,0
4095.5,1
4096.5,0
4096.75,1
4097.25,0
4100.75,1
4101.0,0
4101.25,1
4101.5,0
4102.25,1
4102.5,0
4111.0,1
4111.25,0
4112.75,1
4113.25,0
4113.5,1
4115.5,0
4115.75,1
4116.5,0
4116.75,1
4117.75,0
4118.0,1
4120.75,0
4121.0,1
4121.75,0
4125.75,1
4126.0,0
4134.5,1
4134.75,0
4135.0,1
4135.25,0
4136.75,1
4137.25,0
4137.5,1
4139.0,0
4139.25,1
4140.0,0
4140.25,1
4141.25,0
4141.75,1
4142.0,0
4142.5,1
4143.0,0
4143.25,1
4144.0,0
4144.25,1
4145.25,0
4147.25,1
4147.5,0
4148.5,1
4148.75,0
4149.5,1
4149.75,0
4161.0,1
4162.0,0
4162.25,1
4163.0,0
4163.5,1
4163.75,0
4164.0,1
4164.75,0
4165.25,1
4166.5,0
4166.75,1
4169.25,0
4232.0,1
4232.25,0
4232.5,1
4232.75,0
4233.25,1
4234.0,0
4234.25,1
4238.25,0
4238.5,1
4238.75,0
4239.25,1
4240.0,0
4240.5,1
4240.75,0
4241.0,1
4241.5,0
4257.25,1
4259.75,0
4260.0,1
4261.25,0
4261.5,1
4264.5,0
4265.25,1
4265.5,0
4279.0,1
4279.25,0
4280.0,1
4281.0,0
4282.0,1
4284.0,0
4284.25,1
4285.25,0
4285.5,1
4287.0,0
4287.5,1
4288.25,0
4288.5,1
4288.75,0
4289.25,1
4289.5,0
4293.5,1
4293.75,0
4303.5,1
4303.75,0
4304.25,1
4304.75,0
4305.25,1
4306.5,0
4307.25,1
4309.25,0
4309.75,1
4313.25,0
4326.75,1
4327.0,0
4328.75,1
4329.0,0
4330.0,1
4332.25,0
4332.5,1
4332.75,0
4333.0,1
4333.75,0
4334.25,1
4334.75,0
4335.25,1
4336.25,0
4336.75,1
4337.5,0
4340.5,1
4340.75,0
4343.0,1
4343.25,0
4400.5,1
4400.75,0
4401.25,1
4403.0,0
4403.5,1
4404.75,0
4405.0,1
4405.25,0
4405.5,1
4405.75,0
4406.0,1
4407.25,0
4407.5,1
4408.0,0
4408.25,1
4408.5,0
4408.75,1
4409.0,0
4412.75,1
4413.0,0
4446.75,1
4447.0,0
4448.5,1
4451.25,0
4451.5,1
4452.0,0
4452.25,1
4452.5,0
4452.75,1
4455.0,0
4455.5,1
4457.0,0
4461.75,1
4462.0,0
4470.5,1
4470.75,0
4473.0,1
4473.75,0
4474.0,1
4475.0,0
4475.25,1
4475.75,0
4476.0,1
4476.5,0
4477.5,1
4477.75,0
4478.0,1
4478.5,0
4478.75,1
4481.25,0
4481.5,1
4481.75,0
4494.5,1
4494.75,0
4496.0,1
4496.25,0
4496.75,1
4497.0,0
4497.25,1
4497.5,0
4497.75,1
4498.0,0
4498.5,1
4499.0,0
4499.5,1
4500.0,0
4500.25,1
4501.5,0
4501.75,1
4503.0,0
4503.25,1
4505.0,0
4505.25,1
4505.5,0
4505.75,1
4506.0,0
4568.75,1
4569.0,0
4569.25,1
4570.25,0
4570.5,1
4572.0,0
4572.25,1
4572.75,0
4573.0,1
4574.0,0
4574.5,1
4576.25,0
4576.5,1
4577.0,0
4591.5,1
4591.75,0
4593.0,1
4596.0,0
4596.75,1
4598.0,0
4598.25,1
4599.75,0
4600.0,1
4600.5,0
4600.75,1
4601.0,0
4617.0,1
4618.5,0
4618.75,1
4619.75,0
4620.0,1
4620.25,0
4620.5,1
4622.75,0
4623.0,1
4625.25,0
4625.5,1
4625.75,0
4629.0,1
4629.25,0
4637.75,1
4638.0,0
4641.0,1
4641.25,0
4641.75,1
4642.5,0
4642.75,1
4643.0,0
4643.25,1
4644.0,0
4644.25,1
4644.75,0
4645.0,1
4646.75,0
4647.0,1
4647.25,0
4647.5,1
4648.0,0
4648.5,1
4649.25,0
4651.0,1
4651.25,0
4662.5,1
4662.75,0
4664.5,1
4665.0,0
4665.25,1
4665.5,0
4665.75,1
4667.75,0
4668.0,1
4669.0,0
4669.25,1
4669.5,0
4669.75,1
4670.5,0
4670.75,1
4671.0,0
4671.25,1
4673.0,0
4677.5,1
4677.75,0
4734.5,1
4735.0,0
4737.25,1
4737.5,0
4737.75,1
4740.0,0
4740.75,1
4741.25,0
4742.25,1
4742.75,0
4743.0,1
4743.75,0
4744.25,1
4745.25,0
4748.75,1
4749.0,0
4758.0,1
4758.5,0
4761.0,1
4761.25,0
4761.75,1
4762.25,0
4762.75,1
4763.0,0
4763.25,1
4764.0,0
4764.25,1
4765.25,0
4765.5,1
4766.25,0
4766.5,1
4768.5,0
4768.75,1
4769.25,0
4769.5,1
4769.75,0
4785.0,1
4785.5,0
4785.75,1
4787.5,0
4787.75,1
4788.25,0
4788.5,1
4789.0,0
4789.25,1
4789.75,0
4790.25,1
4793.25,0
4807.5,1
4807.75,0
4808.25,1
4808.5,0
4809.0,1
4811.25,0
4811.5,1
4812.5,0
4812.75,1
4813.0,0
4813.25,1
4813.5,0
4814.0,1
4814.25,0
4814.5,1
4815.5,0
4816.0,1
4816.75,0
4817.0,1
4818.0,0
4820.5,1
4820.75,0
4821.0,1
4821.25,0
4830.25,1
4830.5,0
4832.5,1
4833.0,0
4833.25,1
4834.25,0
4834.75,1
4835.75,0
4836.0,1
4839.25,0
4839.5,1
4840.0,0
4840.25,1
4840.5,0
4904.25,1
4904.5,0
4904.75,1
4905.0,0
4905.5,1
4907.5,0
4907.75,1
4909.0,0
4909.25,1
4909.75,0
4910.0,1
4912.0,0
4912.25,1
4912.5,0
4912.75,1
4913.25,0
4926.75,1
4927.0,0
4927.25,1
4927.5,0
4928.75,1
4929.0,0
4929.5,1
4933.75,0
4934.0,1
4936.25,0
4936.5,1
4937.0,0
4951.0,1
4951.25,0
4953.25,1
4956.5,0
4956.75,1
4958.25,0
4958.5,1
4959.0,0
4959.25,1
4961.25,0
4964.75,1
4965.0,0
4965.25,1
4965.5,0
4976.25,1
4976.5,0
4976.75,1
4977.25,0
4977.5,1
4977.75,0
4978.0,1
4979.0,0
4979.25,1
4982.0,0
4982.25,1
4982.75,0
4983.0,1
4984.25,0
4984.5,1
4985.25,0
4988.75,1
4989.0,0
4997.75,1
4998.0,0
4999.25,1
4999.75,0
5001.25,1
5001.5,0
5001.75,1
5002.0,0
5002.25,1
5003.75,0
5004.0,1
5004.25,0
5004.5,1
5004.75,0
5005.0,1
5005.5,0
5005.75,1
5006.75,0
5007.0,1
5008.0,0
5008.25,1
5009.0,0
5070.5,1
5070.75,0
5072.5,1
5073.0,0
5073.25,1
5073.5,0
5073.75,1
5076.0,0
5076.25,1
5077.5,0
5078.0,1
5079.0,0
5079.25,1
5079.75,0
5080.0,1
5080.75,0
5081.25,1
5081.5,0
5085.25,1
5085.5,0
5094.0,1
5094.5,0
5095.5,1
5096.0,0
5096.5,1
5096.75,0
5097.0,1
5097.25,0
5097.75,1
5098.0,0
5098.25,1
5098.75,0
5099.0,1
5099.25,0
5099.5,1
5100.5,0
5101.0,1
5102.5,0
5102.75,1
5104.75,0
5105.0,1
5105.5,0
5105.75,1
5106.0,0
5109.0,1
5109.25,0
5110.5,1
5110.75,0
5119.75,1
5120.0,0
5121.5,1
5122.75,0
5123.0,1
5123.25,0
5123.5,1
5123.75,0
5124.0,1
5124.25,0
5124.5,1
5126.0,0
5126.25,1
5128.25,0
5128.5,1
5129.0,0
5129.25,1
5129.5,0
5130.0,1
5130.25,0
5144.25,1
5144.5,0
5145.5,1
5149.5,0
5149.75,1
5150.0,0
5150.25,1
5150.5,0
5150.75,1
5151.5,0
5151.75,1
5152.5,0
5152.75,1
5153.0,0
5153.25,1
5153.5,0
5169.0,1
5173.75,0
5174.0,1
5177.25,0
5177.5,1
5177.75,0
5178.0,1
5178.25,0
5180.5,1
5180.75,0
5239.75,1
5240.0,0
5241.25,1
5241.5,0
5241.75,1
5242.25,0
5242.5,1
5242.75,0
5243.0,1
5244.25,0
5244.5,1
5245.0,0
5245.25,1
5245.5,0
5246.0,1
5246.5,0
5246.75,1
5248.75,0
5253.25,1
5253.5,0
5261.75,1
5262.0,0
5262.5,1
5262.75,0
5265.0,1
5265.5,0
5265.75,1
5266.5,0
5266.75,1
5267.5,0
5268.0,1
5272.5,0
5277.75,1
5278.0,0
5287.5,1
5287.75,0
5289.25,1
5290.0,0
5290.25,1
5292.25,0
5292.5,1
5292.75,0
5293.25,1
5294.0,0
5294.25,1
5294.5,0
5294.75,1
5297.0,0
5297.25,1
5297.5,0
5312.75,1
5313.0,0
5313.5,1
5314.0,0
5314.25,1
5317.25,0
5317.75,1
5320.75,0
5321.25,1
5321.5,0
5335.5,1
5335.75,0
5337.0,1
5337.5,0
5338.25,1
5340.5,0
5341.0,1
5342.75,0
5343.0,1
5345.25,0
5345.5,1
5345.75,0
5349.25,1
5349.5,0
5408.25,1
5408.5,0
5408.75,1
5409.0,0
5409.5,1
5410.25,0
5410.5,1
5411.75,0
5412.0,1
5413.0,0
5413.25,1
5415.5,0
5415.75,1
5416.5,0
5417.0,1
5417.25,0
5421.75,1
5422.0,0
5422.5,1
5422.75,0
5431.25,1
5431.5,0
5431.75,1
5432.0,0
5432.75,1
5433.0,0
5433.25,1
5433.5,0
5433.75,1
5436.5,0
5436.75,1
5437.25,0
5437.5,1
5438.0,0
5438.5,1
5441.25,0
5441.5,1
5441.75,0
5445.75,1
5446.0,0
5457.0,1
5457.75,0
5458.0,1
5458.25,0
5458.5,1
5460.0,0
5460.25,1
5460.75,0
5462.0,1
5462.25,0
5462.75,1
5463.75,0
5464.0,1
5464.25,0
5464.5,1
5465.0,0
5481.5,1
5482.5,0
5482.75,1
5483.5,0
5484.0,1
5484.25,0
5484.5,1
5484.75,0
5485.0,1
5485.75,0
5486.0,1
5487.5,0
5487.75,1
5488.25,0
5488.5,1
5489.0,0
5502.0,1
5502.25,0
5503.5,1
5503.75,0
5504.75,1
5506.5,0
5506.75,1
5507.0,0
5507.25,1
5507.75,0
5508.0,1
5508.5,0
5508.75,1
5509.0,0
5509.5,1
5510.25,0
5510.5,1
5511.0,0
5511.25,1
5512.25,0
5512.5,1
5513.5,0
5516.5,1
5516.75,0
5575.0,1
5575.25,0
5576.0,1
5576.25,0
5577.25,1
5577.75,0
5578.0,1
5578.75,0
5579.0,1
5580.5,0
5581.0,1
5581.75,0
5582.0,1
5583.25,0
5584.5,1
5585.25,0
5588.75,1
5589.0,0
5600.5,1
5602.75,0
5603.5,1
5604.5,0
5604.75,1
5605.5,0
5605.75,1
5608.0,0
5608.25,1
5609.25,0
5623.5,1
5623.75,0
5624.25,1
5624.5,0
5625.0,1
5625.5,0
5625.75,1
5626.25,0
5626.5,1
5627.75,0
5628.0,1
5628.25,0
5628.5,1
5628.75,0
5629.0,1
5629.25,0
5629.75,1
5630.5,0
5630.75,1
5631.0,0
5631.25,1
5633.0,0
5637.0,1
5637.25,0
5645.0,1
5645.5,0
5646.0,1
5646.25,0
5648.5,1
5648.75,0
5649.0,1
5650.0,0
5650.25,1
5655.0,0
5655.25,1
5656.25,0
5656.5,1
5657.0,0
5662.0,1
5662.25,0
5670.25,1
5670.5,0
5671.5,1
5671.75,0
5673.25,1
5676.0,0
5676.25,1
5676.75,0
5677.0,1
5678.0,0
5678.25,1
5678.5,0
5678.75,1
5680.5,0
5680.75,1
5681.0,0
5681.25,1
5681.5,0
5681.75,1
5682.0,0
5745.0,1
5746.0,0
5746.5,1
5747.25,0
5747.5,1
5747.75,0
5748.0,1
5748.25,0
5748.5,1
5750.75,0
5751.0,1
5751.25,0
5751.5,1
5751.75,0
5752.25,1
5753.0,0
5753.75,1
5754.0,0
5768.25,1
5768.5,0
5768.75,1
5769.0,0
5769.5,1
5769.75,0
5770.0,1
5772.5,0
5772.75,1
5773.5,0
5773.75,1
5774.0,0
5774.25,1
5775.75,0
5776.0,1
5776.5,0
5776.75,1
5777.0,0
5790.5,1
5790.75,0
5791.0,1
5791.25,0
5792.75,1
5793.25,0
5793.75,1
5795.75,0
5797.0,1
5800.25,0
5800.5,1
5801.25,0
5817.25,1
5818.25,0
5818.5,1
5820.75,0
5821.0,1
5821.25,0
5821.75,1
5822.0,0
5822.25,1
5822.5,0
5822.75,1
5823.0,0
5823.25,1
5823.75,0
5824.0,1
5825.0,0
5838.75,1
5839.0,0
5841.25,1
5841.75,0
5842.0,1
5842.5,0
5843.0,1
5843.5,0
5843.75,1
5844.25,0
5844.5,1
5848.25,0
5848.5,1
5848.75,0
5849.0,1
5849.5,0
5852.75,1
5853.25,0
5909.5,1
5910.0,0
5911.0,1
5911.25,0
5912.25,1
5914.0,0
5914.25,1
5915.0,0
5915.25,1
5916.5,0
5916.75,1
5917.0,0
5917.25,1
5917.5,0
5918.0,1
5919.75,0
5920.0,1
5921.0,0
5925.75,1
5926.0,0
5960.75,1
5961.25,0
5961.5,1
5962.0,0
5963.0,1
5963.25,0
5963.5,1
5964.25,0
5964.5,1
5965.25,0
5965.5,1
5969.0,0
5969.5,1
5969.75,0
5984.25,1
5984.5,0
5984.75,1
5985.0,0
5985.25,1
5985.5,0
5985.75,1
5986.5,0
5986.75,1
5987.5,0
5987.75,1
5990.25,0
5990.5,1
5991.25,0
5991.5,1
5992.25,0
5992.5,1
5993.25,0
6007.5,1
6007.75,0
6009.75,1
6010.0,0
6010.5,1
6011.75,0
6012.0,1
6012.5,0
6012.75,1
6014.5,0
6014.75,1
6015.75,0
6016.0,1
6017.0,0
6021.5,1
6021.75,0
6078.0,1
6078.5,0
6079.0,1
6079.5,0
6079.75,1
6080.0,0
6080.5,1
6080.75,0
6081.5,1
6082.0,0
6082.25,1
6083.25,0
6083.5,1
6083.75,0
6084.0,1
6087.0,0
6087.25,1
6088.0,0
6088.25,1
6088.75,0
6089.0,1
6089.25,0
6104.5,1
6104.75,0
6105.0,1
6105.5,0
6105.75,1
6107.75,0
6108.0,1
6108.75,0
6109.0,1
6110.0,0
6110.25,1
6110.5,0
6110.75,1
6111.25,0
6111.75,1
6113.0,0
6113.25,1
6113.5,0
6129.75,1
6130.25,0
6130.5,1
6132.75,0
6133.0,1
6133.75,0
6134.0,1
6134.5,0
6134.75,1
6136.0,0
6136.25,1
6137.5,0
6151.5,1
6152.0,0
6153.5,1
6158.5,0
6158.75,1
6160.5,0
6160.75,1
6161.5,0
6164.75,1
6165.0,0
6174.25,1
6174.5,0
6174.75,1
6175.25,0
6176.5,1
6176.75,0
6177.0,1
6177.25,0
6177.5,1
6181.0,0
6181.5,1
6183.0,0
6183.5,1
6183.75,0
6184.0,1
6184.5,0
6185.0,1
6185.25,0
6185.5,1
6185.75,0
6248.75,1
6249.0,0
6249.5,1
6250.0,0
6250.25,1
6250.5,0
6250.75,1
6251.5,0
6252.0,1
6252.25,0
6252.5,1
6253.25,0
6253.5,1
6254.0,0
6254.25,1
6254.5,0
6255.25,1
6256.75,0
6257.25,1
6257.75,0
6272.25,1
6272.75,0
6273.0,1
6273.25,0
6273.5,1
6275.0,0
6275.25,1
6276.25,0
6276.5,1
6277.25,0
6277.5,1
6277.75,0
6278.25,1
6279.5,0
6279.75,1
6281.0,0
6281.25,1
6281.5,0
6294.75,1
6295.0,0
6296.5,1
6296.75,0
6297.75,1
6300.25,0
6300.5,1
6303.75,0
6304.25,1
6304.75,0
6305.0,1
6305.5,0
6318.25,1
6318.75,0
6319.25,1
6319.5,0
6321.0,1
6321.25,0
6321.5,1
6321.75,0
6322.0,1
6322.5,0
6322.75,1
6323.75,0
6324.0,1
6324.5,0
6324.75,1
6325.0,0
6325.25,1
6327.5,0
6327.75,1
6328.75,0
6342.75,1
6343.0,0
6344.75,1
6345.75,0
6346.0,1
6347.5,0
6347.75,1
6349.75,0
6350.25,1
6350.5,0
6350.75,1
6352.25,0
6352.75,1
6353.0,0
6416.75,1
6417.0,0
6417.25,1
6417.75,0
6418.0,1
6418.5,0
6418.75,1
6419.25,0
6419.75,1
6420.0,0
6420.75,1
6421.5,0
6421.75,1
6422.0,0
6422.25,1
6423.0,0
6423.25,1
6424.0,0
6424.5,1
6425.0,0
6425.25,1
6425.5,0
6428.5,1
6428.75,0
6439.5,1
6440.0,0
6441.0,1
6441.5,0
6441.75,1
6442.0,0
6442.25,1
6442.75,0
6443.0,1
6444.5,0
6445.25,1
6445.5,0
6445.75,1
6446.5,0
6446.75,1
6447.0,0
6447.75,1
6448.25,0
6448.75,1
6449.25,0
6452.5,1
6452.75,0
6454.25,1
6454.5,0
6461.75,1
6462.0,0
6464.5,1
6466.5,0
6466.75,1
6468.0,0
6468.5,1
6469.5,0
6469.75,1
6470.75,0
6471.25,1
6472.25,0
6472.5,1
6473.25,0
6473.5,1
6473.75,0
6485.5,1
6485.75,0
6486.25,1
6486.5,0
6487.0,1
6487.25,0
6488.5,1
6488.75,0
6489.25,1
6491.75,0
6492.25,1
6492.5,0
6493.0,1
6493.5,0
6493.75,1
6494.0,0
6494.75,1
6496.25,0
6496.5,1
6497.0,0
6497.5,1
6498.0,0
6502.0,1
6502.25,0
6510.0,1
6510.25,0
6512.5,1
6512.75,0
6513.0,1
6513.25,0
6513.5,1
6514.0,0
6514.25,1
6515.75,0
6516.0,1
6516.5,0
6516.75,1
6521.0,0
6582.0,1
6582.5,0
6583.0,1
6583.25,0
6585.0,1
6586.25,0
6586.5,1
6588.25,0
6588.5,1
6589.0,0
6589.25,1
6589.5,0
6590.0,1
6592.25,0
6593.25,1
6593.75,0
6597.0,1
6597.25,0
6608.75,1
6610.75,0
6611.25,1
6613.25,0
6613.5,1
6613.75,0
6614.0,1
6614.5,0
6615.0,1
6616.75,0
6617.0,1
6617.5,0
6630.25,1
6630.5,0
6632.5,1
6632.75,0
6633.0,1
6635.5,0
6635.75,1
6636.25,0
6636.5,1
6639.25,0
6639.5,1
6639.75,0
6640.0,1
6641.0,0
6641.25,1
6641.5,0
6645.5,1
6645.75,0
6654.25,1
6654.5,0
6656.75,1
6659.25,0
6659.5,1
6659.75,0
6660.0,1
6660.5,0
6660.75,1
6663.25,0
6663.75,1
6665.0,0
6675.75,1
6676.0,0
6679.25,1
6679.75,0
6680.75,1
6682.5,0
6683.0,1
6683.25,0
6683.5,1
6685.25,0
6685.5,1
6687.0,0
6687.25,1
6688.25,0
6688.75,1
6689.0,0
6689.25,1
6689.5,0
6751.25,1
6751.5,0
6753.0,1
6753.25,0
6753.5,1
6753.75,0
6754.0,1
6755.25,0
6755.5,1
6756.0,0
6756.5,1
6757.25,0
6757.5,1
6761.0,0
6761.25,1
6761.5,0
6801.25,1
6801.5,0
6802.0,1
6807.75,0
6808.0,1
6808.25,0
6808.5,1
6809.5,0
6813.0,1
6813.25,0
6823.0,1
6823.25,0
6824.75,1
6825.0,0
6825.25,1
6826.25,0
6826.5,1
6826.75,0
6827.0,1
6827.5,0
6828.0,1
6828.25,0
6828.75,1
6829.5,0
6830.0,1
6830.75,0
6831.0,1
6831.25,0
6831.5,1
6832.0,0
6833.0,1
6833.25,0
6849.0,1
6849.5,0
6850.25,1
6851.5,0
6851.75,1
6853.5,0
6853.75,1
6854.0,0
6854.25,1
6854.75,0
6855.0,1
6856.75,0
6857.5,1
6857.75,0
6918.25,1
6918.5,0
6919.75,1
6920.0,0
6921.0,1
6923.75,0
6924.0,1
6924.25,0
6924.5,1
6925.5,0
6925.75,1
6926.5,0
6926.75,1
6928.75,0
6929.0,1
6929.25,0
6943.75,1
6944.0,0
6945.25,1
6945.75,0
6946.0,1
6949.5,0
6949.75,1
6950.0,0
6950.25,1
6952.75,0
6953.25,1
6953.5,0
6967.75,1
6968.0,0
6968.75,1
6971.5,0
6971.75,1
6973.75,0
6974.0,1
6974.5,0
6974.75,1
6975.25,0
6975.5,1
6977.0,0
6990.5,1
6990.75,0
6991.0,1
6991.25,0
6992.75,1
6993.0,0
6993.25,1
6995.0,0
6995.75,1
6998.25,0
6998.5,1
6999.75,0
7000.0,1
7000.25,0
7000.5,1
7001.0,0
7001.25,1
7001.5,0
7005.0,1
7005.25,0
7005.75,1
7006.0,0
7014.0,1
7014.25,0
7016.0,1
7016.25,0
7017.0,1
7018.5,0
7018.75,1
7019.75,0
7020.0,1
7021.25,0
7021.5,1
7021.75,0
7022.0,1
7023.5,0
7024.5,1
7024.75,0
7025.0,1
7025.25,0
7025.5,1
7025.75,0
7029.75,1
7030.0,0
7030.25,1
7030.5,0
7086.25,1
7086.5,0
7086.75,1
7087.0,0
7089.0,1
7089.25,0
7089.5,1
7091.5,0
7091.75,1
7092.25,0
7092.5,1
7094.5,0
7094.75,1
7095.5,0
7095.75,1
7096.25,0
7096.75,1
7097.0,0
7110.25,1
7110.5,0
7112.5,1
7113.0,0
7113.5,1
7114.0,0
7114.25,1
7114.75,0
7115.0,1
7116.0,0
7116.5,1
7117.75,0
7118.75,1
7119.5,0
7119.75,1
7120.0,0
7120.5,1
7121.0,0
7121.25,1
7121.75,0
7137.25,1
7140.5,0
7140.75,1
7142.5,0
7142.75,1
7143.75,0
7144.0,1
7144.25,0
7144.5,1
7145.0,0
7159.75,1
7160.0,0
7161.25,1
7162.0,0
7162.25,1
7162.5,0
7162.75,1
7164.25,0
7164.5,1
7164.75,0
7165.0,1
7165.25,0
7165.5,1
7166.25,0
7166.5,1
7168.25,0
7168.5,1
7169.0,0
7183.0,1
7183.25,0
7184.0,1
7184.25,0
7184.75,1
7185.5,0
7185.75,1
7186.25,0
7186.5,1
7189.5,0
7189.75,1
7190.0,0
7190.25,1
7191.0,0
7191.25,1
7191.5,0
7191.75,1
7192.5,0
7257.5,1
7260.0,0
7260.5,1
7261.25,0
7262.5,1
7262.75,0
7263.25,1
7265.0,0
7278.25,1
7278.5,0
7279.25,1
7279.5,0
7279.75,1
7280.0,0
7280.25,1
7280.5,0
7280.75,1
7281.5,0
7281.75,1
7283.5,0
7283.75,1
7284.25,0
7284.5,1
7285.5,0
7285.75,1
7289.25,0
7303.5,1
7303.75,0
7305.0,1
7305.25,0
7305.5,1
7306.0,0
7306.25,1
7308.0,0
7308.25,1
7310.25,0
7310.5,1
7311.0,0
7311.25,1
7313.0,0
7326.0,1
7326.25,0
7327.25,1
7327.5,0
7329.5,1
7331.0,0
7331.25,1
7331.5,0
7331.75,1
7332.75,0
7333.5,1
7335.75,0
7336.25,1
7336.75,0
7350.5,1
7350.75,0
7351.75,1
7352.0,0
7352.25,1
7352.5,0
7353.25,1
7354.5,0
7354.75,1
7355.25,0
7355.5,1
7355.75,0
7356.0,1
7357.0,0
7357.25,1
7358.25,0
7358.5,1
7359.75,0
7360.0,1
7360.75,0
7424.75,1
7425.0,0
7425.5,1
7426.75,0
7427.0,1
7429.75,0
7430.5,1
7432.5,0
7433.0,1
7433.25,0
7433.5,1
7433.75,0
7446.0,1
7446.25,0
7449.25,1
7449.5,0
7449.75,1
7450.0,0
7450.25,1
7451.25,0
7451.5,1
7453.0,0
7453.25,1
7457.0,0
7470.75,1
7471.0,0
7471.25,1
7471.5,0
7473.0,1
7474.5,0
7474.75,1
7475.25,0
7475.5,1
7476.0,0
7476.25,1
7478.25,0
7478.5,1
7479.25,0
7479.5,1
7479.75,0
7480.25,1
7481.0,0
7481.25,1
7481.5,0
7484.25,1
7484.5,0
7494.25,1
7494.5,0
7497.25,1
7500.0,0
7500.5,1
7502.25,0
7502.75,1
7505.25,0
7509.5,1
7509.75,0
7520.0,1
7520.25,0
7521.0,1
7524.0,0
7524.25,1
7524.5,0
7524.75,1
7527.25,0
7527.5,1
7528.75,0
7591.5,1
7591.75,0
7592.0,1
7592.25,0
7592.5,1
7593.0,0
7594.0,1
7595.25,0
7595.5,1
7595.75,0
7596.0,1
7596.25,0
7596.5,1
7598.25,0
7598.75,1
7600.25,0
7600.75,1
7601.25,0
7601.5,1
7601.75,0
7614.75,1
7615.0,0
7616.0,1
7616.25,0
7616.75,1
7618.0,0
7618.75,1
7619.0,0
7619.25,1
7621.25,0
7621.5,1
7621.75,0
7622.0,1
7624.25,0
7624.75,1
7625.25,0
7640.75,1
7641.0,0
7641.5,1
7642.5,0
7642.75,1
7644.25,0
7644.5,1
7645.0,0
7645.25,1
7645.75,0
7646.5,1
7647.0,0
7647.25,1
7648.75,0
7649.25,1
7649.5,0
7649.75,1
7650.0,0
7665.25,1
7668.25,0
7668.5,1
7669.0,0
7670.0,1
7670.75,0
7671.0,1
7671.25,0
7671.5,1
7672.0,0
7672.25,1
7673.25,0
7688.0,1
7688.5,0
7688.75,1
7689.75,0
7690.0,1
7691.75,0
7692.0,1
7692.25,0
7692.5,1
7693.5,0
7693.75,1
7695.0,0
7695.25,1
7696.5,0
7696.75,1
7697.25,0
7697.5,1
7698.0,0
7761.0,1
7761.5,0
7761.75,1
7763.25,0
7763.5,1
7764.5,0
7765.5,1
7766.0,0
7766.25,1
7766.5,0
7767.25,1
7767.5,0
7768.25,1
7768.5,0
7768.75,1
7769.0,0
7769.5,1
7769.75,0
7773.75,1
7774.0,0
7784.0,1
7785.25,0
7785.5,1
7786.5,0
7786.75,1
7787.75,0
7788.0,1
7788.75,0
7789.0,1
7789.25,0
7789.5,1
7790.25,0
7790.5,1
7790.75,0
7791.0,1
7793.0,0
7793.25,1
7793.5,0
7807.0,1
7807.25,0
7807.75,1
7808.25,0
7808.5,1
7808.75,0
7809.25,1
7810.5,0
7810.75,1
7811.75,0
7812.0,1
7812.25,0
7812.5,1
7812.75,0
7813.0,1
7813.25,0
7813.5,1
7814.0,0
7814.25,1
7814.5,0
7814.75,1
7816.75,0
7831.5,1
7831.75,0
7832.25,1
7832.5,0
7832.75,1
7834.0,0
7834.25,1
7835.0,0
7835.25,1
7836.25,0
7837.25,1
7838.25,0
7838.5,1
7841.25,0
7927.0,1
7927.25,0
7928.75,1
7929.0,0
7929.25,1
7932.5,0
7933.0,1
7933.25,0
7933.5,1
7936.75,0
7937.25,1
7937.5,0
7937.75,1
7938.0,0
7950.5,1
7950.75,0
7951.75,1
7952.0,0
7953.0,1
7954.0,0
7954.5,1
7956.5,0
7956.75,1
7957.0,0
7957.25,1
7958.5,0
7958.75,1
7959.5,0
7960.25,1
7960.5,0
7960.75,1
7961.0,0
7976.75,1
7977.75,0
7978.25,1
7980.0,0
7980.25,1
7980.75,0
7981.0,1
7981.25,0
7981.5,1
7982.5,0
7982.75,1
7983.0,0
7983.25,1
7983.75,0
7984.0,1
7984.5,0
7984.75,1
7985.5,0
7988.5,1
7988.75,0
8000.75,1
8001.0,0
8001.5,1
8001.75,0
8002.0,1
8002.75,0
8003.0,1
8004.25,0
8004.5,1
8005.25,0
8005.5,1
8006.25,0
8006.5,1
8007.5,0
8008.0,1
8008.75,0
8022.75,1
8023.0,0
8024.75,1
8025.0,0
8025.75,1
8026.25,0
8026.75,1
8027.75,0
8028.25,1
8028.5,0
8028.75,1
8030.5,0
8030.75,1
8032.75,0
8033.0,1
8033.25,0
8097.0,1
8097.25,0
8097.5,1
8098.0,0
8098.25,1
8099.25,0
8099.5,1
8101.75,0
8102.0,1
8102.25,0
8102.5,1
8103.0,0
8103.25,1
8103.5,0
8104.0,1
8104.75,0
8117.75,1
8118.0,0
8121.0,1
8121.75,0
8122.0,1
8123.25,0
8123.5,1
8124.25,0
8124.5,1
8128.25,0
8132.5,1
8132.75,0
8145.0,1
8145.25,0
8145.75,1
8146.25,0
8146.5,1
8147.75,0
8148.0,1
8150.25,0
8150.5,1
8151.25,0
8151.5,1
8152.0,0
8152.5,1
8153.0,0
8167.0,1
8167.25,0
8167.5,1
8167.75,0
8169.0,1
8169.25,0
8169.5,1
8170.5,0
8170.75,1
8173.0,0
8173.25,1
8173.5,0
8174.0,1
8175.75,0
8176.0,1
8177.25,0
8180.5,1
8180.75,0
8192.75,1
8193.5,0
8193.75,1
8194.5,0
8194.75,1
8195.5,0
8195.75,1
8196.0,0
8196.25,1
8197.25,0
8197.75,1
8199.5,0
8200.0,1
8201.0,0
8201.5,1
8201.75,0
8256.25,1
8256.5,0
8258.0,1
8258.25,0
8262.75,1
8263.0,0
8263.5,1
8263.75,0
8264.0,1
8264.25,0
8264.5,1
8264.75,0
8265.5,1
8268.0,0
8268.25,1
8268.5,0
8269.0,1
8272.75,0
8273.0,1
8273.25,0
8274.0,1
8274.25,0
8276.25,1
8276.5,0
8285.75,1
8286.0,0
8287.75,1
8288.0,0
8288.5,1
8288.75,0
8289.0,1
8289.25,0
8289.75,1
8290.25,0
8290.5,1
8293.0,0
8293.5,1
8293.75,0
8294.0,1
8295.25,0
8295.5,1
8296.75,0
8310.0,1
8310.25,0
8311.0,1
8311.25,0
8312.75,1
8313.5,0
8314.0,1
8315.75,0
8316.25,1
8316.5,0
8317.0,1
8317.5,0
8317.75,1
8318.25,0
8318.5,1
8319.25,0
8319.5,1
8320.25,0
8320.5,1
8321.25,0
8335.75,1
8336.0,0
8336.5,1
8337.0,0
8337.5,1
8337.75,0
8338.0,1
8339.75,0
8340.0,1
8342.75,0
8343.0,1
8343.25,0
8343.5,1
8345.0,0
8348.5,1
8348.75,0
8359.5,1
8359.75,0
8360.25,1
8360.5,0
8361.0,1
8361.25,0
8361.5,1
8362.5,0
8362.75,1
8363.75,0
8364.0,1
8364.25,0
8364.5,1
8365.0,0
8365.5,1
8366.25,0
8366.75,1
8369.0,0
8369.25,1
8369.5,0
8432.25,1
8432.5,0
8432.75,1
8433.0,0
8433.75,1
8435.25,0
8435.5,1
8436.0,0
8436.25,1
8438.75,0
8439.0,1
8440.0,0
8440.25,1
8440.75,0
8456.5,1
8457.0,0
8457.25,1
8457.5,0
8458.0,1
8458.25,0
8458.5,1
8458.75,0
8459.0,1
8462.25,0
8462.5,1
8463.25,0
8463.5,1
8464.0,0
8464.25,1
8465.0,0
8465.75,1
8466.0,0
8468.5,1
8468.75,0
8481.75,1
8482.0,0
8482.5,1
8482.75,0
8483.0,1
8484.0,0
8484.25,1
8487.0,0
8487.75,1
8488.5,0
8488.75,1
8489.25,0
8492.0,1
8492.25,0
8502.25,1
8503.0,0
8504.5,1
8504.75,0
8505.0,1
8505.5,0
8505.75,1
8506.25,0
8506.5,1
8507.0,0
8507.25,1
8508.0,0
8508.25,1
8508.5,0
8508.75,1
8509.5,0
8509.75,1
8512.0,0
8512.25,1
8513.0,0
8513.25,1
8513.5,0
8516.5,1
8516.75,0
8529.0,1
8529.5,0
8529.75,1
8531.25,0
8532.0,1
8532.25,0
8532.75,1
8534.25,0
8534.5,1
8535.0,0
8535.25,1
8535.5,0
8535.75,1
8536.75,0
8622.0,1
8622.25,0
8624.25,1
8624.75,0
8625.5,1
8628.0,0
8628.25,1
8629.75,0
8630.0,1
8630.25,0
8630.5,1
8632.75,0
8648.0,1
8648.25,0
8648.5,1
8648.75,0
8649.25,1
8650.75,0
8651.0,1
8651.25,0
8651.5,1
8652.75,0
8653.0,1
8653.25,0
8653.75,1
8654.0,0
8654.25,1
8654.5,0
8654.75,1
8657.0,0
8670.25,1
8670.5,0
8672.75,1
8673.25,0
8673.5,1
8675.5,0
8676.25,1
8681.0,0
8684.0,1
8684.25,0
8694.5,1
8694.75,0
8697.5,1
8697.75,0
8698.0,1
8700.75,0
8701.0,1
8701.25,0
8701.5,1
8705.25,0

float Room-218C (1365,2)
0.0,0
32.25,1
41.0,0
41.25,1
41.75,0
46.25,1
46.5,0
56.25,1
65.75,0
69.25,1
69.5,0
80.5,1
89.25,0
94.25,1
94.5,0
104.75,1
113.5,0
114.5,1
114.75,0
128.5,1
137.5,0
140.75,1
141.0,0
200.25,1
209.5,0
212.25,1
212.5,0
213.75,1
214.0,0
221.25,1
221.5,0
224.5,1
233.25,0
236.0,1
236.25,0
236.75,1
237.0,0
248.75,1
257.5,0
260.25,1
260.5,0
261.5,1
261.75,0
272.25,1
272.5,0
272.75,1
281.25,0
285.0,1
285.25,0
291.75,1
292.0,0
294.5,1
294.75,0
295.75,1
296.0,0
296.75,1
305.75,0
308.5,1
308.75,0
309.0,1
309.25,0
368.75,1
377.25,0
390.0,1
390.25,0
393.0,1
400.25,0
400.5,1
401.25,0
401.5,1
401.75,0
402.25,1
402.5,0
405.75,1
406.0,0
441.0,1
449.5,0
464.5,1
473.5,0
474.0,1
474.25,0
477.0,1
477.25,0
536.0,1
543.5,0
543.75,1
545.75,0
549.0,1
549.75,0
560.0,1
569.75,0
570.25,1
570.5,0
582.25,1
582.5,0
584.75,1
593.25,0
606.25,1
606.5,0
608.5,1
617.5,0
620.0,1
620.25,0
630.25,1
630.5,0
632.75,1
635.75,0
636.0,1
641.75,0
644.5,1
645.0,0
704.25,1
704.5,0
704.75,1
713.25,0
713.5,1
713.75,0
726.0,1
726.25,0
728.5,1
737.25,0
739.25,1
739.5,0
741.5,1
741.75,0
750.25,1
750.5,0
752.5,1
753.0,0
753.25,1
761.75,0
773.75,1
774.0,0
775.0,1
775.25,0
776.5,1
785.75,0
800.5,1
800.75,0
801.0,1
808.75,0
809.0,1
809.5,0
813.0,1
813.25,0
872.25,1
872.5,0
872.75,1
881.5,0
895.5,1
895.75,0
897.0,1
905.75,0
918.75,1
919.0,0
920.75,1
929.25,0
941.75,1
942.0,0
944.5,1
952.75,0
953.0,1
953.5,0
968.75,1
976.5,0
976.75,1
978.0,0
981.0,1
981.25,0
981.5,1
981.75,0
1040.0,1
1040.5,0
1041.25,1
1049.5,0
1054.75,1
1055.0,0
1064.25,1
1072.75,0
1073.0,1
1073.5,0
1076.75,1
1077.0,0
1112.5,1
1119.0,0
1119.25,1
1121.25,0
1136.0,1
1145.0,0
1149.25,1
1149.5,0
1150.0,1
1150.25,0
1206.25,1
1206.5,0
1208.5,1
1217.25,0
1217.5,1
1217.75,0
1218.0,1
1218.25,0
1233.0,1
1241.75,0
1245.5,1
1245.75,0
1256.0,1
1256.25,0
1256.5,1
1265.25,0
1268.75,1
1269.0,0
1279.75,1
1280.0,0
1280.75,1
1289.25,0
1304.25,1
1313.5,0
1376.75,1
1385.5,0
1387.75,1
1388.0,0
1401.0,1
1409.5,0
1409.75,1
1410.0,0
1421.75,1
1422.0,0
1422.25,1
1422.5,0
1424.0,1
1433.25,0
1448.25,1
1457.25,0
1459.25,1
1459.5,0
1473.0,1
1473.25,0
1473.5,1
1481.75,0
1541.25,1
1541.5,0
1542.0,1
1542.25,0
1544.25,1
1553.5,0
1556.25,1
1556.5,0
1567.5,1
1567.75,0
1568.5,1
1575.75,0
1576.0,1
1577.5,0
1580.25,1
1580.5,0
1591.25,1
1591.5,0
1592.5,1
1601.25,0
1601.5,1
1601.75,0
1605.0,1
1605.25,0
1615.5,1
1615.75,0
1616.5,1
1616.75,0
1617.25,1
1625.25,0
1625.5,1
1625.75,0
1639.75,1
1640.0,0
1641.0,1
1649.75,0
1650.0,1
1650.25,0
1712.75,1
1713.0,0
1713.25,1
1721.25,0
1721.5,1
1721.75,0
1725.0,1
1725.25,0
1725.5,1
1725.75,0
1736.25,1
1745.5,0
1745.75,1
1746.0,0
1760.5,1
1764.25,0
1764.5,1
1769.25,0
1784.25,1
1793.75,0
1806.75,1
1807.0,0
1808.5,1
1809.25,0
1809.5,1
1817.0,0
1880.0,1
1889.25,0
1889.5,1
1889.75,0
1893.0,1
1893.25,0
1903.0,1
1903.25,0
1905.0,1
1905.25,0
1905.5,1
1913.0,0
1913.5,1
1914.0,0
1916.5,1
1916.75,0
1925.75,1
1926.0,0
1927.0,1
1927.25,0
1928.5,1
1937.75,0
1942.0,1
1942.25,0
1950.25,1
1950.5,0
1952.75,1
1961.5,0
1975.75,1
1976.0,0
1976.5,1
1976.75,0
1977.0,1
1985.75,0
1989.5,1
1989.75,0
2048.75,1
2057.75,0
2060.75,1
2061.0,0
2071.25,1
2071.5,0
2072.5,1
2081.25,0
2081.75,1
2082.0,0
2096.75,1
2105.75,0
2108.75,1
2109.0,0
2119.75,1
2120.0,0
2121.0,1
2129.75,0
2133.5,1
2134.0,0
2144.75,1
2153.25,0
2215.0,1
2215.25,0
2216.75,1
2225.25,0
2225.75,1
2226.0,0
2227.25,1
2227.5,0
2238.25,1
2238.5,0
2240.25,1
2249.5,0
2264.75,1
2272.25,0
2272.5,1
2274.0,0
2277.0,1
2277.5,0
2287.25,1
2287.5,0
2288.75,1
2297.75,0
2310.5,1
2310.75,0
2312.5,1
2321.25,0
2321.5,1
2321.75,0
2325.0,1
2325.25,0
2382.75,1
2383.0,0
2384.0,1
2394.0,0
2406.0,1
2406.25,0
2408.25,1
2408.5,0
2409.0,1
2417.5,0
2432.75,1
2442.25,0
2445.0,1
2445.25,0
2453.75,1
2454.0,0
2456.25,1
2465.75,0
2479.75,1
2480.0,0
2480.75,1
2489.25,0
2489.5,1
2489.75,0
2550.25,1
2550.5,0
2551.5,1
2551.75,0
2552.5,1
2561.5,0
2566.0,1
2566.25,0
2576.75,1
2585.25,0
2585.5,1
2585.75,0
2600.75,1
2609.75,0
2624.5,1
2633.25,0
2636.75,1
2637.0,0
2647.75,1
2649.0,0
2649.25,1
2658.5,0
2718.25,1
2718.5,0
2718.75,1
2719.0,0
2720.5,1
2721.0,0
2721.25,1
2729.25,0
2731.75,1
2732.0,0
2733.25,1
2733.5,0
2742.25,1
2742.5,0
2743.25,1
2743.5,0
2744.25,1
2744.5,0
2745.0,1
2753.5,0
2768.0,1
2777.5,0
2780.5,1
2780.75,0
2792.25,1
2802.25,0
2813.75,1
2814.0,0
2815.75,1
2816.0,0
2816.75,1
2824.75,0
2825.0,1
2825.75,0
2828.0,1
2828.25,0
2888.5,1
2898.0,0
2900.75,1
2901.0,0
2901.25,1
2901.5,0
2912.25,1
2912.5,0
2912.75,1
2921.5,0
2937.25,1
2945.75,0
2950.0,1
2950.25,0
2957.75,1
2958.0,0
2960.5,1
2969.5,0
2984.5,1
2993.75,0
3053.0,1
3053.25,0
3055.75,1
3056.0,0
3056.75,1
3065.25,0
3065.5,1
3065.75,0
3080.25,1
3080.75,0
3081.0,1
3089.75,0
3102.5,1
3102.75,0
3103.75,1
3113.0,0
3113.25,1
3113.5,0
3117.75,1
3118.25,0
3126.75,1
3127.25,0
3128.25,1
3138.25,0
3140.75,1
3141.0,0
3141.25,1
3141.75,0
3149.5,1
3149.75,0
3151.5,1
3151.75,0
3152.0,1
3162.0,0
3223.75,1
3224.5,0
3224.75,1
3233.25,0
3248.25,1
3257.75,0
3260.75,1
3261.0,0
3272.25,1
3281.5,0
3284.5,1
3284.75,0
3295.0,1
3295.25,0
3296.5,1
3300.0,0
3300.25,1
3305.0,0
3305.5,1
3305.75,0
3308.0,1
3308.25,0
3320.5,1
3320.75,0
3321.25,1
3329.0,0
3329.25,1
3329.75,0
3390.25,1
3390.5,0
3392.75,1
3401.25,0
3416.5,1
3425.25,0
3425.5,1
3425.75,0
3440.75,1
3449.75,0
3464.0,1
3464.5,0
3465.0,1
3473.0,0
3473.5,1
3474.0,0
3488.5,1
3488.75,0
3489.0,1
3497.75,0
3501.25,1
3501.5,0
3560.5,1
3570.0,0
3572.25,1
3572.5,0
3608.25,1
3617.25,0
3632.5,1
3641.5,0
3646.25,1
3646.5,0
3656.0,1
3665.75,0
3666.25,1
3666.5,0
3669.25,1
3669.5,0
3728.5,1
3737.25,0
3741.5,1
3741.75,0
3752.75,1
3761.25,0
3776.5,1
3785.5,0
3788.0,1
3788.25,0
3800.25,1
3809.25,0
3813.5,1
3813.75,0
3824.25,1
3831.75,0
3832.0,1
3833.75,0
3836.5,1
3836.75,0
3896.5,1
3905.5,0
3920.5,1
3929.25,0
3933.5,1
3933.75,0
3944.25,1
3954.0,0
3965.5,1
3965.75,0
3968.75,1
3977.25,0
3977.75,1
3978.0,0
3990.0,1
3990.25,0
3992.25,1
3992.5,0
3993.25,1
4001.5,0
4004.75,1
4005.0,0
4063.0,1
4063.25,0
4063.75,1
4064.0,0
4064.75,1
4073.75,0
4075.5,1
4075.75,0
4088.25,1
4097.5,0
4100.75,1
4101.0,0
4110.0,1
4110.25,0
4112.25,1
4113.0,0
4113.25,1
4121.25,0
4135.5,1
4136.0,0
4136.25,1
4136.5,0
4137.25,1
4146.0,0
4147.5,1
4147.75,0
4160.0,1
4160.5,0
4161.25,1
4169.0,0
4169.25,1
4170.0,0
4232.5,1
4241.75,0
4244.25,1
4244.5,0
4256.5,1
4266.25,0
4279.5,1
4279.75,0
4280.0,1
4280.5,0
4280.75,1
4281.0,0
4281.25,1
4289.25,0
4303.25,1
4303.5,0
4304.5,1
4313.5,0
4328.25,1
4328.5,0
4329.0,1
4338.0,0
4400.5,1
4410.25,0
4446.75,1
4447.25,0
4448.5,1
4457.75,0
4472.25,1
4481.5,0
4495.75,1
4496.5,0
4496.75,1
4505.0,0
4509.25,1
4509.5,0
4568.0,1
4577.25,0
4593.0,1
4601.25,0
4601.5,1
4601.75,0
4605.5,1
4605.75,0
4616.5,1
4625.5,0
4625.75,1
4626.0,0
4629.0,1
4629.25,0
4640.75,1
4650.0,0
4665.0,1
4673.75,0
4736.5,1
4745.75,0
4760.5,1
4769.5,0
4772.0,1
4772.25,0
4784.25,1
4784.5,0
4784.75,1
4793.25,0
4793.75,1
4794.0,0
4798.0,1
4798.25,0
4807.0,1
4807.25,0
4808.25,1
4808.5,0
4808.75,1
4809.0,0
4809.25,1
4817.25,0
4817.5,1
4817.75,0
4832.75,1
4833.75,0
4834.0,1
4841.75,0
4842.0,1
4842.25,0
4903.25,1
4903.5,0
4904.25,1
4904.5,0
4905.0,1
4913.25,0
4917.5,1
4917.75,0
4928.5,1
4936.75,0
4937.5,1
4938.0,0
4940.25,1
4940.5,0
4942.75,1
4943.0,0
4952.25,1
4961.5,0
4975.75,1
4985.25,0
4985.5,1
4985.75,0
4998.0,1
4998.25,0
5000.0,1
5009.5,0
5070.5,1
5070.75,0
5073.0,1
5081.5,0
5095.0,1
5095.5,0
5096.75,1
5097.5,0
5097.75,1
5105.5,0
5120.5,1
5130.0,0
5142.5,1
5142.75,0
5144.0,1
5144.5,0
5145.0,1
5152.0,0
5152.5,1
5154.0,0
5155.75,1
5156.0,0
5166.25,1
5166.5,0
5168.5,1
5177.5,0
5180.0,1
5180.25,0
5240.75,1
5246.0,0
5246.25,1
5249.25,0
5252.25,1
5252.5,0
5264.5,1
5265.0,0
5265.5,1
5268.25,0
5268.5,1
5272.75,0
5273.0,1
5273.25,0
5273.5,1
5273.75,0
5287.75,1
5288.0,0
5288.5,1
5297.5,0
5310.5,1
5310.75,0
5312.5,1
5319.75,0
5320.0,1
5322.0,0
5324.25,1
5324.5,0
5336.5,1
5345.25,0
5408.5,1
5417.75,0
5421.25,1
5421.5,0
5422.25,1
5422.5,0
5432.5,1
5441.75,0
5454.0,1
5454.25,0
5456.5,1
5465.0,0
5465.25,1
5465.75,0
5481.0,1
5490.5,0
5492.25,1
5492.5,0
5502.5,1
5502.75,0
5504.5,1
5512.75,0
5513.0,1
5513.75,0
5575.25,1
5575.5,0
5577.0,1
5585.5,0
5588.5,1
5588.75,0
5599.75,1
5600.0,0
5600.5,1
5608.75,0
5609.0,1
5609.75,0
5614.75,1
5615.0,0
5623.75,1
5624.0,0
5624.75,1
5625.0,0
5625.25,1
5629.5,0
5629.75,1
5633.0,0
5633.5,1
5633.75,0
5636.75,1
5637.0,0
5646.75,1
5647.0,0
5648.5,1
5657.0,0
5657.25,1
5657.5,0
5670.0,1
5670.25,0
5671.75,1
5672.0,0
5672.5,1
5682.0,0
5742.25,1
5742.5,0
5744.0,1
5744.25,0
5744.5,1
5753.75,0
5756.25,1
5756.5,0
5756.75,1
5757.0,0
5757.25,1
5757.5,0
5757.75,1
5758.0,0
5766.25,1
5766.5,0
5768.25,1
5778.0,0
5791.0,1
5791.25,0
5792.5,1
5801.75,0
5814.75,1
5815.0,0
5815.25,1
5815.5,0
5816.75,1
5823.0,0
5823.25,1
5825.75,0
5828.75,1
5829.0,0
5840.25,1
5841.0,0
5841.25,1
5843.5,0
5843.75,1
5849.0,0
5851.25,1
5851.5,0
5852.5,1
5852.75,0
5909.5,1
5909.75,0
5910.5,1
5910.75,0
5913.0,1
5921.25,0
5923.5,1
5923.75,0
5924.25,1
5924.5,0
5959.75,1
5960.25,0
5961.0,1
5969.5,0
5984.5,1
5984.75,0
5985.0,1
5993.5,0
5996.0,1
5996.25,0
5996.5,1
5996.75,0
6008.75,1
6017.5,0
6078.75,1
6079.0,0
6079.25,1
6079.5,0
6080.25,1
6089.75,0
6105.0,1
6112.75,0
6113.0,1
6113.25,0
6116.5,1
6116.75,0
6126.5,1
6126.75,0
6128.75,1
6132.75,0
6133.0,1
6137.75,0
6151.25,1
6151.5,0
6152.5,1
6161.25,0
6165.25,1
6165.5,0
6175.5,1
6176.0,0
6176.5,1
6185.25,0
6248.5,1
6257.0,0
6261.25,1
6261.5,0
6271.25,1
6271.5,0
6272.25,1
6272.5,0
6272.75,1
6281.5,0
6285.75,1
6286.0,0
6297.0,1
6306.0,0
6309.0,1
6309.25,0
6320.5,1
6328.75,0
6329.25,1
6329.75,0
6342.25,1
6342.5,0
6344.75,1
6345.25,0
6345.5,1
6354.0,0
6416.5,1
6425.5,0
6429.25,1
6429.5,0
6439.5,1
6439.75,0
6440.5,1
6446.0,0
6446.25,1
6449.5,0
6451.0,1
6451.25,0
6464.5,1
6473.25,0
6473.5,1
6473.75,0
6488.5,1
6497.5,0
6512.75,1
6521.25,0
6521.5,1
6521.75,0
6525.0,1
6525.25,0
6525.5,1
6525.75,0
6584.75,1
6593.75,0
6595.5,1
6595.75,0
6608.75,1
6611.75,0
6612.25,1
6617.25,0
6620.25,1
6620.5,0
6621.25,1
6621.5,0
6632.75,1
6641.75,0
6656.75,1
6660.0,0
6660.25,1
6665.75,0
6679.75,1
6680.0,0
6680.25,1
6680.5,0
6680.75,1
6689.5,0
6689.75,1
6690.0,0
6692.0,1
6692.25,0
6752.5,1
6755.75,0
6756.0,1
6761.5,0
6764.5,1
6764.75,0
6765.25,1
6765.5,0
6798.25,1
6798.5,0
6800.5,1
6809.25,0
6824.25,1
6833.75,0
6848.25,1
6857.5,0
6860.5,1
6860.75,0
6862.25,1
6862.5,0
6917.75,1
6918.0,0
6918.5,1
6918.75,0
6920.75,1
6928.5,0
6928.75,1
6930.25,0
6944.25,1
6954.0,0
6967.75,1
6968.25,0
6968.75,1
6977.5,0
6980.0,1
6980.25,0
6992.75,1
7002.0,0
7016.25,1
7026.0,0
7089.0,1
7097.5,0
7097.75,1
7098.0,0
7112.25,1
7121.5,0
7124.0,1
7124.5,0
7136.25,1
7145.75,0
7148.5,1
7149.0,0
7149.25,1
7149.75,0
7160.5,1
7165.0,0
7165.25,1
7169.5,0
7184.75,1
7193.25,0
7257.0,1
7265.0,0
7265.5,1
7266.25,0
7279.25,1
7279.5,0
7280.25,1
7289.25,0
7289.5,1
7289.75,0
7294.5,1
7294.75,0
7305.0,1
7313.5,0
7315.75,1
7316.0,0
7327.75,1
7328.0,0
7328.25,1
7337.5,0
7341.0,1
7341.5,0
7352.5,1
7361.25,0
7364.25,1
7364.5,0
7422.75,1
7423.0,0
7423.75,1
7424.0,0
7424.75,1
7433.25,0
7448.5,1
7449.25,0
7449.5,1
7457.0,0
7457.25,1
7457.5,0
7462.5,1
7462.75,0
7471.0,1
7471.25,0
7472.5,1
7481.5,0
7484.75,1
7485.0,0
7496.25,1
7505.5,0
7518.5,1
7518.75,0
7520.25,1
7520.5,0
7520.75,1
7521.0,0
7521.25,1
7529.5,0
7532.0,1
7532.25,0
7590.0,1
7590.25,0
7591.25,1
7591.5,0
7592.25,1
7601.25,0
7616.25,1
7616.5,0
7616.75,1
7625.25,0
7625.5,1
7625.75,0
7629.25,1
7629.5,0
7632.25,1
7632.5,0
7641.25,1
7649.25,0
7649.5,1
7649.75,0
7651.25,1
7651.5,0
7653.75,1
7654.0,0
7661.5,1
7661.75,0
7662.75,1
7663.0,0
7665.0,1
7673.75,0
7688.75,1
7697.5,0
7701.75,1
7702.0,0
7760.0,1
7760.25,0
7760.5,1
7769.5,0
7772.0,1
7772.25,0
7783.25,1
7783.5,0
7784.0,1
7793.5,0
7806.0,1
7806.25,0
7809.0,1
7816.75,0
7817.0,1
7817.25,0
7817.5,1
7817.75,0
7831.75,1
7832.0,0
7832.25,1
7841.25,0
7841.5,1
7842.0,0
7929.25,1
7937.75,0
7940.25,1
7940.5,0
7951.75,1
7952.0,0
7953.0,1
7962.0,0
7976.25,1
7976.5,0
7976.75,1
7985.25,0
7985.5,1
7986.5,0
7998.5,1
7998.75,0
8000.5,1
8009.75,0
8013.25,1
8013.5,0
8024.5,1
8033.5,0
8036.0,1
8036.25,0
8096.75,1
8105.25,0
8108.5,1
8108.75,0
8109.5,1
8109.75,0
8121.0,1
8129.5,0
8144.5,1
8153.5,0
8156.75,1
8157.0,0
8166.5,1
8166.75,0
8168.75,1
8178.0,0
8190.25,1
8190.5,0
8193.0,1
8201.5,0
8204.5,1
8204.75,0
8257.0,1
8257.25,0
8258.25,1
8258.5,0
8262.0,1
8262.25,0
8262.5,1
8262.75,0
8264.25,1
8264.5,0
8265.25,1
8273.5,0
8286.25,1
8286.5,0
8288.25,1
8296.75,0
8312.5,1
8321.5,0
8322.0,1
8322.75,0
8336.75,1
8345.5,0
8358.75,1
8359.0,0
8360.5,1
8370.0,0
8432.0,1
8441.75,0
8445.75,1
8446.0,0
8454.75,1
8455.0,0
8456.75,1
8465.25,0
8466.0,1
8466.25,0
8480.75,1
8489.0,0
8489.25,1
8490.0,0
8492.0,1
8492.25,0
8504.75,1
8513.25,0
8513.5,1
8513.75,0
8527.5,1
8527.75,0
8528.75,1
8537.5,0
8624.5,1
8624.75,0
8625.0,1
8633.25,0
8647.0,1
8647.25,0
8649.0,1
8653.5,0
8653.75,1
8657.75,0
8672.5,1
8681.25,0
8684.25,1
8684.5,0
8686.0,1
8686.25,0
8694.75,1
8695.25,0
8697.0,1
8705.5,0
8706.0,1
8706.25,0

float Room-229B (1297,2)
0.0,0
32.0,1
41.5,0
45.25,1
45.5,0
56.25,1
65.5,0
68.5,1
68.75,0
80.25,1
80.5,0
80.75,1
90.0,0
104.75,1
112.75,0
113.0,1
113.5,0
114.0,1
114.25,0
117.75,1
118.0,0
126.25,1
126.5,0
128.25,1
128.5,0
128.75,1
137.25,0
137.5,1
137.75,0
138.0,1
138.25,0
200.5,1
208.75,0
209.5,1
209.75,0
212.0,1
212.25,0
224.25,1
233.5,0
236.5,1
236.75,0
246.5,1
246.75,0
247.25,1
247.5,0
248.25,1
257.75,0
260.5,1
260.75,0
262.5,1
262.75,0
271.5,1
281.5,0
291.0,1
291.25,0
295.5,1
295.75,0
296.25,1
296.5,0
296.75,1
304.75,0
305.0,1
305.25,0
305.75,1
306.0,0
366.0,1
366.25,0
368.25,1
368.5,0
368.75,1
377.5,0
377.75,1
378.0,0
381.5,1
381.75,0
393.0,1
402.0,0
439.75,1
440.0,0
440.25,1
449.5,0
454.75,1
455.0,0
462.0,1
462.25,0
463.0,1
463.25,0
465.0,1
473.75,0
534.25,1
534.5,0
536.25,1
536.5,0
536.75,1
545.75,0
560.25,1
560.5,0
560.75,1
569.5,0
571.0,1
571.25,0
584.5,1
593.25,0
596.5,1
596.75,0
606.75,1
607.0,0
608.75,1
618.0,0
632.25,1
633.0,0
633.25,1
641.25,0
641.5,1
642.25,0
645.0,1
645.25,0
703.5,1
703.75,0
704.25,1
713.5,0
716.25,1
716.5,0
716.75,1
717.0,0
728.75,1
737.5,0
751.5,1
751.75,0
752.5,1
762.0,0
773.75,1
774.0,0
776.0,1
785.5,0
786.25,1
786.5,0
787.5,1
787.75,0
800.5,1
809.75,0
872.0,1
881.0,0
881.25,1
881.5,0
885.25,1
885.5,0
896.5,1
896.75,0
897.0,1
905.5,0
906.0,1
906.25,0
920.5,1
929.25,0
929.5,1
929.75,0
942.5,1
942.75,0
944.75,1
953.5,0
969.0,1
977.5,0
1039.25,1
1039.5,0
1040.0,1
1040.25,0
1040.5,1
1049.25,0
1052.75,1
1053.0,0
1053.25,1
1053.5,0
1054.5,1
1055.0,0
1062.75,1
1063.0,0
1064.75,1
1073.25,0
1073.5,1
1073.75,0
1112.25,1
1121.25,0
1122.0,1
1122.25,0
1135.25,1
1135.5,0
1136.5,1
1136.75,0
1137.0,1
1145.75,0
1148.25,1
1148.5,0
1149.5,1
1149.75,0
1208.5,1
1215.75,0
1216.0,1
1217.0,0
1217.25,1
1217.75,0
1221.25,1
1221.5,0
1221.75,1
1222.0,0
1231.75,1
1232.0,0
1232.5,1
1233.0,0
1233.25,1
1242.0,0
1244.5,1
1245.0,0
1256.25,1
1265.0,0
1265.5,1
1265.75,0
1277.25,1
1277.5,0
1279.75,1
1280.0,0
1280.25,1
1289.0,0
1289.5,1
1289.75,0
1293.0,1
1293.25,0
1303.75,1
1304.0,0
1304.75,1
1313.75,0
1375.5,1
1385.5,0
1387.5,1
1387.75,0
1401.0,1
1409.5,0
1424.25,1
1433.5,0
1448.25,1
1457.75,0
1471.0,1
1471.5,0
1472.75,1
1481.25,0
1544.5,1
1553.5,0
1556.25,1
1556.5,0
1567.5,1
1567.75,0
1568.75,1
1577.75,0
1592.0,1
1601.0,0
1601.5,1
1601.75,0
1616.25,1
1625.5,0
1640.25,1
1640.5,0
1641.0,1
1649.5,0
1710.75,1
1711.0,0
1712.75,1
1721.25,0
1736.5,1
1745.75,0
1748.75,1
1749.0,0
1760.0,1
1769.5,0
1774.0,1
1774.25,0
1783.0,1
1783.25,0
1784.5,1
1793.25,0
1793.5,1
1793.75,0
1795.75,1
1796.0,0
1805.5,1
1805.75,0
1809.0,1
1818.0,0
1821.5,1
1821.75,0
1880.0,1
1880.5,0
1880.75,1
1889.25,0
1889.5,1
1890.5,0
1902.0,1
1902.25,0
1902.5,1
1902.75,0
1904.0,1
1904.5,0
1904.75,1
1913.75,0
1918.25,1
1918.5,0
1928.5,1
1937.25,0
1937.5,1
1937.75,0
1951.25,1
1951.5,0
1952.75,1
1961.75,0
1963.75,1
1964.0,0
1976.5,1
1985.75,0
2046.5,1
2046.75,0
2048.25,1
2057.0,0
2060.5,1
2060.75,0
2070.0,1
2070.5,0
2072.75,1
2075.75,0
2076.0,1
2081.5,0
2082.75,1
2083.0,0
2084.25,1
2084.5,0
2084.75,1
2085.0,0
2096.5,1
2105.25,0
2105.5,1
2105.75,0
2119.5,1
2119.75,0
2120.75,1
2129.75,0
2144.75,1
2153.75,0
2216.25,1
2225.5,0
2240.25,1
2249.75,0
2252.0,1
2252.25,0
2264.0,1
2273.5,0
2273.75,1
2274.0,0
2288.5,1
2297.75,0
2312.25,1
2321.25,0
2321.5,1
2321.75,0
2326.0,1
2326.25,0
2383.25,1
2383.5,0
2384.5,1
2393.0,0
2393.25,1
2393.75,0
2397.75,1
2398.0,0
2408.5,1
2417.75,0
2430.5,1
2430.75,0
2431.75,1
2432.0,0
2432.25,1
2432.5,0
2432.75,1
2441.25,0
2455.0,1
2455.25,0
2456.5,1
2456.75,0
2457.0,1
2465.25,0
2470.75,1
2471.0,0
2480.75,1
2489.75,0
2552.75,1
2562.0,0
2574.75,1
2575.0,0
2576.75,1
2585.75,0
2588.75,1
2589.25,0
2598.5,1
2598.75,0
2599.75,1
2600.0,0
2600.25,1
2609.5,0
2613.5,1
2613.75,0
2625.0,1
2633.75,0
2636.5,1
2636.75,0
2647.5,1
2658.0,0
2720.5,1
2729.75,0
2745.0,1
2753.25,0
2753.5,1
2754.0,0
2758.25,1
2758.5,0
2768.75,1
2777.25,0
2792.0,1
2802.0,0
2813.5,1
2813.75,0
2816.75,1
2825.75,0
2828.0,1
2828.25,0
2888.5,1
2889.0,0
2889.25,1
2897.75,0
2912.0,1
2921.25,0
2935.5,1
2935.75,0
2936.5,1
2946.25,0
2960.5,1
2969.75,0
2970.0,1
2970.25,0
2972.0,1
2972.5,0
2984.75,1
2993.5,0
2998.0,1
2998.25,0
3056.75,1
3065.75,0
3066.0,1
3066.25,0
3074.0,1
3074.25,0
3075.5,1
3075.75,0
3077.0,1
3077.25,0
3078.25,1
3078.5,0
3079.75,1
3089.75,0
3093.25,1
3093.5,0
3094.0,1
3094.25,0
3104.5,1
3113.75,0
3128.75,1
3137.5,0
3137.75,1
3138.0,0
3141.0,1
3141.25,0
3152.75,1
3161.25,0
3224.0,1
3224.5,0
3225.0,1
3233.5,0
3233.75,1
3234.0,0
3246.0,1
3246.25,0
3248.5,1
3257.75,0
3270.75,1
3271.0,0
3272.5,1
3281.5,0
3297.0,1
3305.75,0
3318.75,1
3319.0,0
3320.75,1
3329.5,0
3391.5,1
3391.75,0
3392.5,1
3401.5,0
3416.25,1
3416.5,0
3417.0,1
3426.0,0
3438.25,1
3438.5,0
3440.5,1
3449.0,0
3452.0,1
3452.25,0
3462.0,1
3462.25,0
3464.25,1
3464.5,0
3464.75,1
3473.5,0
3474.0,1
3474.25,0
3477.25,1
3477.5,0
3488.75,1
3497.25,0
3501.0,1
3501.25,0
3559.25,1
3559.5,0
3560.0,1
3569.75,0
3572.25,1
3572.5,0
3608.25,1
3608.5,0
3609.0,1
3617.5,0
3621.5,1
3621.75,0
3632.5,1
3641.25,0
3644.25,1
3644.5,0
3645.75,1
3646.0,0
3654.25,1
3654.5,0
3656.75,1
3666.0,0
3668.5,1
3668.75,0
3728.75,1
3737.0,0
3737.25,1
3738.0,0
3740.25,1
3740.5,0
3741.25,1
3741.5,0
3750.0,1
3750.25,0
3752.25,1
3752.75,0
3753.0,1
3761.0,0
3761.5,1
3761.75,0
3776.25,1
3777.0,0
3777.25,1
3785.5,0
3799.75,1
3800.0,0
3800.25,1
3809.5,0
3824.25,1
3833.25,0
3833.5,1
3833.75,0
3836.75,1
3837.0,0
3895.5,1
3895.75,0
3896.0,1
3905.25,0
3907.75,1
3908.0,0
3909.5,1
3909.75,0
3920.5,1
3929.0,0
3933.0,1
3933.25,0
3944.75,1
3953.25,0
3956.0,1
3956.25,0
3966.75,1
3967.0,0
3967.25,1
3968.0,0
3968.25,1
3977.5,0
3979.5,1
3979.75,0
3992.5,1
4001.25,0
4005.25,1
4005.5,0
4063.5,1
4064.0,0
4064.75,1
4074.0,0
4088.0,1
4097.5,0
4097.75,1
4098.0,0
4100.5,1
4100.75,0
4113.0,1
4122.0,0
4125.5,1
4125.75,0
4126.25,1
4126.5,0
4136.5,1
4146.0,0
4160.25,1
4169.75,0
4230.0,1
4230.25,0
4232.75,1
4242.75,0
4256.25,1
4265.5,0
4270.25,1
4270.5,0
4271.0,1
4271.25,0
4279.75,1
4280.75,0
4281.25,1
4289.25,0
4292.75,1
4293.0,0
4304.5,1
4314.75,0
4328.5,1
4337.5,0
4341.0,1
4341.25,0
4400.75,1
4410.0,0
4448.75,1
4457.0,0
4461.0,1
4461.25,0
4470.75,1
4471.0,0
4471.25,1
4471.5,0
4472.75,1
4481.5,0
4484.5,1
4484.75,0
4496.25,1
4505.5,0
4509.5,1
4509.75,0
4510.0,1
4510.25,0
4565.75,1
4566.0,0
4566.25,1
4566.5,0
4568.75,1
4578.0,0
4580.0,1
4580.25,0
4581.25,1
4581.5,0
4592.5,1
4601.5,0
4615.0,1
4615.25,0
4615.5,1
4615.75,0
4616.25,1
4626.5,0
4640.25,1
4649.75,0
4663.5,1
4663.75,0
4665.0,1
4673.25,0
4673.5,1
4673.75,0
4676.75,1
4677.25,0
4677.75,1
4678.0,0
4734.5,1
4734.75,0
4736.75,1
4745.25,0
4758.0,1
4758.25,0
4760.75,1
4769.75,0
4773.0,1
4773.25,0
4782.5,1
4782.75,0
4784.5,1
4794.0,0
4796.75,1
4797.0,0
4808.25,1
4818.25,0
4820.25,1
4820.5,0
4832.5,1
4841.5,0
4903.5,1
4904.0,0
4904.25,1
4904.5,0
4905.0,1
4913.25,0
4913.5,1
4913.75,0
4917.5,1
4917.75,0
4927.0,1
4927.25,0
4927.75,1
4928.0,0
4928.5,1
4937.25,0
4950.25,1
4950.5,0
4951.5,1
4961.5,0
4961.75,1
4962.0,0
4965.5,1
4965.75,0
4976.25,1
4985.25,0
5000.25,1
5010.0,0
5070.5,1
5070.75,0
5072.25,1
5082.0,0
5084.0,1
5084.25,0
5094.0,1
5094.25,0
5094.75,1
5095.0,0
5096.0,1
5096.5,0
5096.75,1
5105.5,0
5119.5,1
5119.75,0
5120.75,1
5121.25,0
5121.5,1
5129.75,0
5133.0,1
5133.25,0
5144.75,1
5153.25,0
5153.5,1
5153.75,0
5167.25,1
5167.5,0
5167.75,1
5177.5,0
5177.75,1
5178.0,0
5180.75,1
5181.0,0
5239.75,1
5240.0,0
5240.5,1
5249.25,0
5251.5,1
5251.75,0
5263.25,1
5263.5,0
5264.75,1
5273.0,0
5287.25,1
5287.5,0
5288.25,1
5297.25,0
5297.5,1
5297.75,0
5312.25,1
5321.25,0
5336.5,1
5346.0,0
5408.25,1
5418.0,0
5432.25,1
5441.75,0
5444.25,1
5444.5,0
5454.25,1
5454.5,0
5455.5,1
5455.75,0
5456.5,1
5465.75,0
5480.5,1
5490.0,0
5504.5,1
5514.0,0
5517.0,1
5517.25,0
5518.25,1
5518.5,0
5576.75,1
5585.75,0
5600.75,1
5603.75,0
5604.0,1
5610.0,0
5613.0,1
5613.25,0
5613.5,1
5613.75,0
5624.5,1
5633.5,0
5635.5,1
5635.75,0
5636.75,1
5637.0,0
5646.25,1
5646.5,0
5647.5,1
5647.75,0
5648.25,1
5657.25,0
5657.5,1
5657.75,0
5662.25,1
5662.5,0
5662.75,1
5663.0,0
5672.75,1
5681.75,0
5741.75,1
5742.0,0
5744.5,1
5753.0,0
5753.25,1
5753.5,0
5756.5,1
5757.0,0
5769.0,1
5777.5,0
5779.75,1
5780.0,0
5781.0,1
5781.25,0
5791.0,1
5791.25,0
5792.5,1
5801.5,0
5806.25,1
5806.5,0
5813.75,1
5814.0,0
5816.0,1
5825.5,0
5838.25,1
5838.5,0
5840.5,1
5850.0,0
5850.5,1
5850.75,0
5855.5,1
5855.75,0
5907.5,1
5907.75,0
5912.25,1
5921.5,0
5960.5,1
5960.75,0
5961.0,1
5970.0,0
5982.75,1
5983.0,0
5984.25,1
5993.25,0
5996.0,1
5996.25,0
6007.25,1
6007.5,0
6008.75,1
6017.75,0
6020.25,1
6020.75,0
6080.5,1
6089.25,0
6091.5,1
6091.75,0
6093.25,1
6093.5,0
6104.75,1
6113.5,0
6125.25,1
6125.5,0
6127.5,1
6127.75,0
6128.5,1
6137.5,0
6139.75,1
6140.0,0
6143.5,1
6143.75,0
6152.75,1
6161.25,0
6176.5,1
6185.75,0
6248.75,1
6257.75,0
6261.75,1
6262.0,0
6272.5,1
6281.25,0
6281.5,1
6281.75,0
6296.75,1
6305.5,0
6305.75,1
6306.0,0
6320.25,1
6320.5,0
6320.75,1
6329.25,0
6344.5,1
6353.25,0
6415.5,1
6415.75,0
6416.5,1
6425.5,0
6428.75,1
6429.0,0
6440.25,1
6450.0,0
6462.0,1
6462.25,0
6463.5,1
6464.5,0
6464.75,1
6473.25,0
6476.5,1
6476.75,0
6488.5,1
6498.25,0
6500.25,1
6500.5,0
6502.0,1
6502.25,0
6510.0,1
6510.25,0
6512.5,1
6521.5,0
6583.5,1
6583.75,0
6584.5,1
6593.75,0
6596.0,1
6596.25,0
6596.75,1
6597.0,0
6597.5,1
6597.75,0
6598.5,1
6598.75,0
6608.5,1
6617.75,0
6621.25,1
6621.5,0
6632.75,1
6640.75,0
6656.5,1
6665.25,0
6665.75,1
6666.0,0
6669.0,1
6669.25,0
6679.25,1
6679.5,0
6680.75,1
6689.25,0
6693.0,1
6693.5,0
6752.5,1
6761.5,0
6764.25,1
6764.5,0
6765.5,1
6765.75,0
6800.25,1
6809.5,0
6809.75,1
6810.0,0
6811.25,1
6811.5,0
6824.75,1
6833.5,0
6846.5,1
6846.75,0
6847.0,1
6847.25,0
6848.75,1
6857.75,0
6918.5,1
6918.75,0
6921.0,1
6929.25,0
6933.0,1
6933.25,0
6942.25,1
6942.5,0
6944.25,1
6944.75,0
6945.0,1
6953.75,0
6968.0,1
6977.25,0
6980.0,1
6980.25,0
6990.75,1
6991.0,0
6992.75,1
7001.5,0
7006.25,1
7006.5,0
7015.0,1
7015.25,0
7016.25,1
7025.25,0
7029.0,1
7029.25,0
7089.0,1
7097.75,0
7112.5,1
7121.75,0
7126.0,1
7126.25,0
7134.75,1
7135.0,0
7137.0,1
7145.75,0
7147.25,1
7147.5,0
7148.25,1
7148.5,0
7160.75,1
7169.5,0
7169.75,1
7170.25,0
7182.0,1
7182.25,0
7184.25,1
7184.5,0
7184.75,1
7193.25,0
7256.25,1
7256.5,0
7257.0,1
7265.75,0
7280.25,1
7289.25,0
7289.5,1
7289.75,0
7293.25,1
7293.5,0
7303.25,1
7303.5,0
7304.25,1
7313.5,0
7328.75,1
7337.25,0
7350.25,1
7350.5,0
7351.5,1
7351.75,0
7352.5,1
7359.25,0
7359.5,1
7361.5,0
7422.25,1
7422.5,0
7424.75,1
7433.5,0
7436.75,1
7437.0,0
7448.5,1
7457.25,0
7471.5,1
7472.0,0
7472.5,1
7482.0,0
7496.25,1
7505.75,0
7508.75,1
7509.0,0
7519.75,1
7520.0,0
7520.25,1
7520.5,0
7521.0,1
7530.25,0
7533.0,1
7533.25,0
7591.75,1
7601.25,0
7601.5,1
7602.25,0
7615.0,1
7615.25,0
7616.5,1
7625.25,0
7633.0,1
7633.25,0
7640.5,1
7649.0,0
7652.5,1
7652.75,0
7664.5,1
7674.0,0
7685.5,1
7685.75,0
7687.25,1
7687.5,0
7688.5,1
7696.75,0
7697.0,1
7697.75,0
7701.0,1
7701.25,0
7760.25,1
7769.75,0
7782.25,1
7782.5,0
7784.0,1
7784.25,0
7785.0,1
7794.0,0
7808.5,1
7816.75,0
7817.0,1
7817.25,0
7817.5,1
7818.0,0
7821.5,1
7821.75,0
7830.25,1
7830.5,0
7830.75,1
7831.0,0
7833.0,1
7841.75,0
7845.5,1
7845.75,0
7927.75,1
7928.0,0
7928.75,1
7938.25,0
7941.75,1
7942.0,0
7950.25,1
7950.5,0
7952.75,1
7961.75,0
7963.75,1
7964.0,0
7965.25,1
7965.5,0
7974.75,1
7975.0,0
7976.5,1
7985.25,0
7985.75,1
7986.0,0
7998.75,1
7999.0,0
8000.75,1
8009.5,0
8022.75,1
8023.0,0
8024.5,1
8033.75,0
8096.5,1
8105.5,0
8109.0,1
8109.25,0
8119.0,1
8120.0,0
8120.5,1
8129.5,0
8144.5,1
8153.5,0
8158.25,1
8158.5,0
8168.5,1
8177.25,0
8177.5,1
8178.25,0
8192.25,1
8192.5,0
8192.75,1
8201.0,0
8201.25,1
8201.5,0
8263.75,1
8264.0,0
8264.5,1
8274.0,0
8275.0,1
8275.25,0
8288.5,1
8297.5,0
8311.0,1
8311.25,0
8312.75,1
8321.5,0
8336.75,1
8345.5,0
8348.0,1
8348.25,0
8360.75,1
8370.25,0
8371.75,1
8372.0,0
8372.5,1
8372.75,0
8431.75,1
8432.25,0
8432.75,1
8441.25,0
8441.5,1
8441.75,0
8456.75,1
8465.0,0
8469.0,1
8469.5,0
8478.0,1
8478.25,0
8480.5,1
8480.75,0
8481.0,1
8490.5,0
8492.5,1
8492.75,0
8503.75,1
8504.0,0
8504.25,1
8504.5,0
8504.75,1
8513.75,0
8529.0,1
8537.0,0
8540.5,1
8540.75,0
8622.5,1
8622.75,0
8624.75,1
8625.0,0
8625.25,1
8633.25,0
8636.5,1
8636.75,0
8646.0,1
8646.25,0
8648.25,1
8657.5,0
8671.5,1
8671.75,0
8672.25,1
8672.5,0
8672.75,1
8681.5,0
8686.0,1
8686.25,0
8696.25,1
8696.5,0
8696.75,1
8705.25,0

float Room-218B (1327,2)
0.0,0
32.75,1
41.5,0
46.25,1
46.5,0
56.5,1
66.25,0
68.0,1
68.25,0
80.5,1
89.75,0
104.75,1
114.0,0
117.75,1
118.0,0
126.25,1
126.5,0
128.0,1
128.25,0
128.5,1
138.0,0
138.5,1
138.75,0
199.75,1
200.0,0
200.25,1
209.25,0
224.0,1
224.5,0
224.75,1
233.75,0
238.25,1
238.5,0
248.25,1
258.0,0
261.0,1
261.25,0
271.0,1
271.25,0
272.25,1
281.75,0
290.0,1
290.25,0
294.5,1
294.75,0
295.0,1
295.25,0
296.5,1
305.5,0
305.75,1
306.0,0
309.0,1
309.25,0
368.25,1
368.5,0
368.75,1
377.75,0
381.75,1
382.0,0
392.5,1
401.0,0
401.5,1
402.0,0
438.5,1
438.75,0
441.0,1
449.25,0
452.0,1
452.25,0
454.25,1
454.5,0
462.5,1
462.75,0
464.0,1
473.5,0
536.75,1
545.5,0
548.0,1
548.25,0
558.25,1
558.5,0
560.0,1
569.5,0
583.25,1
583.5,0
584.0,1
584.5,0
584.75,1
593.25,0
596.5,1
596.75,0
597.75,1
598.0,0
608.0,1
617.0,0
617.25,1
618.25,0
620.0,1
620.25,0
631.0,1
631.25,0
631.75,1
632.0,0
632.5,1
642.0,0
646.0,1
646.25,0
702.0,1
702.25,0
704.5,1
713.75,0
729.0,1
737.75,0
751.25,1
752.0,0
752.5,1
761.75,0
774.25,1
774.5,0
776.75,1
785.75,0
788.25,1
788.5,0
800.0,1
809.5,0
813.25,1
813.5,0
872.25,1
881.5,0
896.75,1
905.5,0
919.25,1
919.75,0
920.0,1
920.5,0
920.75,1
925.0,0
925.25,1
929.0,0
929.5,1
929.75,0
933.0,1
933.25,0
945.0,1
953.0,0
953.25,1
953.5,0
957.75,1
958.0,0
968.5,1
977.0,0
977.25,1
977.5,0
1039.5,1
1039.75,0
1040.5,1
1049.25,0
1053.75,1
1054.0,0
1064.25,1
1064.5,0
1064.75,1
1073.5,0
1077.5,1
1077.75,0
1112.25,1
1121.75,0
1124.25,1
1124.5,0
1136.75,1
1145.75,0
1149.5,1
1149.75,0
1208.0,1
1217.25,0
1217.5,1
1217.75,0
1231.5,1
1231.75,0
1232.5,1
1241.25,0
1241.5,1
1241.75,0
1244.0,1
1244.25,0
1254.0,1
1254.25,0
1254.75,1
1255.0,0
1256.75,1
1265.5,0
1276.5,1
1276.75,0
1279.0,1
1279.25,0
1281.0,1
1289.25,0
1289.5,1
1289.75,0
1291.0,1
1291.25,0
1292.75,1
1293.0,0
1304.0,1
1313.25,0
1374.5,1
1374.75,0
1376.25,1
1385.75,0
1397.75,1
1398.25,0
1398.5,1
1398.75,0
1400.25,1
1400.5,0
1401.0,1
1410.25,0
1422.25,1
1422.5,0
1424.5,1
1433.25,0
1437.0,1
1437.25,0
1448.75,1
1457.5,0
1460.5,1
1460.75,0
1472.0,1
1472.5,0
1472.75,1
1480.75,0
1481.0,1
1481.5,0
1485.5,1
1485.75,0
1544.5,1
1553.0,0
1553.75,1
1554.0,0
1569.0,1
1577.5,0
1589.75,1
1590.0,0
1590.5,1
1591.0,0
1592.25,1
1601.75,0
1616.25,1
1625.75,0
1638.75,1
1639.0,0
1640.25,1
1649.0,0
1649.5,1
1649.75,0
1653.5,1
1653.75,0
1709.5,1
1709.75,0
1712.25,1
1716.75,0
1717.0,1
1721.5,0
1736.75,1
1745.75,0
1760.25,1
1760.5,0
1760.75,1
1769.5,0
1781.5,1
1781.75,0
1784.75,1
1793.75,0
1794.25,1
1794.5,0
1806.75,1
1807.0,0
1808.75,1
1817.75,0
1820.5,1
1821.0,0
1821.5,1
1821.75,0
1880.25,1
1880.5,0
1881.0,1
1889.25,0
1889.5,1
1889.75,0
1893.0,1
1893.25,0
1894.0,1
1894.25,0
1904.75,1
1913.75,0
1917.0,1
1917.25,0
1925.5,1
1925.75,0
1929.0,1
1937.75,0
1952.5,1
1961.75,0
1965.25,1
1965.5,0
1976.5,1
1985.5,0
2048.25,1
2057.75,0
2072.0,1
2082.0,0
2083.75,1
2084.0,0
2085.75,1
2086.0,0
2094.0,1
2094.25,0
2096.25,1
2105.75,0
2108.5,1
2108.75,0
2118.5,1
2118.75,0
2120.75,1
2129.5,0
2130.0,1
2130.5,0
2133.25,1
2133.5,0
2134.0,1
2134.25,0
2142.75,1
2143.0,0
2144.75,1
2153.25,0
2157.0,1
2157.25,0
2216.0,1
2216.25,0
2216.5,1
2225.5,0
2225.75,1
2226.25,0
2227.5,1
2227.75,0
2240.75,1
2249.75,0
2262.0,1
2262.25,0
2264.25,1
2274.0,0
2286.5,1
2286.75,0
2288.25,1
2288.5,0
2288.75,1
2297.5,0
2311.75,1
2312.0,0
2312.75,1
2321.5,0
2384.75,1
2393.5,0
2408.25,1
2408.5,0
2408.75,1
2418.0,0
2429.5,1
2430.0,0
2432.75,1
2441.5,0
2453.5,1
2453.75,0
2455.5,1
2456.0,0
2456.25,1
2465.5,0
2468.0,1
2468.5,0
2469.25,1
2469.5,0
2481.0,1
2489.5,0
2552.75,1
2561.5,0
2576.25,1
2585.5,0
2586.0,1
2586.25,0
2600.5,1
2609.25,0
2624.0,1
2634.0,0
2648.75,1
2653.0,0
2653.5,1
2657.75,0
2721.25,1
2729.0,0
2729.5,1
2730.25,0
2731.5,1
2731.75,0
2742.25,1
2742.5,0
2744.75,1
2754.0,0
2756.75,1
2757.0,0
2766.25,1
2766.75,0
2767.0,1
2767.25,0
2768.5,1
2777.0,0
2777.25,1
2778.75,0
2781.0,1
2781.25,0
2781.75,1
2782.0,0
2792.25,1
2801.0,0
2801.25,1
2801.5,0
2802.0,1
2802.25,0
2805.25,1
2805.5,0
2814.0,1
2814.25,0
2814.75,1
2815.0,0
2817.0,1
2825.5,0
2829.5,1
2829.75,0
2886.25,1
2886.5,0
2888.25,1
2897.75,0
2910.0,1
2910.25,0
2910.75,1
2911.0,0
2912.0,1
2912.75,0
2913.0,1
2921.75,0
2926.0,1
2926.25,0
2933.75,1
2934.0,0
2936.25,1
2945.25,0
2960.0,1
2969.5,0
2973.75,1
2974.0,0
2983.25,1
2983.5,0
2983.75,1
2993.5,0
3056.5,1
3065.75,0
3069.75,1
3070.0,0
3076.75,1
3077.0,0
3081.25,1
3089.75,0
3104.5,1
3113.25,0
3128.0,1
3137.25,0
3140.75,1
3141.0,0
3152.5,1
3161.25,0
3161.5,1
3161.75,0
3223.75,1
3224.0,0
3224.5,1
3233.25,0
3247.25,1
3247.5,0
3248.0,1
3257.75,0
3271.5,1
3271.75,0
3272.0,1
3282.25,0
3296.25,1
3296.5,0
3297.0,1
3305.5,0
3318.5,1
3318.75,0
3320.0,1
3329.75,0
3331.25,1
3331.5,0
3331.75,1
3332.0,0
3392.5,1
3401.5,0
3402.0,1
3402.25,0
3416.0,1
3416.75,0
3417.0,1
3425.5,0
3426.0,1
3426.25,0
3440.5,1
3449.5,0
3450.0,1
3450.25,0
3452.75,1
3453.0,0
3462.75,1
3463.0,0
3463.75,1
3464.0,0
3464.5,1
3473.5,0
3477.5,1
3477.75,0
3488.25,1
3497.75,0
3560.25,1
3569.25,0
3569.75,1
3570.0,0
3608.75,1
3617.25,0
3619.5,1
3619.75,0
3633.0,1
3641.5,0
3642.0,1
3642.25,0
3646.25,1
3646.5,0
3653.5,1
3653.75,0
3656.75,1
3666.0,0
3666.25,1
3666.5,0
3670.5,1
3670.75,0
3728.75,1
3738.0,0
3741.75,1
3742.0,0
3752.5,1
3761.75,0
3764.25,1
3764.5,0
3776.25,1
3785.25,0
3785.5,1
3786.5,0
3789.5,1
3789.75,0
3800.25,1
3800.5,0
3800.75,1
3809.75,0
3824.5,1
3833.25,0
3836.25,1
3836.5,0
3895.75,1
3896.0,0
3896.5,1
3905.5,0
3920.5,1
3929.25,0
3932.0,1
3932.25,0
3933.0,1
3933.25,0
3942.75,1
3943.25,0
3944.0,1
3944.5,0
3944.75,1
3953.75,0
3957.25,1
3957.5,0
3957.75,1
3958.0,0
3966.5,1
3966.75,0
3967.25,1
3967.5,0
3968.5,1
3974.5,0
3974.75,1
3977.25,0
3979.75,1
3980.0,0
3980.25,1
3980.5,0
3991.75,1
3992.0,0
3992.75,1
4001.25,0
4001.5,1
4001.75,0
4064.25,1
4073.5,0
4086.5,1
4086.75,0
4088.25,1
4097.25,0
4101.75,1
4102.0,0
4103.0,1
4103.25,0
4112.5,1
4121.5,0
4135.0,1
4135.25,0
4137.0,1
4145.75,0
4149.25,1
4149.5,0
4149.75,1
4150.0,0
4159.75,1
4160.5,0
4160.75,1
4170.0,0
4232.0,1
4241.75,0
4242.75,1
4243.0,0
4244.25,1
4244.5,0
4256.5,1
4257.0,0
4257.25,1
4265.75,0
4268.75,1
4269.0,0
4280.0,1
4289.5,0
4301.5,1
4301.75,0
4303.0,1
4303.25,0
4304.75,1
4313.75,0
4317.25,1
4317.5,0
4328.75,1
4337.25,0
4337.5,1
4337.75,0
4341.0,1
4341.25,0
4342.5,1
4342.75,0
4401.0,1
4409.75,0
4413.0,1
4413.25,0
4447.0,1
4447.25,0
4448.5,1
4457.75,0
4458.0,1
4458.25,0
4461.0,1
4461.25,0
4462.5,1
4462.75,0
4470.5,1
4470.75,0
4471.75,1
4472.0,0
4472.25,1
4481.75,0
4496.25,1
4505.5,0
4509.75,1
4510.0,0
4568.5,1
4568.75,0
4569.0,1
4577.0,0
4577.5,1
4577.75,0
4590.75,1
4591.0,0
4592.25,1
4601.5,0
4605.5,1
4605.75,0
4617.0,1
4617.5,0
4617.75,1
4625.25,0
4637.75,1
4638.25,0
4640.25,1
4649.75,0
4650.0,1
4650.25,0
4653.0,1
4653.25,0
4664.25,1
4673.75,0
4736.25,1
4745.25,0
4759.25,1
4759.5,0
4760.25,1
4769.75,0
4771.5,1
4771.75,0
4784.75,1
4793.75,0
4796.75,1
4797.0,0
4806.0,1
4806.25,0
4807.0,1
4807.25,0
4808.75,1
4817.25,0
4817.5,1
4817.75,0
4820.25,1
4820.5,0
4832.25,1
4842.0,0
4904.75,1
4913.25,0
4913.5,1
4913.75,0
4914.5,1
4914.75,0
4927.75,1
4928.0,0
4928.5,1
4938.25,0
4952.5,1
4953.0,0
4953.25,1
4962.25,0
4976.5,1
4986.0,0
4998.75,1
4999.0,0
5000.25,1
5000.5,0
5000.75,1
5010.0,0
5070.5,1
5070.75,0
5071.75,1
5072.0,0
5072.75,1
5081.5,0
5081.75,1
5082.0,0
5086.25,1
5086.75,0
5096.5,1
5105.5,0
5118.75,1
5119.0,0
5120.25,1
5129.25,0
5132.0,1
5132.25,0
5132.5,1
5132.75,0
5133.25,1
5133.5,0
5144.75,1
5153.75,0
5166.75,1
5167.0,0
5167.25,1
5167.5,0
5168.5,1
5168.75,0
5169.0,1
5178.0,0
5181.75,1
5182.25,0
5240.5,1
5249.25,0
5249.75,1
5250.5,0
5264.25,1
5273.25,0
5273.5,1
5273.75,0
5288.25,1
5288.75,0
5289.0,1
5297.25,0
5301.0,1
5301.25,0
5312.75,1
5321.75,0
5336.25,1
5345.25,0
5348.75,1
5349.0,0
5408.25,1
5417.25,0
5421.0,1
5421.25,0
5432.0,1
5441.5,0
5444.25,1
5444.5,0
5444.75,1
5445.0,0
5456.75,1
5465.25,0
5468.75,1
5469.25,0
5478.75,1
5479.0,0
5479.25,1
5479.5,0
5480.0,1
5480.25,0
5481.25,1
5489.25,0
5492.75,1
5493.0,0
5503.5,1
5503.75,0
5504.25,1
5504.5,0
5504.75,1
5513.5,0
5513.75,1
5514.0,0
5516.75,1
5517.0,0
5576.25,1
5584.75,0
5585.0,1
5586.0,0
5589.0,1
5589.25,0
5598.0,1
5598.25,0
5600.5,1
5600.75,0
5601.0,1
5609.25,0
5609.5,1
5609.75,0
5614.25,1
5614.5,0
5623.75,1
5624.0,0
5624.25,1
5634.0,0
5635.5,1
5635.75,0
5648.25,1
5658.0,0
5670.25,1
5670.5,0
5671.25,1
5672.0,0
5672.5,1
5681.25,0
5684.75,1
5685.0,0
5744.0,1
5754.0,0
5756.0,1
5756.25,0
5766.75,1
5767.0,0
5767.75,1
5768.0,0
5768.75,1
5772.0,0
5772.25,1
5776.75,0
5777.0,1
5778.0,0
5780.25,1
5780.5,0
5790.25,1
5790.5,0
5792.5,1
5801.5,0
5806.5,1
5806.75,0
5814.75,1
5815.0,0
5816.5,1
5825.5,0
5825.75,1
5826.25,0
5829.5,1
5829.75,0
5837.0,1
5837.25,0
5840.25,1
5849.5,0
5851.5,1
5851.75,0
5904.75,1
5905.0,0
5910.25,1
5910.5,0
5912.5,1
5921.0,0
5924.75,1
5925.0,0
5960.75,1
5969.0,0
5969.5,1
5969.75,0
5983.0,1
5983.5,0
5984.25,1
5984.5,0
5984.75,1
5994.0,0
5996.25,1
5996.5,0
5997.75,1
5998.0,0
6008.75,1
6018.0,0
6078.0,1
6078.25,0
6080.5,1
6089.75,0
6102.5,1
6102.75,0
6105.25,1
6113.5,0
6128.25,1
6128.75,0
6129.0,1
6137.75,0
6142.75,1
6143.0,0
6152.25,1
6152.5,0
6153.25,1
6161.25,0
6175.25,1
6175.5,0
6176.25,1
6176.5,0
6177.0,1
6185.75,0
6246.0,1
6246.25,0
6249.25,1
6257.25,0
6272.75,1
6281.25,0
6296.25,1
6297.0,0
6297.25,1
6305.5,0
6320.25,1
6329.25,0
6343.0,1
6343.25,0
6344.5,1
6353.5,0
6416.75,1
6425.5,0
6439.25,1
6439.5,0
6440.5,1
6440.75,0
6441.0,1
6449.75,0
6453.25,1
6453.5,0
6462.25,1
6462.5,0
6464.5,1
6473.5,0
6476.0,1
6476.25,0
6488.25,1
6496.75,0
6497.0,1
6497.25,0
6497.5,1
6497.75,0
6501.25,1
6501.5,0
6510.25,1
6510.5,0
6512.25,1
6520.75,0
6521.0,1
6522.5,0
6582.5,1
6582.75,0
6584.75,1
6593.5,0
6594.25,1
6594.5,0
6607.5,1
6607.75,0
6608.25,1
6617.25,0
6620.0,1
6620.25,0
6632.75,1
6642.5,0
6656.5,1
6666.25,0
6680.25,1
6680.5,0
6680.75,1
6689.75,0
6691.75,1
6692.0,0
6692.5,1
6692.75,0
6752.5,1
6761.5,0
6800.5,1
6809.5,0
6813.0,1
6813.5,0
6822.75,1
6823.0,0
6824.75,1
6833.25,0
6848.25,1
6857.75,0
6860.0,1
6860.25,0
6860.75,1
6861.0,0
6861.75,1
6862.0,0
6919.5,1
6919.75,0
6920.25,1
6929.25,0
6933.5,1
6933.75,0
6944.5,1
6953.25,0
6956.5,1
6956.75,0
6967.75,1
6977.5,0
6979.25,1
6979.5,0
6992.75,1
7002.25,0
7015.75,1
7016.25,0
7016.5,1
7025.0,0
7025.25,1
7026.5,0
7029.0,1
7029.25,0
7086.25,1
7086.5,0
7088.5,1
7098.25,0
7110.25,1
7110.5,0
7112.5,1
7121.75,0
7124.0,1
7124.25,0
7136.0,1
7136.25,0
7136.75,1
7145.75,0
7158.25,1
7158.75,0
7160.25,1
7169.25,0
7170.0,1
7170.25,0
7172.5,1
7172.75,0
7184.0,1
7194.0,0
7195.25,1
7195.5,0
7196.25,1
7196.5,0
7197.25,1
7197.5,0
7256.25,1
7256.5,0
7256.75,1
7265.5,0
7267.5,1
7267.75,0
7280.0,1
7281.0,0
7281.25,1
7289.5,0
7292.75,1
7293.0,0
7303.75,1
7313.25,0
7328.75,1
7337.25,0
7352.25,1
7353.25,0
7353.5,1
7361.5,0
7363.0,1
7363.25,0
7422.5,1
7422.75,0
7424.25,1
7433.25,0
7434.25,1
7434.5,0
7436.5,1
7436.75,0
7437.25,1
7437.5,0
7448.0,1
7448.5,0
7448.75,1
7457.25,0
7462.0,1
7462.25,0
7472.25,1
7481.75,0
7496.5,1
7505.0,0
7520.5,1
7529.0,0
7529.25,1
7529.75,0
7589.75,1
7590.0,0
7592.0,1
7592.75,0
7593.0,1
7601.25,0
7601.5,1
7601.75,0
7605.25,1
7605.5,0
7607.25,1
7607.5,0
7617.0,1
7625.25,0
7630.0,1
7630.25,0
7640.5,1
7649.25,0
7649.5,1
7649.75,0
7652.0,1
7652.25,0
7664.0,1
7673.5,0
7688.5,1
7697.5,0
7697.75,1
7698.0,0
7700.5,1
7700.75,0
7760.25,1
7760.5,0
7760.75,1
7769.25,0
7784.0,1
7793.75,0
7808.5,1
7818.5,0
7820.5,1
7821.0,0
7822.5,1
7822.75,0
7833.0,1
7837.25,0
7837.5,1
7841.5,0
7842.0,1
7842.5,0
7926.25,1
7926.5,0
7928.25,1
7937.5,0
7940.5,1
7940.75,0
7941.75,1
7942.0,0
7950.5,1
7950.75,0
7951.25,1
7951.5,0
7952.75,1
7961.75,0
7963.75,1
7964.0,0
7976.5,1
7985.25,0
7999.75,1
8000.25,0
8000.5,1
8010.0,0
8012.25,1
8012.5,0
8024.75,1
8033.5,0
8036.25,1
8036.5,0
8036.75,1
8037.0,0
8096.5,1
8105.75,0
8119.75,1
8120.0,0
8120.75,1
8129.5,0
8129.75,1
8130.25,0
8144.5,1
8154.0,0
8157.25,1
8157.75,0
8165.5,1
8165.75,0
8168.75,1
8177.25,0
8177.5,1
8177.75,0
8192.0,1
8201.5,0
8204.5,1
8204.75,0
8205.25,1
8205.5,0
8264.25,1
8273.75,0
8275.25,1
8275.5,0
8287.75,1
8288.0,0
8288.25,1
8297.25,0
8300.75,1
8301.0,0
8312.5,1
8321.75,0
8333.75,1
8334.0,0
8336.5,1
8345.5,0
8360.75,1
8369.25,0
8430.25,1
8430.5,0
8430.75,1
8431.0,0
8432.25,1
8432.75,0
8433.0,1
8441.5,0
8441.75,1
8442.0,0
8445.5,1
8445.75,0
8456.25,1
8465.25,0
8468.5,1
8468.75,0
8480.0,1
8489.25,0
8489.75,1
8490.0,0
8493.25,1
8493.5,0
8502.0,1
8502.25,0
8504.5,1
8513.75,0
8528.5,1
8537.5,0
8541.0,1
8541.5,0
8624.25,1
8633.25,0
8637.75,1
8638.0,0
8645.5,1
8646.0,0
8647.75,1
8648.25,0
8648.5,1
8657.75,0
8672.75,1
8681.5,0
8684.25,1
8684.5,0
8685.5,1
8685.75,0
8695.75,1
8696.0,0
8696.75,1
8706.0,0
8709.75,1
8710.0,0

float Room-221 (1855,2)
0.0,0
32.25,1
33.5,0
33.75,1
41.5,0
44.0,1
44.25,0
57.25,1
59.5,0
59.75,1
65.0,0
65.25,1
65.5,0
80.5,1
83.5,0
83.75,1
88.75,0
93.5,1
94.0,0
104.5,1
110.5,0
110.75,1
113.25,0
113.75,1
114.0,0
114.25,1
114.5,0
117.0,1
117.25,0
129.0,1
137.25,0
137.5,1
138.0,0
140.5,1
140.75,0
141.0,1
141.25,0
199.25,1
199.5,0
201.25,1
209.25,0
224.5,1
224.75,0
225.0,1
225.25,0
225.5,1
229.75,0
230.0,1
231.25,0
231.5,1
233.5,0
248.75,1
257.25,0
271.5,1
271.75,0
272.5,1
272.75,0
273.5,1
278.25,0
278.5,1
281.0,0
294.5,1
294.75,0
296.5,1
305.75,0
307.75,1
308.0,0
368.5,1
372.25,0
372.5,1
376.25,0
376.75,1
377.25,0
377.5,1
377.75,0
380.0,1
380.25,0
380.5,1
380.75,0
392.5,1
396.75,0
397.0,1
397.25,0
397.5,1
398.25,0
398.5,1
401.25,0
402.0,1
402.25,0
440.0,1
440.25,0
440.75,1
442.75,0
443.0,1
449.25,0
465.0,1
473.0,0
473.25,1
473.5,0
473.75,1
474.0,0
534.75,1
535.0,0
536.0,1
536.25,0
536.5,1
537.75,0
538.25,1
539.25,0
539.5,1
545.0,0
545.25,1
545.5,0
549.0,1
549.25,0
561.0,1
569.25,0
585.0,1
585.25,0
585.5,1
588.0,0
588.25,1
588.5,0
588.75,1
590.5,0
590.75,1
593.0,0
597.0,1
597.25,0
598.0,1
598.25,0
607.0,1
607.25,0
609.5,1
617.25,0
621.5,1
621.75,0
631.0,1
631.75,0
632.5,1
638.0,0
638.25,1
641.5,0
702.75,1
703.0,0
704.5,1
712.75,0
713.0,1
713.25,0
716.5,1
716.75,0
728.0,1
731.75,0
732.0,1
737.5,0
753.25,1
761.5,0
765.25,1
765.5,0
777.0,1
786.25,0
786.5,1
787.25,0
787.5,1
787.75,0
789.25,1
789.75,0
800.25,1
800.5,0
801.25,1
809.5,0
812.0,1
812.25,0
872.75,1
873.0,0
873.25,1
875.25,0
875.5,1
881.0,0
885.0,1
885.25,0
896.75,1
900.5,0
900.75,1
905.5,0
909.75,1
910.0,0
920.5,1
929.75,0
932.5,1
932.75,0
933.5,1
933.75,0
944.75,1
953.25,0
968.75,1
977.5,0
980.75,1
981.0,0
982.0,1
982.25,0
1041.25,1
1049.0,0
1049.5,1
1049.75,0
1054.0,1
1054.25,0
1064.25,1
1064.5,0
1064.75,1
1067.75,0
1068.0,1
1073.0,0
1073.25,1
1073.5,0
1110.25,1
1110.5,0
1112.75,1
1121.25,0
1137.0,1
1140.0,0
1140.25,1
1145.25,0
1149.0,1
1149.25,0
1209.0,1
1217.25,0
1231.0,1
1231.25,0
1233.0,1
1233.25,0
1233.5,1
1241.75,0
1244.25,1
1244.5,0
1244.75,1
1245.0,0
1245.5,1
1245.75,0
1256.5,1
1258.75,0
1259.0,1
1259.75,0
1260.75,1
1264.75,0
1265.0,1
1265.75,0
1278.25,1
1278.5,0
1280.5,1
1280.75,0
1281.0,1
1285.0,0
1285.5,1
1288.75,0
1289.25,1
1289.5,0
1292.25,1
1292.5,0
1304.75,1
1313.25,0
1313.5,1
1313.75,0
1316.25,1
1316.5,0
1377.0,1
1385.25,0
1388.0,1
1388.25,0
1389.75,1
1390.0,0
1401.0,1
1409.5,0
1424.5,1
1426.25,0
1426.5,1
1427.25,0
1427.5,1
1432.0,0
1432.25,1
1432.75,0
1446.25,1
1446.5,0
1446.75,1
1447.0,0
1447.5,1
1447.75,0
1448.5,1
1450.5,0
1450.75,1
1451.75,0
1452.0,1
1457.5,0
1472.5,1
1475.0,0
1475.25,1
1481.0,0
1483.25,1
1483.5,0
1542.0,1
1542.25,0
1544.5,1
1545.0,0
1545.25,1
1548.75,0
1549.0,1
1553.5,0
1556.25,1
1556.5,0
1557.75,1
1558.0,0
1569.25,1
1570.5,0
1570.75,1
1574.25,0
1574.5,1
1576.75,0
1577.0,1
1577.25,0
1592.75,1
1596.0,0
1596.25,1
1597.75,0
1598.0,1
1598.5,0
1598.75,1
1601.25,0
1617.25,1
1620.75,0
1621.0,1
1624.75,0
1625.0,1
1625.25,0
1626.75,1
1627.0,0
1641.0,1
1648.75,0
1649.0,1
1649.25,0
1652.5,1
1652.75,0
1712.75,1
1713.0,0
1713.25,1
1714.5,0
1714.75,1
1721.0,0
1721.25,1
1721.5,0
1737.25,1
1738.25,0
1738.5,1
1745.5,0
1760.75,1
1769.5,0
1783.25,1
1783.5,0
1785.0,1
1785.25,0
1785.5,1
1793.5,0
1797.25,1
1797.5,0
1806.0,1
1806.25,0
1808.25,1
1811.5,0
1811.75,1
1817.5,0
1817.75,1
1818.0,0
1819.75,1
1820.0,0
1880.0,1
1880.25,0
1881.0,1
1884.0,0
1884.25,1
1889.25,0
1893.5,1
1893.75,0
1903.25,1
1903.5,0
1904.0,1
1904.25,0
1904.75,1
1913.25,0
1916.0,1
1916.25,0
1918.25,1
1918.5,0
1927.0,1
1927.25,0
1929.25,1
1935.25,0
1935.5,1
1937.0,0
1937.25,1
1937.5,0
1940.5,1
1940.75,0
1941.25,1
1941.5,0
1952.5,1
1952.75,0
1953.0,1
1961.0,0
1963.5,1
1963.75,0
1964.25,1
1964.75,0
1975.0,1
1975.25,0
1975.5,1
1975.75,0
1976.5,1
1985.5,0
1990.75,1
1991.0,0
2049.25,1
2057.75,0
2073.0,1
2073.75,0
2074.0,1
2081.5,0
2084.5,1
2084.75,0
2095.0,1
2095.25,0
2097.0,1
2100.75,0
2101.0,1
2104.25,0
2104.5,1
2105.25,0
2105.75,1
2106.0,0
2108.0,1
2108.25,0
2118.25,1
2118.5,0
2120.75,1
2125.0,0
2125.25,1
2129.5,0
2133.75,1
2134.0,0
2143.75,1
2144.0,0
2144.5,1
2145.0,0
2145.25,1
2153.25,0
2157.25,1
2157.5,0
2216.5,1
2216.75,0
2217.0,1
2221.0,0
2221.25,1
2225.25,0
2225.5,1
2225.75,0
2240.75,1
2244.25,0
2244.5,1
2245.25,0
2245.5,1
2249.5,0
2264.5,1
2268.25,0
2268.5,1
2270.0,0
2270.25,1
2273.5,0
2276.75,1
2277.0,0
2286.25,1
2286.5,0
2288.25,1
2288.5,0
2288.75,1
2297.0,0
2297.25,1
2297.5,0
2312.5,1
2321.25,0
2321.5,1
2322.0,0
2384.5,1
2385.5,0
2385.75,1
2393.25,0
2397.0,1
2397.25,0
2409.0,1
2417.25,0
2432.75,1
2441.25,0
2444.0,1
2444.25,0
2454.0,1
2454.25,0
2456.25,1
2461.0,0
2461.25,1
2465.25,0
2478.75,1
2479.0,0
2480.5,1
2481.5,0
2481.75,1
2488.75,0
2489.25,1
2489.5,0
2492.0,1
2492.5,0
2549.75,1
2550.0,0
2552.5,1
2555.25,0
2555.5,1
2560.75,0
2567.0,1
2567.25,0
2576.0,1
2577.0,0
2577.5,1
2585.25,0
2588.5,1
2588.75,0
2601.0,1
2604.0,0
2604.25,1
2608.75,0
2609.25,1
2609.5,0
2624.0,1
2624.5,0
2624.75,1
2625.0,0
2625.5,1
2626.0,0
2626.25,1
2628.0,0
2628.25,1
2630.0,0
2630.25,1
2630.5,0
2630.75,1
2631.25,0
2631.5,1
2633.25,0
2647.5,1
2647.75,0
2648.5,1
2648.75,0
2649.0,1
2649.25,0
2649.5,1
2652.5,0
2652.75,1
2657.5,0
2720.0,1
2720.25,0
2720.5,1
2720.75,0
2721.25,1
2729.0,0
2729.25,1
2729.75,0
2744.25,1
2744.75,0
2745.0,1
2745.5,0
2745.75,1
2753.0,0
2753.5,1
2754.0,0
2766.75,1
2767.0,0
2768.75,1
2769.0,0
2769.25,1
2777.25,0
2781.5,1
2781.75,0
2792.75,1
2793.0,0
2793.25,1
2797.25,0
2797.5,1
2801.25,0
2816.25,1
2816.5,0
2817.25,1
2825.5,0
2886.25,1
2886.5,0
2888.25,1
2888.5,0
2889.25,1
2890.75,0
2891.0,1
2895.0,0
2895.25,1
2897.25,0
2899.75,1
2900.0,0
2901.5,1
2901.75,0
2912.75,1
2918.25,0
2918.5,1
2920.0,0
2920.25,1
2921.0,0
2921.25,1
2921.5,0
2922.0,1
2922.25,0
2925.25,1
2925.5,0
2936.5,1
2941.0,0
2941.25,1
2945.5,0
2960.25,1
2960.5,0
2960.75,1
2969.25,0
2969.75,1
2970.0,0
2973.0,1
2973.25,0
2982.5,1
2982.75,0
2985.0,1
2988.25,0
2988.5,1
2993.75,0
2997.5,1
2997.75,0
3057.25,1
3059.0,0
3059.25,1
3060.5,0
3060.75,1
3065.0,0
3065.25,1
3066.0,0
3068.75,1
3069.0,0
3080.5,1
3080.75,0
3081.0,1
3089.25,0
3093.5,1
3093.75,0
3102.5,1
3102.75,0
3105.0,1
3107.25,0
3107.75,1
3112.75,0
3113.0,1
3113.5,0
3113.75,1
3114.0,0
3126.5,1
3126.75,0
3128.75,1
3129.0,0
3129.25,1
3136.25,0
3136.5,1
3137.5,0
3152.5,1
3160.75,0
3161.0,1
3161.25,0
3225.5,1
3233.25,0
3249.0,1
3251.75,0
3252.25,1
3256.75,0
3260.5,1
3260.75,0
3273.0,1
3278.0,0
3278.25,1
3281.25,0
3297.25,1
3305.0,0
3305.25,1
3305.5,0
3320.5,1
3329.25,0
3329.75,1
3330.0,0
3393.25,1
3398.0,0
3398.25,1
3401.5,0
3404.75,1
3405.0,0
3417.0,1
3419.5,0
3419.75,1
3425.0,0
3425.25,1
3425.5,0
3440.25,1
3442.75,0
3443.0,1
3443.5,0
3443.75,1
3449.0,0
3462.75,1
3463.0,0
3463.5,1
3463.75,0
3464.5,1
3472.5,0
3472.75,1
3473.0,0
3473.25,1
3473.5,0
3476.25,1
3476.5,0
3478.0,1
3478.25,0
3488.5,1
3492.75,0
3493.0,1
3497.5,0
3501.75,1
3502.0,0
3561.0,1
3561.25,0
3561.5,1
3568.5,0
3569.0,1
3569.5,0
3574.0,1
3574.25,0
3606.5,1
3606.75,0
3608.75,1
3615.25,0
3615.5,1
3617.0,0
3633.0,1
3634.0,0
3634.25,1
3634.75,0
3635.0,1
3637.75,0
3638.0,1
3641.25,0
3641.5,1
3641.75,0
3642.0,1
3642.25,0
3644.5,1
3644.75,0
3656.75,1
3659.75,0
3660.0,1
3661.5,0
3661.75,1
3664.5,0
3664.75,1
3665.0,0
3665.25,1
3665.5,0
3669.0,1
3669.25,0
3727.5,1
3727.75,0
3728.25,1
3728.75,0
3729.25,1
3729.75,0
3730.0,1
3737.25,0
3753.25,1
3761.25,0
3777.25,1
3780.75,0
3781.0,1
3784.25,0
3784.5,1
3784.75,0
3785.75,1
3786.0,0
3788.5,1
3788.75,0
3800.5,1
3804.0,0
3804.25,1
3809.25,0
3824.25,1
3833.0,0
3837.5,1
3837.75,0
3894.0,1
3894.25,0
3896.75,1
3902.75,0
3903.0,1
3905.5,0
3905.75,1
3906.0,0
3920.75,1
3929.0,0
3932.5,1
3932.75,0
3942.75,1
3943.0,0
3944.25,1
3945.0,0
3945.25,1
3949.0,0
3949.25,1
3952.0,0
3952.25,1
3953.25,0
3969.5,1
3972.25,0
3972.5,1
3973.0,0
3973.25,1
3977.25,0
3981.0,1
3981.25,0
3981.5,1
3981.75,0
3989.5,1
3989.75,0
3992.75,1
3993.0,0
3993.25,1
4000.5,0
4000.75,1
4001.25,0
4001.5,1
4001.75,0
4064.75,1
4073.5,0
4076.5,1
4076.75,0
4088.5,1
4097.25,0
4100.5,1
4100.75,0
4102.5,1
4102.75,0
4113.0,1
4122.0,0
4124.0,1
4124.25,0
4136.25,1
4137.0,0
4137.5,1
4138.75,0
4139.0,1
4144.0,0
4144.25,1
4145.75,0
4161.0,1
4168.0,0
4168.25,1
4169.5,0
4174.25,1
4174.5,0
4233.25,1
4241.0,0
4241.25,1
4241.5,0
4244.0,1
4244.25,0
4246.0,1
4246.25,0
4253.75,1
4254.0,0
4257.0,1
4260.75,0
4261.0,1
4265.0,0
4269.25,1
4269.5,0
4278.75,1
4279.0,0
4281.25,1
4282.5,0
4282.75,1
4283.25,0
4283.5,1
4284.25,0
4284.5,1
4289.5,0
4303.0,1
4303.25,0
4304.75,1
4305.25,0
4305.5,1
4313.5,0
4313.75,1
4314.5,0
4318.25,1
4318.5,0
4328.5,1
4328.75,0
4329.0,1
4332.75,0
4333.0,1
4336.0,0
4336.5,1
4337.0,0
4397.25,1
4397.5,0
4399.5,1
4399.75,0
4400.0,1
4400.5,0
4400.75,1
4407.0,0
4407.25,1
4408.0,0
4408.25,1
4409.75,0
4413.0,1
4413.25,0
4445.75,1
4446.0,0
4448.75,1
4449.0,0
4449.5,1
4452.25,0
4452.5,1
4452.75,0
4453.0,1
4453.75,0
4454.0,1
4454.5,0
4454.75,1
4455.0,0
4455.25,1
4457.25,0
4457.5,1
4457.75,0
4461.0,1
4461.25,0
4470.75,1
4471.0,0
4471.5,1
4471.75,0
4472.25,1
4473.5,0
4474.0,1
4480.25,0
4480.5,1
4481.75,0
4486.0,1
4486.25,0
4496.75,1
4498.0,0
4498.25,1
4505.5,0
4505.75,1
4506.0,0
4508.5,1
4508.75,0
4567.0,1
4567.25,0
4569.5,1
4575.0,0
4575.25,1
4576.75,0
4577.25,1
4577.5,0
4578.0,1
4578.25,0
4592.75,1
4594.0,0
4594.5,1
4598.0,0
4598.25,1
4600.75,0
4601.0,1
4601.25,0
4614.5,1
4614.75,0
4617.0,1
4620.0,0
4620.25,1
4623.5,0
4623.75,1
4625.5,0
4625.75,1
4626.0,0
4629.25,1
4629.5,0
4640.75,1
4649.0,0
4665.0,1
4666.5,0
4666.75,1
4672.0,0
4672.25,1
4674.0,0
4737.25,1
4745.25,0
4757.75,1
4758.0,0
4759.5,1
4759.75,0
4760.5,1
4760.75,0
4761.0,1
4761.5,0
4761.75,1
4762.25,0
4762.5,1
4763.0,0
4763.25,1
4769.0,0
4782.0,1
4782.25,0
4785.0,1
4793.25,0
4798.0,1
4798.25,0
4808.75,1
4817.0,0
4817.5,1
4817.75,0
4830.75,1
4831.0,0
4832.75,1
4841.5,0
4841.75,1
4842.0,0
4904.75,1
4913.0,0
4926.75,1
4927.25,0
4929.5,1
4937.5,0
4952.5,1
4953.75,0
4954.0,1
4961.25,0
4962.25,1
4962.75,0
4976.5,1
4976.75,0
4977.0,1
4979.5,0
4979.75,1
4980.5,0
4980.75,1
4985.5,0
4998.25,1
4998.5,0
5000.75,1
5001.0,0
5001.25,1
5009.75,0
5012.0,1
5012.25,0
5071.25,1
5071.5,0
5072.75,1
5076.25,0
5076.5,1
5079.75,0
5080.0,1
5081.0,0
5081.25,1
5081.5,0
5096.5,1
5105.5,0
5108.5,1
5108.75,0
5120.5,1
5129.25,0
5131.25,1
5131.5,0
5145.0,1
5153.5,0
5168.75,1
5177.5,0
5240.5,1
5243.75,0
5244.0,1
5248.5,0
5248.75,1
5249.0,0
5251.75,1
5252.0,0
5264.75,1
5273.0,0
5273.25,1
5273.5,0
5278.5,1
5278.75,0
5288.75,1
5289.25,0
5289.5,1
5297.5,0
5300.75,1
5301.0,0
5311.0,1
5311.25,0
5312.75,1
5313.5,0
5314.0,1
5321.25,0
5326.0,1
5326.25,0
5335.5,1
5335.75,0
5336.75,1
5340.0,0
5340.25,1
5346.0,0
5349.75,1
5350.0,0
5408.75,1
5411.75,0
5412.0,1
5417.5,0
5417.75,1
5418.0,0
5432.5,1
5436.75,0
5437.0,1
5441.5,0
5456.5,1
5456.75,0
5457.25,1
5459.25,0
5459.5,1
5462.75,0
5463.0,1
5465.5,0
5481.0,1
5481.5,0
5481.75,1
5485.25,0
5485.5,1
5485.75,0
5486.0,1
5488.5,0
5489.0,1
5489.25,0
5489.75,1
5490.0,0
5504.0,1
5504.25,0
5504.75,1
5505.0,0
5505.25,1
5505.75,0
5506.0,1
5507.75,0
5508.0,1
5513.25,0
5513.5,1
5513.75,0
5575.25,1
5575.5,0
5576.75,1
5577.0,0
5577.25,1
5584.25,0
5584.5,1
5584.75,0
5585.0,1
5586.75,0
5599.25,1
5599.5,0
5600.5,1
5600.75,0
5601.0,1
5603.0,0
5603.5,1
5609.5,0
5624.75,1
5625.0,0
5625.25,1
5630.0,0
5630.25,1
5633.25,0
5648.5,1
5657.0,0
5661.5,1
5661.75,0
5670.5,1
5670.75,0
5671.75,1
5672.0,0
5673.0,1
5677.25,0
5677.5,1
5681.0,0
5682.0,1
5682.25,0
5745.0,1
5748.0,0
5748.25,1
5753.5,0
5755.5,1
5755.75,0
5768.5,1
5768.75,0
5769.0,1
5772.25,0
5772.5,1
5776.75,0
5777.0,1
5777.25,0
5780.0,1
5780.25,0
5793.0,1
5801.25,0
5815.25,1
5815.5,0
5816.75,1
5821.0,0
5821.25,1
5825.25,0
5829.0,1
5829.25,0
5829.75,1
5830.0,0
5834.0,1
5834.25,0
5838.25,1
5838.5,0
5840.75,1
5849.5,0
5849.75,1
5850.0,0
5910.25,1
5910.5,0
5912.25,1
5913.0,0
5913.25,1
5921.0,0
5921.25,1
5921.5,0
5924.75,1
5925.0,0
5958.5,1
5958.75,0
5959.0,1
5959.25,0
5960.75,1
5963.5,0
5963.75,1
5970.0,0
5974.0,1
5974.25,0
5984.5,1
5985.0,0
5985.5,1
5993.0,0
5993.25,1
5993.75,0
6008.75,1
6009.0,0
6009.25,1
6012.25,0
6012.75,1
6017.5,0
6017.75,1
6018.0,0
6020.5,1
6021.0,0
6079.75,1
6080.0,0
6081.0,1
6089.25,0
6091.25,1
6091.5,0
6103.5,1
6103.75,0
6104.75,1
6107.5,0
6107.75,1
6108.5,0
6108.75,1
6113.25,0
6113.75,1
6114.0,0
6128.0,1
6137.75,0
6152.0,1
6152.25,0
6152.75,1
6156.5,0
6156.75,1
6161.5,0
6176.75,1
6185.0,0
6248.75,1
6252.5,0
6252.75,1
6257.75,0
6272.75,1
6281.25,0
6296.0,1
6296.5,0
6296.75,1
6298.0,0
6298.25,1
6301.0,0
6301.25,1
6305.25,0
6307.5,1
6307.75,0
6321.0,1
6329.25,0
6345.0,1
6353.5,0
6354.0,1
6354.25,0
6416.75,1
6421.25,0
6421.5,1
6425.25,0
6428.75,1
6429.0,0
6440.5,1
6450.0,0
6464.0,1
6464.25,0
6465.25,1
6469.0,0
6469.25,1
6473.25,0
6477.5,1
6477.75,0
6478.0,1
6478.25,0
6488.5,1
6495.25,0
6495.5,1
6496.75,0
6497.0,1
6497.75,0
6512.5,1
6514.25,0
6514.5,1
6521.5,0
6583.5,1
6584.75,0
6585.0,1
6591.5,0
6591.75,1
6593.0,0
6593.25,1
6593.5,0
6597.25,1
6597.5,0
6609.0,1
6613.0,0
6613.25,1
6616.25,0
6616.5,1
6617.5,0
6621.25,1
6621.5,0
6631.75,1
6641.0,0
6641.25,1
6641.5,0
6644.25,1
6644.5,0
6656.75,1
6665.5,0
6669.0,1
6669.25,0
6672.75,1
6673.0,0
6673.25,1
6673.5,0
6679.5,1
6680.0,0
6680.5,1
6681.75,0
6682.25,1
6689.5,0
6693.0,1
6693.25,0
6694.0,1
6694.25,0
6751.0,1
6751.25,0
6751.75,1
6752.0,0
6752.5,1
6761.25,0
6798.25,1
6798.5,0
6801.0,1
6809.25,0
6809.75,1
6810.25,0
6823.25,1
6823.5,0
6825.25,1
6827.5,0
6827.75,1
6828.5,0
6828.75,1
6830.0,0
6830.25,1
6830.5,0
6830.75,1
6832.25,0
6832.5,1
6833.0,0
6833.5,1
6833.75,0
6848.25,1
6848.5,0
6848.75,1
6856.75,0
6857.0,1
6857.75,0
6919.5,1
6919.75,0
6921.25,1
6922.5,0
6922.75,1
6923.75,0
6924.0,1
6928.0,0
6928.25,1
6929.5,0
6945.25,1
6945.5,0
6945.75,1
6947.0,0
6947.25,1
6950.0,0
6950.25,1
6953.25,0
6968.25,1
6969.5,0
6970.0,1
6971.75,0
6972.0,1
6972.25,0
6972.5,1
6976.5,0
6977.0,1
6977.5,0
6989.75,1
6990.0,0
6990.5,1
6990.75,0
6993.0,1
6993.25,0
6993.5,1
7001.5,0
7017.25,1
7019.0,0
7019.25,1
7024.0,0
7024.25,1
7025.0,0
7089.25,1
7093.75,0
7094.0,1
7097.5,0
7100.0,1
7100.25,0
7113.0,1
7116.5,0
7116.75,1
7118.75,0
7119.0,1
7121.5,0
7121.75,1
7122.0,0
7125.5,1
7125.75,0
7134.0,1
7134.25,0
7136.25,1
7136.5,0
7136.75,1
7137.5,0
7137.75,1
7143.0,0
7143.25,1
7143.75,0
7144.0,1
7145.0,0
7149.25,1
7149.5,0
7161.25,1
7163.75,0
7164.0,1
7165.75,0
7166.25,1
7169.75,0
7172.0,1
7172.25,0
7173.0,1
7173.25,0
7173.75,1
7174.0,0
7184.0,1
7187.75,0
7188.0,1
7189.25,0
7189.5,1
7190.0,0
7190.25,1
7191.0,0
7191.25,1
7192.75,0
7193.0,1
7193.5,0
7255.25,1
7255.5,0
7256.5,1
7258.75,0
7259.0,1
7260.0,0
7260.25,1
7265.0,0
7265.5,1
7265.75,0
7270.0,1
7270.25,0
7280.0,1
7280.5,0
7281.0,1
7281.25,0
7281.5,1
7289.25,0
7289.5,1
7289.75,0
7290.25,1
7290.5,0
7305.25,1
7306.5,0
7306.75,1
7313.25,0
7327.5,1
7327.75,0
7328.25,1
7328.5,0
7329.0,1
7336.25,0
7336.5,1
7337.25,0
7337.5,1
7337.75,0
7341.75,1
7342.0,0
7349.75,1
7350.0,0
7352.75,1
7358.25,0
7358.5,1
7361.5,0
7365.0,1
7365.25,0
7424.25,1
7424.5,0
7424.75,1
7425.25,0
7425.5,1
7428.0,0
7428.25,1
7432.75,0
7433.0,1
7433.25,0
7436.5,1
7436.75,0
7448.25,1
7448.5,0
7449.0,1
7454.0,0
7454.25,1
7456.5,0
7456.75,1
7458.0,0
7472.25,1
7475.75,0
7476.0,1
7481.5,0
7484.75,1
7485.0,0
7497.0,1
7505.0,0
7505.5,1
7505.75,0
7518.75,1
7519.0,0
7520.25,1
7529.75,0
7532.5,1
7532.75,0
7590.25,1
7590.5,0
7593.0,1
7601.25,0
7614.5,1
7614.75,0
7615.0,1
7615.25,0
7616.75,1
7625.5,0
7635.75,1
7636.0,0
7641.0,1
7648.0,0
7648.25,1
7648.5,0
7648.75,1
7649.25,0
7661.75,1
7662.0,0
7664.75,1
7665.0,0
7665.25,1
7668.75,0
7669.5,1
7670.0,0
7670.25,1
7673.25,0
7673.75,1
7674.0,0
7686.25,1
7686.5,0
7688.75,1
7693.5,0
7693.75,1
7697.25,0
7758.5,1
7758.75,0
7760.75,1
7762.0,0
7762.25,1
7764.0,0
7764.25,1
7767.25,0
7767.5,1
7769.0,0
7769.5,1
7769.75,0
7772.0,1
7772.25,0
7782.75,1
7783.25,0
7784.75,1
7786.0,0
7786.25,1
7792.5,0
7792.75,1
7793.5,0
7808.75,1
7812.25,0
7812.5,1
7817.75,0
7832.75,1
7841.0,0
7842.0,1
7842.25,0
7844.5,1
7844.75,0
7845.0,1
7845.25,0
7845.75,1
7846.0,0
7929.25,1
7937.25,0
7950.0,1
7950.25,0
7952.75,1
7959.75,0
7960.25,1
7961.0,0
7961.75,1
7962.0,0
7964.5,1
7964.75,0
7976.75,1
7981.25,0
7981.5,1
7985.25,0
7988.75,1
7989.0,0
8001.25,1
8001.5,0
8001.75,1
8003.75,0
8004.0,1
8004.5,0
8004.75,1
8007.25,0
8007.5,1
8009.75,0
8025.25,1
8033.75,0
8097.0,1
8100.0,0
8100.25,1
8102.75,0
8103.0,1
8104.75,0
8105.0,1
8105.25,0
8119.25,1
8119.5,0
8119.75,1
8120.0,0
8120.75,1
8121.0,0
8121.25,1
8129.5,0
8133.0,1
8133.25,0
8142.25,1
8142.5,0
8144.75,1
8153.0,0
8153.25,1
8153.5,0
8156.5,1
8156.75,0
8157.75,1
8158.0,0
8166.0,1
8166.25,0
8168.0,1
8168.25,0
8168.5,1
8172.25,0
8172.75,1
8176.75,0
8177.0,1
8177.25,0
8177.75,1
8178.0,0
8193.0,1
8196.25,0
8196.5,1
8197.0,0
8197.75,1
8201.25,0
8258.25,1
8258.5,0
8263.0,1
8263.25,0
8264.5,1
8264.75,0
8265.0,1
8272.75,0
8273.0,1
8273.75,0
8275.25,1
8275.5,0
8275.75,1
8276.0,0
8289.0,1
8291.5,0
8291.75,1
8297.5,0
8313.0,1
8317.25,0
8317.5,1
8321.5,0
8324.75,1
8325.25,0
8336.25,1
8336.75,0
8337.0,1
8344.75,0
8345.0,1
8345.25,0
8350.0,1
8350.25,0
8360.75,1
8361.0,0
8361.5,1
8369.25,0
8432.0,1
8432.25,0
8433.0,1
8441.0,0
8441.25,1
8441.5,0
8456.75,1
8465.5,0
8468.25,1
8468.75,0
8479.75,1
8480.0,0
8480.25,1
8480.5,0
8481.25,1
8489.0,0
8489.5,1
8489.75,0
8501.75,1
8502.0,0
8504.5,1
8513.25,0
8513.5,1
8513.75,0
8529.0,1
8536.5,0
8536.75,1
8537.0,0
8537.25,1
8537.5,0
8625.25,1
8633.25,0
8648.25,1
8651.25,0
8651.5,1
8657.25,0
8662.75,1
8663.0,0
8671.5,1
8671.75,0
8673.0,1
8681.25,0
8681.5,1
8681.75,0
8685.25,1
8685.75,0
8686.5,1
8686.75,0
8696.0,1
8696.25,0
8696.75,1
8699.5,0
8699.75,1
8702.5,0
8702.75,1
8704.5,0
8704.75,1
8705.5,0

float Room-208 (4337,2)
0.0,0
30.0,1
30.25,0
30.5,1
30.75,0
31.75,1
32.0,0
33.0,1
35.0,0
35.25,1
35.75,0
36.0,1
36.25,0
36.5,1
37.75,0
38.0,1
38.75,0
39.0,1
40.25,0
40.5,1
41.5,0
54.75,1
55.0,0
55.75,1
56.0,0
57.5,1
57.75,0
58.25,1
58.5,0
59.0,1
60.0,0
60.5,1
61.0,0
61.25,1
61.5,0
62.0,1
62.25,0
62.75,1
63.25,0
63.5,1
64.75,0
65.25,1
65.5,0
65.75,1
66.0,0
70.0,1
70.25,0
78.0,1
78.25,0
78.75,1
79.0,0
80.25,1
80.5,0
81.25,1
82.25,0
82.5,1
83.5,0
83.75,1
84.25,0
84.5,1
85.0,0
85.25,1
85.5,0
85.75,1
88.75,0
89.0,1
89.25,0
92.5,1
92.75,0
94.25,1
94.5,0
105.0,1
105.25,0
105.5,1
108.0,0
108.25,1
109.0,0
109.25,1
110.0,0
110.5,1
110.75,0
111.0,1
112.25,0
112.5,1
113.25,0
116.0,1
116.25,0
125.75,1
126.0,0
128.5,1
130.0,0
130.25,1
130.75,0
131.25,1
132.0,0
133.0,1
133.25,0
133.75,1
135.25,0
135.75,1
136.75,0
137.0,1
137.5,0
198.75,1
199.0,0
200.0,1
200.25,0
201.0,1
201.25,0
201.75,1
202.0,0
202.25,1
205.25,0
205.75,1
206.25,0
206.5,1
207.25,0
207.5,1
208.0,0
208.25,1
209.0,0
221.5,1
221.75,0
224.75,1
225.0,0
225.25,1
227.75,0
228.0,1
228.5,0
228.75,1
229.5,0
230.25,1
231.0,0
231.25,1
233.0,0
236.75,1
237.0,0
237.5,1
237.75,0
246.5,1
246.75,0
248.5,1
248.75,0
249.5,1
250.5,0
250.75,1
251.0,0
251.5,1
252.0,0
252.25,1
254.25,0
254.5,1
254.75,0
255.0,1
255.75,0
256.25,1
256.75,0
257.0,1
257.25,0
261.75,1
262.0,0
270.5,1
270.75,0
273.0,1
273.25,0
273.5,1
273.75,0
274.0,1
275.0,0
275.5,1
276.25,0
276.5,1
278.0,0
278.25,1
280.0,0
280.5,1
280.75,0
281.0,1
281.25,0
285.25,1
285.75,0
295.0,1
295.25,0
297.0,1
298.25,0
298.5,1
300.75,0
301.0,1
303.25,0
303.5,1
304.25,0
304.5,1
305.0,0
306.5,1
306.75,0
309.25,1
309.5,0
366.5,1
366.75,0
368.75,1
369.75,0
370.0,1
371.5,0
372.75,1
374.5,0
374.75,1
375.25,0
375.5,1
375.75,0
376.0,1
377.0,0
381.5,1
381.75,0
390.5,1
390.75,0
393.0,1
394.0,0
394.25,1
394.75,0
395.0,1
395.25,0
395.5,1
396.0,0
396.75,1
397.0,0
397.5,1
399.75,0
400.0,1
400.25,0
400.5,1
400.75,0
404.5,1
405.0,0
439.25,1
439.5,0
440.25,1
440.5,0
441.25,1
441.5,0
441.75,1
442.0,0
442.5,1
446.75,0
447.0,1
449.0,0
462.0,1
462.25,0
462.75,1
463.0,0
465.75,1
467.5,0
467.75,1
468.0,0
468.25,1
469.5,0
469.75,1
470.0,0
470.5,1
471.0,0
471.5,1
472.25,0
472.5,1
473.25,0
473.5,1
473.75,0
477.75,1
478.0,0
537.25,1
540.0,0
540.25,1
540.5,0
540.75,1
541.0,0
541.25,1
544.25,0
545.0,1
545.25,0
558.0,1
558.25,0
561.25,1
563.0,0
563.25,1
563.5,0
563.75,1
567.25,0
567.5,1
569.25,0
572.25,1
572.5,0
584.75,1
585.0,0
585.25,1
587.0,0
587.25,1
592.5,0
592.75,1
593.0,0
593.25,1
593.5,0
606.75,1
607.0,0
608.25,1
608.5,0
608.75,1
609.25,0
609.5,1
611.0,0
611.25,1
613.5,0
614.0,1
616.75,0
617.0,1
617.25,0
620.25,1
620.75,0
632.0,1
632.25,0
633.0,1
633.25,0
633.5,1
634.0,0
634.25,1
635.5,0
636.25,1
640.5,0
640.75,1
641.0,0
641.75,1
642.0,0
702.75,1
703.0,0
704.75,1
705.0,0
705.5,1
708.0,0
708.25,1
709.0,0
709.25,1
711.5,0
711.75,1
712.5,0
713.25,1
713.5,0
726.5,1
726.75,0
729.25,1
730.0,0
730.25,1
730.75,0
731.5,1
731.75,0
732.0,1
732.75,0
733.0,1
734.0,0
734.25,1
735.5,0
736.0,1
736.5,0
736.75,1
737.25,0
738.0,1
738.25,0
753.0,1
753.25,0
753.75,1
754.0,0
754.5,1
757.0,0
757.25,1
757.5,0
757.75,1
759.75,0
760.0,1
760.5,0
775.0,1
775.25,0
775.75,1
776.0,0
776.25,1
776.5,0
777.25,1
778.5,0
778.75,1
781.0,0
781.25,1
782.5,0
782.75,1
783.25,0
783.5,1
784.25,0
785.0,1
785.25,0
798.5,1
799.0,0
801.0,1
801.25,0
801.5,1
802.5,0
802.75,1
803.25,0
803.5,1
803.75,0
804.25,1
806.25,0
806.5,1
807.5,0
807.75,1
808.5,0
809.0,1
809.25,0
809.5,1
809.75,0
873.25,1
874.75,0
875.0,1
876.0,0
876.25,1
876.5,0
876.75,1
877.5,0
877.75,1
879.0,0
879.5,1
881.0,0
881.25,1
881.5,0
883.5,1
883.75,0
884.25,1
884.5,0
893.75,1
894.0,0
895.5,1
895.75,0
896.75,1
898.25,0
898.5,1
899.5,0
899.75,1
901.0,0
901.25,1
901.5,0
901.75,1
902.0,0
902.25,1
904.75,0
905.0,1
905.5,0
921.0,1
921.25,0
921.5,1
923.0,0
923.25,1
923.5,0
923.75,1
924.5,0
925.5,1
926.25,0
926.75,1
927.0,0
927.25,1
927.75,0
928.25,1
929.0,0
942.25,1
942.5,0
942.75,1
943.5,0
945.0,1
945.75,0
946.0,1
947.75,0
948.25,1
948.5,0
948.75,1
949.75,0
950.0,1
951.0,0
951.25,1
953.0,0
966.75,1
967.0,0
969.0,1
969.25,0
969.5,1
970.25,0
970.5,1
971.25,0
971.5,1
972.5,0
972.75,1
976.0,0
976.25,1
976.5,0
976.75,1
977.25,0
981.0,1
981.5,0
1039.75,1
1040.0,0
1041.25,1
1041.5,0
1041.75,1
1043.0,0
1043.25,1
1048.25,0
1049.75,1
1050.0,0
1062.5,1
1062.75,0
1063.25,1
1063.5,0
1065.0,1
1065.25,0
1065.5,1
1066.0,0
1066.25,1
1067.5,0
1067.75,1
1072.25,0
1072.5,1
1072.75,0
1112.75,1
1113.0,0
1113.25,1
1114.5,0
1114.75,1
1115.0,0
1115.5,1
1116.75,0
1117.0,1
1117.5,0
1117.75,1
1118.0,0
1118.5,1
1120.5,0
1120.75,1
1121.0,0
1121.75,1
1122.0,0
1134.25,1
1134.5,0
1135.5,1
1135.75,0
1136.5,1
1136.75,0
1137.0,1
1138.75,0
1139.5,1
1139.75,0
1140.0,1
1140.25,0
1140.5,1
1142.0,0
1142.25,1
1145.25,0
1205.25,1
1205.5,0
1208.0,1
1208.25,0
1208.75,1
1209.0,0
1209.75,1
1210.0,0
1210.25,1
1210.5,0
1210.75,1
1211.25,0
1211.5,1
1212.0,0
1212.25,1
1214.5,0
1215.0,1
1215.5,0
1215.75,1
1217.25,0
1232.0,1
1232.5,0
1233.0,1
1233.75,0
1234.0,1
1235.0,0
1235.25,1
1235.75,0
1236.0,1
1236.25,0
1236.5,1
1241.0,0
1246.0,1
1246.25,0
1256.75,1
1257.75,0
1258.0,1
1258.25,0
1258.5,1
1260.5,0
1261.5,1
1261.75,0
1262.0,1
1262.75,0
1263.0,1
1264.25,0
1278.5,1
1278.75,0
1279.25,1
1279.5,0
1279.75,1
1280.0,0
1281.0,1
1281.25,0
1281.5,1
1284.25,0
1284.5,1
1285.0,0
1285.25,1
1285.75,0
1286.25,1
1287.0,0
1287.25,1
1287.5,0
1287.75,1
1288.5,0
1288.75,1
1289.0,0
1293.0,1
1293.25,0
1301.5,1
1301.75,0
1302.0,1
1302.5,0
1302.75,1
1303.0,0
1303.5,1
1303.75,0
1305.0,1
1306.25,0
1306.5,1
1308.0,0
1308.25,1
1309.5,0
1309.75,1
1310.0,0
1310.25,1
1311.0,0
1311.5,1
1312.0,0
1312.25,1
1312.75,0
1377.0,1
1377.25,0
1377.5,1
1379.5,0
1379.75,1
1380.25,0
1380.5,1
1381.0,0
1381.25,1
1382.5,0
1382.75,1
1384.0,0
1384.25,1
1384.75,0
1398.75,1
1399.5,0
1399.75,1
1401.25,0
1401.5,1
1403.75,0
1404.0,1
1405.5,0
1405.75,1
1406.5,0
1406.75,1
1408.75,0
1412.0,1
1412.25,0
1422.25,1
1422.5,0
1424.75,1
1425.0,0
1425.5,1
1426.0,0
1426.5,1
1427.25,0
1427.5,1
1427.75,0
1428.0,1
1429.25,0
1429.5,1
1429.75,0
1430.25,1
1432.25,0
1432.5,1
1432.75,0
1433.0,1
1433.5,0
1436.25,1
1436.5,0
1448.0,1
1448.25,0
1449.0,1
1449.25,0
1449.5,1
1452.25,0
1452.75,1
1453.25,0
1453.75,1
1454.25,0
1454.5,1
1455.5,0
1455.75,1
1456.0,0
1456.5,1
1457.0,0
1459.75,1
1460.0,0
1471.0,1
1471.25,0
1472.25,1
1472.5,0
1473.0,1
1473.75,0
1474.25,1
1474.75,0
1475.0,1
1475.5,0
1476.0,1
1476.25,0
1476.5,1
1476.75,0
1477.0,1
1477.75,0
1478.0,1
1479.5,0
1479.75,1
1480.0,0
1480.25,1
1481.25,0
1541.5,1
1541.75,0
1542.25,1
1542.5,0
1544.5,1
1544.75,0
1545.0,1
1547.25,0
1547.5,1
1549.0,0
1549.25,1
1552.25,0
1552.75,1
1553.0,0
1553.25,1
1553.5,0
1566.5,1
1566.75,0
1569.0,1
1569.5,0
1569.75,1
1570.5,0
1570.75,1
1572.0,0
1572.5,1
1573.0,0
1573.25,1
1574.5,0
1575.0,1
1577.0,0
1577.25,1
1577.5,0
1581.0,1
1581.25,0
1592.5,1
1593.5,0
1594.0,1
1594.25,0
1594.5,1
1596.25,0
1596.5,1
1597.0,0
1597.25,1
1597.5,0
1598.0,1
1598.25,0
1598.5,1
1599.5,0
1600.0,1
1601.5,0
1604.5,1
1604.75,0
1614.25,1
1614.5,0
1616.0,1
1616.25,0
1617.5,1
1617.75,0
1618.0,1
1618.25,0
1618.5,1
1620.25,0
1620.5,1
1621.0,0
1621.5,1
1622.25,0
1622.5,1
1622.75,0
1623.0,1
1623.75,0
1624.5,1
1624.75,0
1625.0,1
1625.25,0
1638.25,1
1638.5,0
1641.25,1
1642.0,0
1642.25,1
1642.75,0
1643.25,1
1647.5,0
1647.75,1
1648.0,0
1648.75,1
1649.0,0
1649.25,1
1649.5,0
1652.5,1
1652.75,0
1653.0,1
1653.25,0
1653.75,1
1654.0,0
1710.5,1
1710.75,0
1713.25,1
1713.5,0
1713.75,1
1716.75,0
1717.0,1
1717.25,0
1717.5,1
1717.75,0
1718.0,1
1719.0,0
1719.25,1
1719.75,0
1720.0,1
1720.5,0
1720.75,1
1721.0,0
1721.25,1
1721.5,0
1734.25,1
1734.75,0
1737.25,1
1737.75,0
1738.0,1
1738.5,0
1738.75,1
1739.5,0
1739.75,1
1740.25,0
1740.5,1
1741.0,0
1741.75,1
1742.75,0
1743.25,1
1744.75,0
1745.25,1
1745.5,0
1761.5,1
1762.5,0
1762.75,1
1765.0,0
1765.25,1
1766.5,0
1766.75,1
1769.25,0
1783.5,1
1783.75,0
1784.5,1
1785.0,0
1785.25,1
1786.5,0
1786.75,1
1788.0,0
1788.25,1
1789.25,0
1789.5,1
1790.25,0
1790.75,1
1791.5,0
1791.75,1
1793.0,0
1808.5,1
1810.0,0
1810.5,1
1811.5,0
1812.0,1
1813.25,0
1813.75,1
1814.0,0
1814.5,1
1815.25,0
1815.5,1
1816.25,0
1816.5,1
1817.5,0
1881.0,1
1881.25,0
1881.5,1
1883.0,0
1883.25,1
1885.5,0
1885.75,1
1887.5,0
1887.75,1
1888.25,0
1888.5,1
1889.25,0
1894.5,1
1894.75,0
1895.0,1
1895.25,0
1904.25,1
1904.5,0
1905.0,1
1906.75,0
1907.0,1
1907.25,0
1907.5,1
1908.25,0
1908.5,1
1908.75,0
1909.0,1
1909.25,0
1909.75,1
1911.25,0
1911.75,1
1912.25,0
1912.5,1
1912.75,0
1926.25,1
1926.5,0
1928.0,1
1928.25,0
1928.5,1
1929.25,0
1929.75,1
1932.25,0
1932.5,1
1933.25,0
1933.5,1
1933.75,0
1934.0,1
1934.5,0
1935.0,1
1935.5,0
1935.75,1
1936.0,0
1936.25,1
1936.75,0
1953.0,1
1954.25,0
1954.5,1
1956.0,0
1956.25,1
1956.5,0
1956.75,1
1959.25,0
1959.5,1
1961.25,0
1964.75,1
1965.0,0
1974.0,1
1974.25,0
1975.5,1
1975.75,0
1976.75,1
1977.25,0
1977.75,1
1979.0,0
1979.25,1
1980.75,0
1981.5,1
1982.0,0
1982.25,1
1984.0,0
1984.25,1
1984.75,0
1988.75,1
1989.0,0
2048.75,1
2049.0,0
2049.75,1
2050.0,0
2050.25,1
2052.0,0
2052.5,1
2053.75,0
2054.0,1
2055.0,0
2055.25,1
2056.5,0
2056.75,1
2057.0,0
2072.5,1
2072.75,0
2073.5,1
2074.75,0
2075.0,1
2075.25,0
2075.5,1
2077.0,0
2077.25,1
2078.25,0
2078.75,1
2079.0,0
2079.25,1
2079.75,0
2080.0,1
2080.5,0
2081.25,1
2081.75,0
2085.25,1
2085.5,0
2096.0,1
2096.25,0
2097.0,1
2097.25,0
2097.75,1
2098.5,0
2098.75,1
2099.75,0
2100.0,1
2100.5,0
2100.75,1
2101.0,0
2101.25,1
2101.5,0
2101.75,1
2102.25,0
2102.5,1
2102.75,0
2103.25,1
2105.25,0
2118.0,1
2118.25,0
2120.75,1
2121.0,0
2121.25,1
2121.75,0
2122.0,1
2123.5,0
2123.75,1
2124.25,0
2124.5,1
2125.25,0
2125.75,1
2129.0,0
2129.25,1
2129.5,0
2142.75,1
2143.0,0
2144.25,1
2144.75,0
2145.5,1
2148.25,0
2148.5,1
2149.25,0
2150.0,1
2153.25,0
2214.75,1
2215.0,0
2215.75,1
2216.0,0
2217.0,1
2217.5,0
2218.25,1
2219.75,0
2220.0,1
2220.5,0
2221.5,1
2222.5,0
2222.75,1
2223.25,0
2223.5,1
2224.25,0
2224.5,1
2225.25,0
2229.0,1
2229.25,0
2239.75,1
2240.0,0
2240.5,1
2243.75,0
2244.0,1
2244.75,0
2245.0,1
2245.5,0
2245.75,1
2249.5,0
2265.0,1
2265.25,0
2265.5,1
2266.5,0
2267.0,1
2267.5,0
2267.75,1
2270.0,0
2270.75,1
2272.75,0
2273.0,1
2273.25,0
2276.25,1
2276.5,0
2276.75,1
2277.0,0
2277.25,1
2277.5,0
2287.0,1
2287.25,0
2288.0,1
2288.5,0
2289.0,1
2289.75,0
2290.0,1
2291.75,0
2292.25,1
2292.75,0
2293.0,1
2293.5,0
2293.75,1
2294.25,0
2294.5,1
2295.0,0
2295.25,1
2296.75,0
2301.25,1
2301.5,0
2312.25,1
2312.5,0
2313.0,1
2315.0,0
2315.25,1
2316.75,0
2317.0,1
2317.25,0
2317.5,1
2318.25,0
2318.5,1
2319.0,0
2319.25,1
2319.5,0
2319.75,1
2320.0,0
2320.25,1
2320.5,0
2320.75,1
2321.25,0
2325.75,1
2326.0,0
2382.25,1
2382.5,0
2384.5,1
2384.75,0
2385.0,1
2385.5,0
2385.75,1
2386.75,0
2387.0,1
2387.5,0
2387.75,1
2389.0,0
2389.25,1
2389.5,0
2389.75,1
2390.25,0
2390.5,1
2391.5,0
2392.0,1
2393.25,0
2393.75,1
2394.0,0
2406.25,1
2406.5,0
2408.25,1
2408.5,0
2408.75,1
2409.25,0
2409.75,1
2413.75,0
2414.25,1
2416.5,0
2416.75,1
2417.0,0
2421.0,1
2421.25,0
2433.0,1
2433.75,0
2434.0,1
2435.0,0
2435.25,1
2436.0,0
2436.25,1
2437.75,0
2438.0,1
2439.75,0
2440.0,1
2440.25,0
2440.5,1
2441.25,0
2441.5,1
2441.75,0
2444.25,1
2444.5,0
2456.75,1
2457.25,0
2457.5,1
2459.75,0
2460.0,1
2461.25,0
2461.5,1
2462.25,0
2462.5,1
2463.5,0
2463.75,1
2465.0,0
2465.5,1
2465.75,0
2479.0,1
2479.5,0
2479.75,1
2480.0,0
2480.5,1
2480.75,0
2481.5,1
2482.0,0
2482.25,1
2482.5,0
2482.75,1
2483.0,0
2483.25,1
2483.5,0
2483.75,1
2484.25,0
2484.75,1
2486.0,0
2486.25,1
2487.75,0
2488.0,1
2488.5,0
2488.75,1
2489.25,0
2551.75,1
2552.0,0
2552.5,1
2552.75,0
2553.0,1
2553.25,0
2553.75,1
2555.0,0
2555.25,1
2556.25,0
2556.5,1
2556.75,0
2557.0,1
2558.0,0
2558.25,1
2558.75,0
2559.25,1
2561.0,0
2564.25,1
2564.5,0
2565.0,1
2565.5,0
2565.75,1
2566.0,0
2574.75,1
2575.25,0
2575.5,1
2575.75,0
2576.75,1
2577.0,0
2577.75,1
2579.5,0
2580.25,1
2581.5,0
2581.75,1
2582.0,0
2582.25,1
2582.5,0
2582.75,1
2583.5,0
2584.0,1
2584.25,0
2584.5,1
2585.25,0
2598.75,1
2599.0,0
2599.25,1
2599.5,0
2600.25,1
2600.5,0
2601.25,1
2603.75,0
2604.25,1
2607.25,0
2607.5,1
2608.0,0
2608.25,1
2609.25,0
2609.75,1
2610.0,0
2623.5,1
2624.0,0
2625.0,1
2625.75,0
2626.25,1
2626.75,0
2627.5,1
2628.75,0
2629.0,1
2629.5,0
2629.75,1
2630.75,0
2631.0,1
2633.5,0
2638.5,1
2638.75,0
2646.5,1
2647.0,0
2649.25,1
2649.75,0
2650.0,1
2650.25,0
2650.75,1
2651.0,0
2651.25,1
2653.25,0
2653.75,1
2655.5,0
2655.75,1
2657.25,0
2720.75,1
2721.0,0
2721.5,1
2721.75,0
2722.0,1
2722.75,0
2723.0,1
2723.5,0
2723.75,1
2724.25,0
2724.75,1
2725.25,0
2725.5,1
2725.75,0
2726.0,1
2726.25,0
2726.5,1
2727.75,0
2728.0,1
2728.75,0
2729.0,1
2729.25,0
2741.75,1
2742.0,0
2742.5,1
2742.75,0
2743.75,1
2744.0,0
2744.25,1
2744.5,0
2745.25,1
2747.5,0
2748.0,1
2749.0,0
2749.25,1
2750.5,0
2750.75,1
2752.0,0
2752.25,1
2752.75,0
2768.25,1
2768.5,0
2768.75,1
2769.0,0
2769.25,1
2769.5,0
2769.75,1
2771.75,0
2772.0,1
2772.5,0
2773.0,1
2773.75,0
2774.0,1
2774.25,0
2774.5,1
2776.0,0
2776.25,1
2776.75,0
2780.5,1
2780.75,0
2791.5,1
2791.75,0
2792.5,1
2794.75,0
2795.0,1
2795.5,0
2796.5,1
2797.25,0
2797.5,1
2797.75,0
2798.0,1
2799.25,0
2799.75,1
2800.75,0
2801.5,1
2801.75,0
2814.25,1
2814.5,0
2815.75,1
2816.0,0
2817.25,1
2818.5,0
2818.75,1
2819.25,0
2819.5,1
2819.75,0
2820.25,1
2822.25,0
2822.5,1
2823.75,0
2825.0,1
2825.25,0
2828.75,1
2829.0,0
2886.25,1
2886.75,0
2889.25,1
2889.5,0
2889.75,1
2891.25,0
2891.5,1
2892.0,0
2892.25,1
2893.75,0
2894.5,1
2894.75,0
2895.0,1
2896.75,0
2897.0,1
2897.25,0
2897.5,1
2897.75,0
2901.0,1
2901.25,0
2901.75,1
2902.0,0
2911.5,1
2911.75,0
2913.25,1
2914.25,0
2914.5,1
2915.25,0
2915.5,1
2916.0,0
2916.25,1
2917.0,0
2917.25,1
2918.25,0
2918.75,1
2920.75,0
2924.5,1
2924.75,0
2937.0,1
2939.25,0
2939.5,1
2940.25,0
2940.5,1
2941.75,0
2942.0,1
2942.25,0
2943.0,1
2943.25,0
2943.5,1
2944.0,0
2944.25,1
2944.75,0
2945.0,1
2945.25,0
2945.5,1
2946.0,0
2958.5,1
2958.75,0
2959.25,1
2959.75,0
2960.75,1
2961.25,0
2961.75,1
2964.25,0
2964.5,1
2967.0,0
2967.25,1
2967.75,0
2968.25,1
2969.0,0
2982.25,1
2982.5,0
2982.75,1
2983.0,0
2985.5,1
2987.5,0
2988.0,1
2988.5,0
2988.75,1
2989.25,0
2989.5,1
2993.0,0
2993.5,1
2993.75,0
2998.0,1
2998.25,0
3055.75,1
3056.0,0
3057.0,1
3059.0,0
3059.25,1
3060.5,0
3060.75,1
3062.5,0
3062.75,1
3064.5,0
3064.75,1
3065.25,0
3077.75,1
3078.0,0
3080.5,1
3082.75,0
3083.5,1
3085.25,0
3085.75,1
3086.0,0
3086.25,1
3089.0,0
3089.25,1
3089.5,0
3094.0,1
3094.25,0
3103.75,1
3104.0,0
3104.25,1
3104.5,0
3104.75,1
3105.0,0
3105.25,1
3105.5,0
3105.75,1
3107.25,0
3107.5,1
3108.0,0
3108.25,1
3108.5,0
3108.75,1
3110.75,0
3111.25,1
3112.75,0
3113.0,1
3113.25,0
3127.25,1
3127.5,0
3128.25,1
3128.75,0
3129.0,1
3129.5,0
3129.75,1
3131.0,0
3131.25,1
3132.5,0
3132.75,1
3135.0,0
3135.5,1
3136.0,0
3136.25,1
3137.25,0
3150.5,1
3150.75,0
3152.75,1
3155.25,0
3155.5,1
3156.0,0
3156.5,1
3157.25,0
3157.75,1
3161.25,0
3224.5,1
3224.75,0
3225.0,1
3225.5,0
3226.0,1
3228.0,0
3228.25,1
3228.5,0
3228.75,1
3229.0,0
3229.5,1
3231.25,0
3231.5,1
3233.25,0
3236.5,1
3237.0,0
3246.5,1
3246.75,0
3247.25,1
3247.5,0
3248.75,1
3249.25,0
3249.5,1
3250.5,0
3250.75,1
3251.25,0
3251.5,1
3252.75,0
3253.25,1
3254.5,0
3254.75,1
3256.25,0
3256.75,1
3257.25,0
3257.5,1
3257.75,0
3271.75,1
3272.0,0
3272.75,1
3273.0,0
3273.25,1
3273.75,0
3274.0,1
3274.75,0
3275.0,1
3276.75,0
3277.25,1
3278.5,0
3278.75,1
3280.5,0
3280.75,1
3281.0,0
3285.5,1
3285.75,0
3296.25,1
3296.5,0
3297.5,1
3299.75,0
3300.0,1
3300.75,0
3301.0,1
3302.0,0
3302.25,1
3302.5,0
3302.75,1
3303.75,0
3304.0,1
3304.5,0
3304.75,1
3305.0,0
3309.5,1
3309.75,0
3320.75,1
3321.0,0
3321.25,1
3321.75,0
3322.0,1
3322.5,0
3322.75,1
3323.0,0
3323.25,1
3323.5,0
3323.75,1
3324.75,0
3325.0,1
3326.75,0
3327.0,1
3328.0,0
3328.5,1
3329.25,0
3329.5,1
3329.75,0
3392.75,1
3393.0,0
3393.25,1
3393.5,0
3393.75,1
3394.0,0
3394.5,1
3394.75,0
3395.25,1
3395.5,0
3395.75,1
3396.0,0
3396.5,1
3397.0,0
3397.25,1
3398.5,0
3398.75,1
3401.0,0
3414.5,1
3414.75,0
3415.25,1
3415.5,0
3416.5,1
3416.75,0
3417.5,1
3418.75,0
3419.0,1
3419.5,0
3419.75,1
3420.75,0
3421.0,1
3421.75,0
3422.0,1
3424.75,0
3425.5,1
3425.75,0
3438.0,1
3438.25,0
3440.25,1
3440.5,0
3441.0,1
3442.75,0
3443.0,1
3443.5,0
3443.75,1
3446.0,0
3446.25,1
3448.0,0
3448.25,1
3449.25,0
3453.25,1
3453.5,0
3463.5,1
3463.75,0
3464.25,1
3467.0,0
3467.25,1
3467.75,0
3468.0,1
3470.25,0
3470.5,1
3470.75,0
3471.25,1
3472.0,0
3472.25,1
3473.0,0
3477.0,1
3477.25,0
3488.5,1
3488.75,0
3489.0,1
3489.5,0
3489.75,1
3490.5,0
3490.75,1
3491.0,0
3491.25,1
3492.25,0
3492.5,1
3494.5,0
3494.75,1
3495.0,0
3495.25,1
3496.0,0
3496.25,1
3496.5,0
3496.75,1
3497.5,0
3499.75,1
3500.0,0
3558.5,1
3558.75,0
3561.0,1
3561.75,0
3562.0,1
3565.25,0
3565.5,1
3566.5,0
3566.75,1
3567.75,0
3568.0,1
3568.5,0
3569.0,1
3569.25,0
3573.25,1
3573.5,0
3606.0,1
3606.25,0
3609.25,1
3610.75,0
3611.5,1
3612.75,0
3613.0,1
3613.25,0
3613.5,1
3613.75,0
3614.25,1
3616.5,0
3621.75,1
3622.0,0
3631.5,1
3631.75,0
3632.0,1
3632.25,0
3633.0,1
3635.5,0
3636.0,1
3636.25,0
3636.5,1
3636.75,0
3637.5,1
3637.75,0
3638.0,1
3639.0,0
3639.25,1
3640.0,0
3640.25,1
3641.0,0
3644.75,1
3645.0,0
3645.25,1
3645.5,0
3657.25,1
3660.25,0
3660.75,1
3661.25,0
3661.5,1
3663.5,0
3663.75,1
3665.0,0
3726.25,1
3726.75,0
3728.0,1
3728.25,0
3728.75,1
3729.25,0
3730.0,1
3731.25,0
3731.5,1
3732.0,0
3732.75,1
3734.0,0
3734.25,1
3734.75,0
3735.0,1
3737.0,0
3750.0,1
3750.25,0
3753.0,1
3753.25,0
3753.5,1
3754.5,0
3754.75,1
3755.0,0
3755.5,1
3756.75,0
3757.0,1
3757.25,0
3757.5,1
3757.75,0
3758.0,1
3760.5,0
3760.75,1
3761.0,0
3761.5,1
3762.0,0
3776.25,1
3776.5,0
3776.75,1
3777.0,0
3777.75,1
3780.25,0
3780.5,1
3781.75,0
3782.5,1
3784.75,0
3785.0,1
3785.25,0
3801.0,1
3801.25,0
3801.5,1
3803.0,0
3803.25,1
3803.75,0
3804.0,1
3804.25,0
3804.75,1
3805.5,0
3806.0,1
3807.5,0
3807.75,1
3808.5,0
3808.75,1
3809.25,0
3824.25,1
3827.5,0
3827.75,1
3829.5,0
3829.75,1
3830.75,0
3831.25,1
3832.5,0
3832.75,1
3833.25,0
3835.25,1
3835.5,0
3894.0,1
3894.25,0
3894.5,1
3894.75,0
3895.0,1
3895.25,0
3895.75,1
3896.0,0
3896.75,1
3897.0,0
3897.25,1
3897.75,0
3898.0,1
3899.75,0
3900.0,1
3901.75,0
3902.25,1
3904.0,0
3904.5,1
3905.0,0
3907.25,1
3907.5,0
3907.75,1
3908.0,0
3909.75,1
3910.0,0
3921.0,1
3921.75,0
3922.0,1
3922.25,0
3922.5,1
3924.0,0
3924.25,1
3924.5,0
3924.75,1
3925.25,0
3925.5,1
3926.0,0
3926.25,1
3927.25,0
3927.75,1
3928.25,0
3928.5,1
3929.0,0
3943.25,1
3943.5,0
3944.5,1
3944.75,0
3945.25,1
3945.75,0
3946.0,1
3946.25,0
3946.5,1
3947.5,0
3947.75,1
3948.0,0
3948.25,1
3948.5,0
3949.0,1
3949.75,0
3950.0,1
3952.75,0
3953.0,1
3953.25,0
3967.5,1
3967.75,0
3969.25,1
3969.5,0
3969.75,1
3970.75,0
3971.0,1
3972.25,0
3972.5,1
3972.75,0
3973.0,1
3974.0,0
3974.25,1
3975.75,0
3976.0,1
3977.25,0
3977.5,1
3977.75,0
3990.75,1
3991.0,0
3993.0,1
3993.25,0
3993.5,1
3996.25,0
3996.5,1
3997.5,0
3997.75,1
3999.25,0
3999.5,1
4000.0,0
4000.25,1
4000.5,0
4000.75,1
4001.0,0
4063.75,1
4064.0,0
4064.75,1
4065.0,0
4065.25,1
4066.0,0
4066.25,1
4066.5,0
4066.75,1
4067.75,0
4068.0,1
4069.5,0
4070.25,1
4070.5,0
4070.75,1
4071.75,0
4072.0,1
4072.5,0
4072.75,1
4073.0,0
4073.5,1
4073.75,0
4089.0,1
4089.5,0
4089.75,1
4090.75,0
4091.0,1
4092.5,0
4093.0,1
4095.5,0
4095.75,1
4096.0,0
4096.25,1
4097.25,0
4098.0,1
4098.25,0
4111.5,1
4111.75,0
4112.75,1
4113.0,0
4113.25,1
4113.5,0
4113.75,1
4115.0,0
4115.25,1
4116.0,0
4116.75,1
4117.25,0
4117.5,1
4118.25,0
4118.5,1
4120.25,0
4120.5,1
4120.75,0
4121.0,1
4121.25,0
4135.0,1
4135.25,0
4135.5,1
4135.75,0
4136.5,1
4136.75,0
4137.0,1
4137.5,0
4137.75,1
4138.0,0
4138.5,1
4139.5,0
4139.75,1
4140.75,0
4141.25,1
4141.75,0
4142.0,1
4142.25,0
4142.5,1
4144.25,0
4144.5,1
4145.0,0
4157.5,1
4158.0,0
4160.25,1
4160.5,0
4161.0,1
4163.0,0
4163.25,1
4163.5,0
4163.75,1
4165.25,0
4165.5,1
4166.0,0
4166.5,1
4167.0,0
4167.25,1
4168.25,0
4168.5,1
4168.75,0
4169.25,1
4169.5,0
4171.5,1
4171.75,0
4231.25,1
4231.5,0
4233.0,1
4233.25,0
4233.75,1
4235.5,0
4235.75,1
4236.75,0
4237.25,1
4237.75,0
4238.0,1
4238.5,0
4238.75,1
4241.5,0
4244.5,1
4245.0,0
4255.25,1
4255.5,0
4257.25,1
4257.75,0
4258.25,1
4258.5,0
4258.75,1
4260.75,0
4261.0,1
4261.25,0
4261.5,1
4262.75,0
4263.0,1
4263.75,0
4264.0,1
4264.5,0
4264.75,1
4265.25,0
4265.5,1
4265.75,0
4266.0,1
4266.25,0
4279.25,1
4279.5,0
4280.75,1
4282.5,0
4282.75,1
4284.75,0
4285.0,1
4285.5,0
4285.75,1
4289.0,0
4293.5,1
4293.75,0
4303.75,1
4304.0,0
4305.0,1
4306.0,0
4306.25,1
4307.0,0
4308.0,1
4308.25,0
4308.75,1
4309.0,0
4309.25,1
4309.75,0
4310.25,1
4311.75,0
4312.0,1
4313.0,0
4313.25,1
4313.5,0
4328.75,1
4329.25,0
4329.5,1
4330.25,0
4330.5,1
4331.25,0
4331.5,1
4332.25,0
4332.75,1
4333.75,0
4334.0,1
4334.5,0
4335.0,1
4336.5,0
4336.75,1
4337.25,0
4337.5,1
4337.75,0
4398.0,1
4398.25,0
4401.25,1
4401.5,0
4401.75,1
4402.5,0
4403.0,1
4405.0,0
4405.5,1
4406.25,0
4406.5,1
4407.5,0
4407.75,1
4408.0,0
4408.5,1
4409.25,0
4412.5,1
4412.75,0
4446.0,1
4446.25,0
4447.25,1
4447.75,0
4448.75,1
4451.75,0
4452.25,1
4453.0,0
4453.25,1
4454.0,0
4454.25,1
4454.75,0
4455.0,1
4456.5,0
4456.75,1
4457.0,0
4459.5,1
4459.75,0
4469.25,1
4469.75,0
4470.5,1
4470.75,0
4471.0,1
4471.25,0
4473.25,1
4473.75,0
4474.25,1
4476.25,0
4476.5,1
4476.75,0
4477.0,1
4479.25,0
4479.75,1
4481.0,0
4481.25,1
4481.5,0
4481.75,1
4482.0,0
4496.25,1
4496.75,0
4497.0,1
4498.5,0
4498.75,1
4499.25,0
4499.5,1
4500.75,0
4501.5,1
4502.5,0
4503.25,1
4503.75,0
4504.0,1
4504.25,0
4504.75,1
4505.0,0
4510.5,1
4510.75,0
4568.75,1
4569.0,0
4569.5,1
4570.25,0
4570.5,1
4572.75,0
4573.25,1
4574.0,0
4574.25,1
4574.75,0
4575.0,1
4576.25,0
4576.5,1
4576.75,0
4593.25,1
4595.0,0
4595.25,1
4597.5,0
4597.75,1
4599.5,0
4599.75,1
4601.0,0
4601.5,1
4602.0,0
4614.5,1
4615.0,0
4615.25,1
4615.75,0
4616.75,1
4618.75,0
4619.0,1
4621.0,0
4621.25,1
4621.75,0
4622.0,1
4622.25,0
4622.5,1
4623.0,0
4623.25,1
4625.0,0
4625.25,1
4625.75,0
4638.5,1
4638.75,0
4639.75,1
4640.25,0
4640.5,1
4640.75,0
4641.0,1
4641.75,0
4642.0,1
4642.25,0
4642.5,1
4643.5,0
4644.0,1
4644.25,0
4644.5,1
4645.0,0
4645.25,1
4647.0,0
4647.25,1
4647.5,0
4647.75,1
4648.25,0
4663.5,1
4663.75,0
4664.25,1
4664.5,0
4665.0,1
4666.0,0
4666.25,1
4668.0,0
4668.25,1
4668.75,0
4669.0,1
4669.75,0
4670.75,1
4671.75,0
4672.0,1
4673.0,0
4673.25,1
4673.5,0
4674.0,1
4674.25,0
4737.0,1
4737.25,0
4737.5,1
4741.25,0
4741.75,1
4742.0,0
4742.25,1
4743.25,0
4744.0,1
4744.25,0
4744.5,1
4744.75,0
4745.25,1
4745.5,0
4748.5,1
4748.75,0
4758.25,1
4758.5,0
4759.5,1
4759.75,0
4760.75,1
4761.25,0
4761.5,1
4762.0,0
4762.25,1
4762.75,0
4763.0,1
4763.25,0
4763.5,1
4767.0,0
4767.5,1
4768.75,0
4769.25,1
4769.5,0
4772.0,1
4772.25,0
4785.0,1
4785.25,0
4785.5,1
4786.25,0
4786.5,1
4787.5,0
4787.75,1
4788.75,0
4789.0,1
4790.25,0
4790.5,1
4792.5,0
4792.75,1
4793.0,0
4797.5,1
4797.75,0
4809.0,1
4809.25,0
4809.5,1
4810.75,0
4811.25,1
4813.25,0
4813.5,1
4814.5,0
4814.75,1
4815.0,0
4815.25,1
4815.75,0
4816.0,1
4816.25,0
4816.5,1
4817.25,0
4817.5,1
4817.75,0
4820.75,1
4821.0,0
4821.5,1
4821.75,0
4831.5,1
4831.75,0
4832.5,1
4833.0,0
4833.25,1
4833.75,0
4834.0,1
4839.0,0
4839.25,1
4840.0,0
4840.25,1
4840.75,0
4841.0,1
4841.5,0
4844.75,1
4845.0,0
4905.5,1
4906.0,0
4906.25,1
4907.5,0
4907.75,1
4908.5,0
4908.75,1
4909.5,0
4909.75,1
4910.5,0
4911.25,1
4911.75,0
4912.0,1
4912.75,0
4913.0,1
4913.25,0
4927.75,1
4928.0,0
4929.0,1
4930.25,0
4930.5,1
4932.25,0
4932.5,1
4933.0,0
4933.25,1
4936.0,0
4936.25,1
4936.5,0
4936.75,1
4937.0,0
4937.25,1
4937.5,0
4951.25,1
4951.5,0
4952.75,1
4954.25,0
4954.5,1
4956.25,0
4956.5,1
4956.75,0
4957.0,1
4957.25,0
4957.5,1
4959.0,0
4959.25,1
4959.75,0
4960.0,1
4960.5,0
4976.5,1
4977.0,0
4977.25,1
4978.25,0
4978.5,1
4979.25,0
4979.5,1
4981.25,0
4981.75,1
4982.5,0
4982.75,1
4983.5,0
4983.75,1
4984.75,0
5000.25,1
5000.5,0
5001.0,1
5001.25,0
5001.75,1
5003.5,0
5003.75,1
5006.25,0
5006.5,1
5008.0,0
5008.25,1
5008.5,0
5008.75,1
5009.25,0
5012.5,1
5012.75,0
5071.75,1
5072.0,0
5072.75,1
5073.25,0
5073.5,1
5077.75,0
5078.5,1
5080.0,0
5080.25,1
5081.25,0
5081.5,1
5081.75,0
5096.5,1
5101.5,0
5101.75,1
5102.25,0
5102.5,1
5104.25,0
5104.75,1
5105.0,0
5109.5,1
5110.0,0
5117.5,1
5117.75,0
5118.25,1
5118.5,0
5120.75,1
5122.25,0
5122.5,1
5126.25,0
5126.5,1
5127.75,0
5128.0,1
5129.5,0
5132.75,1
5133.0,0
5145.0,1
5145.75,0
5146.0,1
5147.0,0
5147.25,1
5148.0,0
5148.25,1
5148.5,0
5148.75,1
5150.75,0
5151.0,1
5152.5,0
5156.0,1
5156.5,0
5167.75,1
5168.0,0
5168.5,1
5168.75,0
5169.75,1
5172.5,0
5173.25,1
5174.5,0
5175.0,1
5175.25,0
5175.5,1
5175.75,0
5176.0,1
5176.25,0
5176.5,1
5177.0,0
5177.25,1
5177.75,0
5240.75,1
5242.5,0
5243.0,1
5243.75,0
5244.0,1
5244.25,0
5244.5,1
5244.75,0
5245.25,1
5247.75,0
5248.75,1
5249.25,0
5264.5,1
5265.0,0
5265.25,1
5266.5,0
5266.75,1
5267.75,0
5268.75,1
5269.0,0
5269.25,1
5272.25,0
5272.75,1
5273.25,0
5275.75,1
5276.0,0
5287.25,1
5287.75,0
5289.5,1
5290.5,0
5290.75,1
5292.75,0
5293.0,1
5293.25,0
5293.5,1
5296.5,0
5296.75,1
5297.5,0
5301.25,1
5301.5,0
5310.5,1
5311.0,0
5311.5,1
5312.0,0
5312.75,1
5313.0,0
5313.25,1
5313.75,0
5314.0,1
5314.5,0
5314.75,1
5316.0,0
5316.25,1
5317.75,0
5318.0,1
5318.25,0
5318.5,1
5320.25,0
5320.75,1
5321.25,0
5321.5,1
5321.75,0
5325.0,1
5325.25,0
5334.75,1
5335.5,0
5336.5,1
5336.75,0
5337.25,1
5338.0,0
5338.5,1
5338.75,0
5339.0,1
5340.5,0
5340.75,1
5341.25,0
5341.75,1
5345.0,0
5349.25,1
5349.5,0
5406.0,1
5406.25,0
5408.75,1
5410.5,0
5411.0,1
5411.5,0
5411.75,1
5412.25,0
5412.5,1
5412.75,0
5413.0,1
5415.5,0
5415.75,1
5416.5,0
5416.75,1
5417.0,0
5417.25,1
5417.5,0
5417.75,1
5418.25,0
5420.75,1
5421.0,0
5421.25,1
5421.5,0
5422.0,1
5422.25,0
5430.75,1
5431.0,0
5432.25,1
5432.75,0
5433.25,1
5434.0,0
5434.25,1
5435.5,0
5435.75,1
5437.25,0
5437.5,1
5438.0,0
5438.25,1
5440.75,0
5441.25,1
5441.5,0
5454.0,1
5454.25,0
5457.25,1
5457.75,0
5458.0,1
5458.75,0
5459.0,1
5461.0,0
5461.25,1
5465.0,0
5480.25,1
5480.5,0
5480.75,1
5481.0,0
5481.25,1
5486.0,0
5486.25,1
5488.0,0
5488.25,1
5488.5,0
5488.75,1
5489.0,0
5492.0,1
5492.25,0
5493.0,1
5493.25,0
5493.5,1
5493.75,0
5501.5,1
5501.75,0
5505.75,1
5506.0,0
5506.25,1
5507.75,0
5508.75,1
5509.75,0
5510.0,1
5511.5,0
5512.0,1
5512.75,0
5513.0,1
5513.5,0
5516.75,1
5517.0,0
5517.75,1
5518.0,0
5576.75,1
5577.75,0
5578.0,1
5579.5,0
5579.75,1
5580.25,0
5580.5,1
5581.0,0
5581.25,1
5583.5,0
5583.75,1
5584.25,0
5584.5,1
5585.0,0
5585.25,1
5585.5,0
5585.75,1
5586.0,0
5589.25,1
5589.75,0
5600.25,1
5600.75,0
5601.0,1
5602.0,0
5602.25,1
5603.25,0
5603.5,1
5603.75,0
5604.0,1
5605.5,0
5606.0,1
5607.0,0
5607.25,1
5607.5,0
5607.75,1
5609.0,0
5622.75,1
5623.0,0
5623.25,1
5623.5,0
5624.25,1
5624.5,0
5624.75,1
5625.0,0
5625.25,1
5625.75,0
5626.0,1
5627.0,0
5627.25,1
5628.25,0
5628.5,1
5630.25,0
5630.5,1
5631.0,0
5631.25,1
5631.5,0
5631.75,1
5632.75,0
5633.0,1
5633.25,0
5647.0,1
5647.25,0
5649.0,1
5649.25,0
5649.5,1
5650.0,0
5650.25,1
5652.25,0
5652.5,1
5653.25,0
5653.5,1
5654.0,0
5654.25,1
5654.5,0
5654.75,1
5655.25,0
5655.5,1
5656.75,0
5657.0,1
5657.75,0
5669.75,1
5670.0,0
5671.0,1
5671.25,0
5672.25,1
5672.5,0
5673.75,1
5674.25,0
5674.5,1
5675.75,0
5676.0,1
5676.5,0
5676.75,1
5677.0,0
5677.25,1
5677.5,0
5677.75,1
5679.5,0
5679.75,1
5680.0,0
5680.25,1
5681.0,0
5681.5,1
5681.75,0
5684.75,1
5685.0,0
5745.25,1
5745.75,0
5746.0,1
5746.5,0
5746.75,1
5747.75,0
5748.0,1
5748.5,0
5749.0,1
5753.5,0
5757.0,1
5757.25,0
5769.25,1
5770.0,0
5770.25,1
5771.75,0
5772.0,1
5774.0,0
5774.25,1
5775.25,0
5775.75,1
5776.25,0
5776.75,1
5777.5,0
5791.0,1
5791.25,0
5793.25,1
5793.75,0
5794.0,1
5794.25,0
5794.5,1
5795.0,0
5795.5,1
5795.75,0
5796.0,1
5797.25,0
5797.5,1
5797.75,0
5798.25,1
5800.5,0
5800.75,1
5801.25,0
5801.5,1
5801.75,0
5814.75,1
5815.0,0
5815.25,1
5815.5,0
5816.5,1
5816.75,0
5817.25,1
5819.0,0
5819.25,1
5819.5,0
5819.75,1
5820.25,0
5820.5,1
5820.75,0
5821.0,1
5822.0,0
5822.25,1
5824.75,0
5825.25,1
5825.75,0
5828.75,1
5829.0,0
5830.0,1
5830.25,0
5830.75,1
5831.0,0
5832.75,1
5833.0,0
5840.75,1
5841.0,0
5841.75,1
5843.75,0
5844.0,1
5845.0,0
5845.25,1
5846.0,0
5846.25,1
5846.75,0
5847.0,1
5847.5,0
5847.75,1
5849.25,0
5910.5,1
5910.75,0
5911.25,1
5911.5,0
5913.0,1
5913.25,0
5913.5,1
5914.0,0
5914.25,1
5915.0,0
5915.25,1
5915.5,0
5915.75,1
5917.5,0
5917.75,1
5918.0,0
5918.5,1
5921.0,0
5958.0,1
5958.25,0
5958.75,1
5959.0,0
5960.0,1
5960.25,0
5961.25,1
5965.0,0
5965.25,1
5966.25,0
5966.5,1
5969.25,0
5972.0,1
5972.25,0
5982.75,1
5983.25,0
5985.0,1
5985.25,0
5985.75,1
5987.25,0
5987.5,1
5989.0,0
5989.25,1
5992.75,0
5993.25,1
5993.5,0
5996.0,1
5996.25,0
5997.5,1
5997.75,0
6007.5,1
6007.75,0
6008.75,1
6010.5,0
6010.75,1
6011.5,0
6011.75,1
6012.25,0
6012.5,1
6012.75,0
6013.25,1
6015.25,0
6015.75,1
6016.25,0
6017.0,1
6017.25,0
6078.0,1
6078.25,0
6078.5,1
6078.75,0
6079.25,1
6080.0,0
6080.75,1
6082.25,0
6082.5,1
6082.75,0
6083.25,1
6084.25,0
6084.5,1
6085.0,0
6085.25,1
6086.0,0
6086.5,1
6087.5,0
6087.75,1
6089.5,0
6090.0,1
6090.25,0
6102.5,1
6102.75,0
6105.25,1
6105.5,0
6105.75,1
6106.0,0
6106.25,1
6107.75,0
6108.0,1
6109.5,0
6109.75,1
6110.0,0
6110.5,1
6111.0,0
6111.25,1
6112.5,0
6112.75,1
6113.0,0
6126.75,1
6127.0,0
6127.5,1
6127.75,0
6128.5,1
6129.0,0
6129.5,1
6129.75,0
6130.0,1
6131.0,0
6131.25,1
6132.0,0
6132.5,1
6134.25,0
6134.75,1
6135.5,0
6135.75,1
6137.25,0
6140.75,1
6141.0,0
6150.75,1
6151.0,0
6152.0,1
6152.25,0
6152.75,1
6153.0,0
6153.75,1
6154.0,0
6154.25,1
6154.5,0
6154.75,1
6157.25,0
6157.5,1
6159.5,0
6159.75,1
6161.25,0
6161.5,1
6161.75,0
6174.75,1
6175.25,0
6175.5,1
6175.75,0
6176.75,1
6177.0,0
6177.25,1
6177.5,0
6177.75,1
6179.25,0
6180.0,1
6182.5,0
6183.0,1
6183.5,0
6183.75,1
6184.25,0
6184.5,1
6185.0,0
6188.25,1
6188.5,0
6248.75,1
6251.5,0
6251.75,1
6252.25,0
6252.5,1
6252.75,0
6253.25,1
6254.5,0
6254.75,1
6256.25,0
6256.5,1
6256.75,0
6257.0,1
6257.25,0
6273.25,1
6273.75,0
6274.5,1
6275.25,0
6275.5,1
6276.0,0
6277.0,1
6279.0,0
6279.25,1
6279.5,0
6279.75,1
6280.0,0
6280.25,1
6280.75,0
6296.25,1
6296.75,0
6297.25,1
6297.5,0
6297.75,1
6298.0,0
6298.25,1
6298.5,0
6298.75,1
6299.25,0
6299.5,1
6302.0,0
6302.25,1
6302.75,0
6303.0,1
6303.75,0
6304.0,1
6305.25,0
6308.75,1
6309.0,0
6319.0,1
6319.25,0
6319.75,1
6320.0,0
6321.5,1
6322.5,0
6322.75,1
6327.5,0
6327.75,1
6328.25,0
6328.5,1
6329.25,0
6342.75,1
6343.25,0
6345.0,1
6345.25,0
6345.5,1
6346.25,0
6346.5,1
6346.75,0
6347.0,1
6348.75,0
6349.0,1
6349.25,0
6349.5,1
6351.5,0
6351.75,1
6352.75,0
6353.0,1
6353.5,0
6356.75,1
6357.0,0
6416.5,1
6416.75,0
6417.25,1
6420.25,0
6420.5,1
6424.25,0
6424.5,1
6425.0,0
6440.5,1
6442.75,0
6443.5,1
6444.0,0
6444.25,1
6445.0,0
6445.25,1
6445.75,0
6446.0,1
6447.25,0
6447.5,1
6448.75,0
6463.75,1
6464.0,0
6464.75,1
6465.0,0
6465.25,1
6465.75,0
6466.25,1
6468.0,0
6468.25,1
6469.0,0
6469.25,1
6469.75,0
6470.25,1
6470.75,0
6471.0,1
6472.75,0
6473.25,1
6473.5,0
6477.5,1
6477.75,0
6485.75,1
6486.25,0
6486.5,1
6487.0,0
6488.5,1
6488.75,0
6489.0,1
6490.25,0
6490.5,1
6490.75,0
6491.0,1
6492.25,0
6492.5,1
6493.0,0
6493.25,1
6494.0,0
6494.5,1
6496.5,0
6496.75,1
6497.0,0
6501.5,1
6501.75,0
6511.5,1
6511.75,0
6512.5,1
6513.0,0
6513.5,1
6513.75,0
6514.0,1
6516.5,0
6516.75,1
6518.75,0
6519.0,1
6519.5,0
6519.75,1
6521.0,0
6524.25,1
6524.5,0
6582.5,1
6582.75,0
6585.0,1
6585.25,0
6585.75,1
6587.25,0
6587.5,1
6587.75,0
6588.25,1
6588.75,0
6589.0,1
6589.25,0
6590.25,1
6591.5,0
6592.0,1
6592.75,0
6593.5,1
6593.75,0
6598.0,1
6598.25,0
6608.75,1
6609.0,0
6609.25,1
6610.5,0
6610.75,1
6612.75,0
6613.25,1
6613.5,0
6613.75,1
6614.25,0
6614.5,1
6616.5,0
6616.75,1
6617.25,0
6630.5,1
6630.75,0
6631.25,1
6631.5,0
6632.5,1
6632.75,0
6633.25,1
6634.25,0
6634.5,1
6634.75,0
6635.0,1
6636.25,0
6636.75,1
6639.0,0
6639.25,1
6640.75,0
6641.0,1
6641.25,0
6655.75,1
6656.0,0
6656.75,1
6657.25,0
6657.75,1
6659.25,0
6659.5,1
6660.5,0
6660.75,1
6663.0,0
6663.25,1
6663.75,0
6664.25,1
6664.5,0
6664.75,1
6665.25,0
6665.75,1
6666.0,0
6668.25,1
6668.5,0
6669.0,1
6669.25,0
6669.75,1
6670.0,0
6675.5,1
6675.75,0
6681.0,1
6682.75,0
6683.25,1
6683.75,0
6684.25,1
6685.0,0
6685.25,1
6686.5,0
6686.75,1
6687.25,0
6687.5,1
6689.0,0
6689.25,1
6689.5,0
6691.25,1
6691.5,0
6693.5,1
6693.75,0
6752.25,1
6752.5,0
6753.0,1
6753.75,0
6754.0,1
6759.5,0
6759.75,1
6760.25,0
6760.5,1
6761.25,0
6764.5,1
6764.75,0
6799.0,1
6799.25,0
6801.0,1
6803.25,0
6803.5,1
6805.25,0
6805.5,1
6805.75,0
6806.0,1
6808.0,0
6808.5,1
6809.25,0
6811.75,1
6812.0,0
6824.5,1
6824.75,0
6825.0,1
6825.5,0
6825.75,1
6826.75,0
6827.0,1
6827.5,0
6827.75,1
6828.0,0
6828.25,1
6829.75,0
6830.0,1
6830.25,0
6830.5,1
6831.5,0
6831.75,1
6832.0,0
6832.75,1
6833.25,0
6836.25,1
6836.5,0
6846.0,1
6846.25,0
6849.0,1
6849.75,0
6850.0,1
6852.75,0
6853.5,1
6854.25,0
6854.5,1
6854.75,0
6855.0,1
6856.25,0
6856.5,1
6856.75,0
6860.5,1
6860.75,0
6919.5,1
6919.75,0
6921.75,1
6922.0,0
6922.25,1
6923.5,0
6923.75,1
6924.25,0
6924.75,1
6925.75,0
6926.0,1
6926.25,0
6926.75,1
6927.5,0
6928.0,1
6928.5,0
6929.0,1
6929.25,0
6932.25,1
6932.5,0
6942.5,1
6943.0,0
6945.25,1
6945.5,0
6946.0,1
6946.5,0
6947.25,1
6947.5,0
6947.75,1
6948.5,0
6948.75,1
6949.0,0
6949.25,1
6949.75,0
6950.0,1
6950.75,0
6951.0,1
6951.75,0
6952.0,1
6952.5,0
6967.25,1
6967.5,0
6968.5,1
6969.0,0
6969.5,1
6973.0,0
6973.25,1
6973.75,0
6974.25,1
6974.5,0
6974.75,1
6976.5,0
6976.75,1
6977.0,0
6990.25,1
6990.5,0
6991.5,1
6992.0,0
6993.0,1
6993.25,0
6993.5,1
6994.5,0
6994.75,1
6996.25,0
6996.5,1
6997.75,0
6998.0,1
7000.75,0
7001.0,1
7001.25,0
7016.25,1
7016.5,0
7017.25,1
7019.5,0
7019.75,1
7020.25,0
7020.5,1
7020.75,0
7021.0,1
7023.25,0
7023.5,1
7024.0,0
7024.25,1
7025.5,0
7028.5,1
7028.75,0
7086.25,1
7086.5,0
7088.5,1
7088.75,0
7089.0,1
7090.75,0
7091.25,1
7091.5,0
7092.0,1
7093.0,0
7093.5,1
7094.25,0
7094.5,1
7095.75,0
7096.0,1
7097.0,0
7097.5,1
7097.75,0
7101.75,1
7102.0,0
7110.75,1
7111.0,0
7113.25,1
7117.25,0
7117.75,1
7118.0,0
7118.25,1
7118.5,0
7119.0,1
7121.0,0
7121.5,1
7121.75,0
7124.5,1
7124.75,0
7125.25,1
7125.5,0
7134.0,1
7134.25,0
7136.75,1
7137.75,0
7138.0,1
7140.0,0
7141.0,1
7142.0,0
7142.25,1
7143.5,0
7143.75,1
7144.5,0
7144.75,1
7145.0,0
7148.5,1
7148.75,0
7159.0,1
7159.25,0
7159.75,1
7160.0,0
7160.5,1
7160.75,0
7161.0,1
7162.5,0
7162.75,1
7163.25,0
7163.5,1
7164.25,0
7164.5,1
7165.0,0
7166.0,1
7166.75,0
7167.0,1
7169.25,0
7169.5,1
7169.75,0
7183.25,1
7183.75,0
7184.5,1
7184.75,0
7185.25,1
7186.0,0
7186.5,1
7187.5,0
7187.75,1
7188.0,0
7189.0,1
7189.25,0
7189.5,1
7190.5,0
7190.75,1
7192.75,0
7193.25,1
7193.5,0
7196.0,1
7196.25,0
7254.75,1
7255.0,0
7257.25,1
7261.75,0
7262.0,1
7263.75,0
7264.0,1
7264.75,0
7268.75,1
7269.0,0
7278.0,1
7278.25,0
7279.5,1
7279.75,0
7281.25,1
7282.75,0
7283.0,1
7283.5,0
7283.75,1
7284.5,0
7284.75,1
7289.0,0
7303.0,1
7303.25,0
7303.5,1
7303.75,0
7304.25,1
7304.5,0
7305.0,1
7305.5,0
7305.75,1
7306.25,0
7306.5,1
7306.75,0
7307.0,1
7308.75,0
7309.0,1
7310.5,0
7310.75,1
7311.75,0
7312.0,1
7312.75,0
7326.75,1
7327.0,0
7327.75,1
7328.0,0
7328.25,1
7328.75,0
7329.0,1
7329.5,0
7329.75,1
7333.0,0
7333.25,1
7333.75,0
7334.0,1
7334.5,0
7334.75,1
7335.0,0
7335.25,1
7336.0,0
7336.25,1
7337.75,0
7341.0,1
7341.25,0
7342.25,1
7342.75,0
7350.0,1
7350.25,0
7352.0,1
7352.25,0
7352.75,1
7353.25,0
7353.5,1
7353.75,0
7354.0,1
7354.25,0
7355.0,1
7357.0,0
7357.25,1
7357.75,0
7358.0,1
7358.75,0
7359.0,1
7359.5,0
7360.0,1
7360.5,0
7360.75,1
7361.0,0
7364.5,1
7364.75,0
7365.0,1
7365.25,0
7423.5,1
7423.75,0
7425.25,1
7428.75,0
7429.0,1
7429.25,0
7429.5,1
7430.5,0
7430.75,1
7431.0,0
7431.5,1
7432.0,0
7432.25,1
7433.25,0
7433.75,1
7434.0,0
7445.75,1
7446.0,0
7448.5,1
7448.75,0
7449.0,1
7449.25,0
7449.5,1
7451.5,0
7451.75,1
7452.0,0
7452.25,1
7452.5,0
7453.0,1
7453.5,0
7453.75,1
7454.0,0
7454.5,1
7456.0,0
7456.25,1
7456.5,0
7457.0,1
7457.25,0
7457.5,1
7457.75,0
7470.75,1
7471.0,0
7472.5,1
7472.75,0
7473.25,1
7476.75,0
7477.0,1
7480.0,0
7480.25,1
7480.5,0
7480.75,1
7481.0,0
7484.5,1
7484.75,0
7494.5,1
7494.75,0
7497.25,1
7498.0,0
7498.25,1
7499.0,0
7499.25,1
7500.25,0
7500.5,1
7501.75,0
7502.0,1
7503.25,0
7503.5,1
7504.5,0
7504.75,1
7505.0,0
7519.5,1
7519.75,0
7520.0,1
7520.25,0
7520.5,1
7520.75,0
7521.0,1
7521.25,0
7522.0,1
7522.5,0
7522.75,1
7524.0,0
7524.25,1
7525.0,0
7525.25,1
7526.25,0
7526.5,1
7529.25,0
7531.75,1
7532.0,0
7533.75,1
7534.0,0
7591.75,1
7592.25,0
7592.75,1
7594.5,0
7594.75,1
7595.0,0
7595.25,1
7596.75,0
7597.0,1
7597.25,0
7597.5,1
7599.25,0
7600.0,1
7601.5,0
7605.0,1
7605.25,0
7614.25,1
7614.75,0
7617.0,1
7617.5,0
7617.75,1
7618.25,0
7618.5,1
7619.5,0
7619.75,1
7621.25,0
7621.75,1
7622.75,0
7623.0,1
7625.25,0
7628.5,1
7628.75,0
7641.5,1
7642.0,0
7642.25,1
7642.5,0
7642.75,1
7644.0,0
7644.5,1
7645.25,0
7645.75,1
7647.0,0
7647.25,1
7647.75,0
7648.0,1
7649.0,0
7649.5,1
7649.75,0
7661.75,1
7662.0,0
7664.75,1
7665.75,0
7666.0,1
7667.25,0
7667.5,1
7669.0,0
7669.25,1
7671.75,0
7672.0,1
7672.5,0
7672.75,1
7673.25,0
7686.25,1
7686.5,0
7689.0,1
7689.25,0
7689.75,1
7690.0,0
7690.25,1
7691.75,0
7692.25,1
7693.0,0
7693.5,1
7694.5,0
7695.0,1
7695.5,0
7695.75,1
7697.5,0
7760.75,1
7761.25,0
7761.75,1
7762.75,0
7763.0,1
7764.0,0
7764.75,1
7765.0,0
7765.25,1
7769.0,0
7783.25,1
7783.5,0
7785.0,1
7790.75,0
7791.0,1
7792.5,0
7793.5,1
7793.75,0
7797.75,1
7798.0,0
7808.5,1
7808.75,0
7809.25,1
7811.75,0
7812.0,1
7812.75,0
7813.0,1
7813.25,0
7813.5,1
7813.75,0
7814.0,1
7815.0,0
7815.25,1
7815.75,0
7816.0,1
7816.5,0
7816.75,1
7817.25,0
7820.5,1
7820.75,0
7821.0,1
7821.25,0
7830.5,1
7830.75,0
7832.75,1
7833.75,0
7834.0,1
7834.5,0
7834.75,1
7836.25,0
7837.0,1
7838.0,0
7838.25,1
7839.5,0
7840.0,1
7840.25,0
7840.75,1
7841.0,0
7841.25,1
7841.75,0
7926.0,1
7926.25,0
7927.5,1
7927.75,0
7928.75,1
7929.25,0
7929.5,1
7930.25,0
7930.75,1
7932.25,0
7932.5,1
7933.25,0
7933.5,1
7934.75,0
7935.0,1
7935.75,0
7936.25,1
7936.75,0
7937.5,1
7937.75,0
7940.5,1
7940.75,0
7950.25,1
7950.5,0
7952.0,1
7952.25,0
7952.5,1
7955.0,0
7955.5,1
7958.0,0
7958.25,1
7960.0,0
7960.25,1
7960.75,0
7961.5,1
7961.75,0
7977.0,1
7978.75,0
7979.0,1
7979.25,0
7979.75,1
7981.0,0
7981.25,1
7983.0,0
7983.25,1
7985.25,0
7985.75,1
7986.0,0
8000.75,1
8001.25,0
8002.0,1
8005.75,0
8006.0,1
8006.25,0
8006.5,1
8008.75,0
8009.25,1
8009.5,0
8009.75,1
8010.0,0
8024.75,1
8025.0,0
8025.25,1
8027.0,0
8027.25,1
8028.75,0
8029.0,1
8030.5,0
8031.25,1
8031.5,0
8031.75,1
8032.0,0
8032.25,1
8033.0,0
8096.5,1
8096.75,0
8097.0,1
8097.5,0
8097.75,1
8098.25,0
8098.5,1
8099.25,0
8099.75,1
8100.25,0
8100.75,1
8101.75,0
8102.0,1
8102.25,0
8102.5,1
8104.25,0
8104.5,1
8104.75,0
8105.0,1
8105.5,0
8118.0,1
8118.25,0
8121.0,1
8121.25,0
8121.75,1
8122.75,0
8123.0,1
8125.25,0
8125.5,1
8125.75,0
8126.25,1
8126.5,0
8126.75,1
8127.0,0
8128.0,1
8129.0,0
8132.75,1
8133.0,0
8144.5,1
8145.25,0
8145.75,1
8147.25,0
8147.5,1
8150.25,0
8150.75,1
8151.0,0
8151.25,1
8153.5,0
8165.5,1
8165.75,0
8166.0,1
8166.25,0
8167.25,1
8167.5,0
8167.75,1
8168.0,0
8168.5,1
8169.25,0
8169.75,1
8170.0,0
8170.25,1
8172.0,0
8172.25,1
8172.5,0
8172.75,1
8175.5,0
8175.75,1
8176.75,0
8177.25,1
8177.5,0
8180.75,1
8181.0,0
8193.5,1
8194.75,0
8195.0,1
8196.25,0
8196.5,1
8197.75,0
8198.0,1
8199.5,0
8199.75,1
8200.5,0
8200.75,1
8201.25,0
8205.25,1
8205.5,0
8205.75,1
8206.0,0
8261.0,1
8261.25,0
8262.75,1
8263.0,0
8264.75,1
8265.0,0
8265.5,1
8268.25,0
8268.75,1
8269.0,0
8269.5,1
8270.0,0
8270.25,1
8270.5,0
8270.75,1
8273.5,0
8286.0,1
8286.5,0
8289.25,1
8290.75,0
8291.0,1
8292.25,0
8293.25,1
8295.5,0
8295.75,1
8296.0,0
8296.25,1
8297.0,0
8297.5,1
8297.75,0
8313.25,1
8314.25,0
8314.5,1
8315.5,0
8315.75,1
8317.0,0
8317.25,1
8321.0,0
8322.25,1
8322.5,0
8335.0,1
8335.25,0
8335.75,1
8336.0,0
8337.0,1
8337.5,0
8337.75,1
8340.5,0
8340.75,1
8342.0,0
8342.25,1
8343.25,0
8343.5,1
8345.0,0
8347.75,1
8348.0,0
8349.0,1
8349.25,0
8360.0,1
8360.25,0
8360.5,1
8360.75,0
8361.75,1
8362.25,0
8362.5,1
8362.75,0
8363.0,1
8363.75,0
8364.75,1
8367.25,0
8367.5,1
8369.5,0
8373.5,1
8373.75,0
8432.5,1
8433.0,0
8433.25,1
8433.5,0
8433.75,1
8435.75,0
8436.0,1
8436.75,0
8437.0,1
8437.5,0
8438.0,1
8439.75,0
8440.0,1
8440.75,0
8441.0,1
8441.5,0
8445.25,1
8445.5,0
8445.75,1
8446.0,0
8457.0,1
8457.25,0
8457.5,1
8458.25,0
8458.5,1
8460.5,0
8460.75,1
8461.0,0
8461.25,1
8461.75,0
8462.25,1
8464.0,0
8464.25,1
8465.25,0
8469.0,1
8469.25,0
8477.25,1
8477.5,0
8481.0,1
8481.5,0
8481.75,1
8484.5,0
8484.75,1
8485.5,0
8485.75,1
8487.75,0
8488.0,1
8488.5,0
8488.75,1
8489.0,0
8492.25,1
8492.5,0
8502.0,1
8502.25,0
8503.25,1
8503.5,0
8504.25,1
8504.5,0
8505.75,1
8506.0,0
8506.25,1
8508.5,0
8508.75,1
8509.0,0
8509.25,1
8510.0,0
8510.25,1
8511.25,0
8511.5,1
8512.5,0
8512.75,1
8513.25,0
8513.75,1
8514.0,0
8526.75,1
8527.0,0
8528.0,1
8528.25,0
8528.75,1
8529.0,0
8529.5,1
8530.5,0
8530.75,1
8531.5,0
8531.75,1
8532.25,0
8532.75,1
8536.0,0
8536.25,1
8536.5,0
8536.75,1
8537.25,0
8540.25,1
8540.5,0
8541.5,1
8541.75,0
8625.0,1
8626.5,0
8626.75,1
8628.75,0
8629.0,1
8629.25,0
8629.5,1
8630.0,0
8630.25,1
8630.5,0
8630.75,1
8631.25,0
8631.5,1
8633.0,0
8633.25,1
8633.5,0
8638.25,1
8638.5,0
8646.25,1
8646.5,0
8648.0,1
8648.25,0
8648.5,1
8649.25,0
8649.75,1
8652.0,0
8652.25,1
8653.5,0
8653.75,1
8655.25,0
8655.75,1
8656.0,0
8656.25,1
8656.75,0
8657.0,1
8657.25,0
8661.25,1
8661.5,0
8672.75,1
8673.0,0
8673.25,1
8674.25,0
8674.75,1
8676.75,0
8677.25,1
8677.5,0
8678.25,1
8679.75,0
8680.25,1
8680.75,0
8681.0,1
8681.25,0
8693.25,1
8693.5,0
8694.75,1
8695.0,0
8696.75,1
8697.0,0
8697.25,1
8699.25,0
8699.5,1
8700.0,0
8700.25,1
8701.0,0
8701.5,1
8701.75,0
8702.0,1
8704.25,0
8704.75,1
8705.0,0
8705.25,1
8705.5,0

float Room-202 (4353,2)
0.0,0
31.5,1
32.0,0
32.25,1
32.5,0
33.5,1
34.75,0
35.0,1
36.75,0
37.0,1
37.25,0
37.5,1
38.0,0
38.25,1
40.75,0
41.0,1
41.25,0
41.5,1
41.75,0
57.75,1
58.25,0
58.5,1
60.0,0
60.5,1
60.75,0
61.0,1
63.25,0
63.5,1
63.75,0
64.25,1
65.0,0
77.75,1
78.0,0
79.0,1
79.5,0
80.5,1
81.0,0
81.25,1
82.5,0
82.75,1
88.0,0
88.25,1
89.5,0
104.75,1
108.75,0
109.5,1
112.75,0
113.25,1
113.75,0
114.0,1
114.25,0
125.75,1
126.0,0
128.25,1
128.75,0
129.5,1
129.75,0
130.0,1
131.0,0
131.25,1
132.25,0
132.5,1
132.75,0
133.25,1
136.25,0
136.5,1
137.25,0
141.5,1
142.0,0
200.75,1
201.0,0
201.25,1
202.25,0
202.5,1
204.25,0
204.5,1
205.25,0
205.5,1
205.75,0
206.25,1
209.0,0
213.75,1
214.0,0
221.75,1
222.0,0
223.0,1
223.25,0
224.0,1
224.25,0
225.0,1
225.5,0
226.5,1
228.0,0
228.25,1
228.75,0
229.25,1
229.5,0
229.75,1
230.0,0
230.25,1
230.5,0
231.0,1
231.5,0
231.75,1
233.5,0
247.5,1
247.75,0
248.75,1
249.0,0
249.25,1
250.5,0
250.75,1
251.25,0
251.75,1
253.25,0
253.5,1
255.25,0
255.75,1
256.5,0
256.75,1
257.25,0
260.5,1
260.75,0
269.5,1
269.75,0
270.5,1
271.0,0
271.25,1
271.75,0
272.75,1
273.0,0
273.5,1
274.75,0
275.0,1
276.75,0
277.0,1
277.25,0
277.75,1
278.0,0
278.25,1
279.0,0
279.25,1
280.25,0
280.5,1
280.75,0
297.25,1
298.25,0
298.5,1
299.75,0
300.0,1
301.25,0
301.75,1
303.0,0
303.25,1
304.5,0
306.0,1
306.25,0
307.5,1
307.75,0
368.75,1
369.25,0
369.5,1
371.75,0
372.0,1
372.25,0
372.5,1
373.5,0
374.0,1
374.75,0
375.25,1
376.0,0
376.25,1
376.5,0
376.75,1
377.0,0
390.5,1
390.75,0
392.5,1
393.75,0
394.0,1
395.0,0
395.5,1
396.25,0
396.5,1
397.0,0
397.25,1
398.0,0
398.25,1
399.75,0
400.0,1
400.5,0
400.75,1
401.0,0
401.25,1
401.5,0
401.75,1
402.0,0
404.25,1
404.5,0
441.0,1
442.75,0
443.0,1
444.0,0
444.25,1
446.5,0
446.75,1
448.0,0
448.25,1
448.75,0
449.0,1
449.25,0
465.25,1
465.5,0
465.75,1
468.5,0
469.0,1
471.75,0
472.0,1
472.5,0
472.75,1
473.0,0
477.25,1
477.5,0
533.5,1
533.75,0
535.5,1
535.75,0
537.75,1
538.25,0
538.5,1
539.25,0
539.5,1
540.25,0
540.5,1
541.25,0
542.0,1
542.5,0
542.75,1
543.25,0
543.5,1
544.75,0
545.5,1
545.75,0
550.0,1
550.25,0
560.75,1
561.0,0
561.25,1
561.5,0
561.75,1
562.75,0
563.25,1
563.75,0
564.0,1
564.5,0
564.75,1
565.0,0
565.5,1
567.0,0
567.5,1
568.0,0
568.25,1
569.5,0
584.5,1
584.75,0
585.25,1
585.75,0
586.0,1
586.75,0
587.25,1
587.75,0
588.5,1
588.75,0
589.0,1
589.25,0
589.5,1
591.75,0
592.0,1
592.75,0
593.0,1
593.25,0
597.25,1
597.5,0
598.25,1
598.5,0
609.0,1
609.25,0
609.75,1
610.0,0
610.25,1
610.5,0
611.0,1
611.5,0
611.75,1
612.5,0
612.75,1
615.0,0
615.25,1
615.5,0
615.75,1
616.0,0
616.25,1
617.25,0
620.5,1
620.75,0
633.0,1
634.25,0
635.5,1
635.75,0
636.0,1
636.75,0
637.0,1
639.75,0
640.0,1
640.5,0
640.75,1
641.25,0
704.5,1
705.0,0
705.5,1
707.0,0
707.25,1
708.5,0
709.0,1
709.25,0
709.5,1
712.0,0
712.5,1
713.0,0
726.5,1
727.0,0
728.0,1
728.25,0
728.75,1
729.0,0
729.25,1
729.75,0
730.0,1
730.5,0
731.0,1
732.25,0
732.5,1
733.5,0
733.75,1
734.0,0
734.25,1
734.5,0
734.75,1
735.5,0
735.75,1
736.25,0
737.0,1
737.25,0
750.5,1
750.75,0
752.75,1
755.75,0
756.0,1
756.75,0
757.25,1
760.0,0
760.25,1
761.5,0
775.5,1
775.75,0
777.25,1
777.75,0
778.0,1
778.75,0
779.0,1
779.25,0
779.5,1
780.5,0
780.75,1
781.5,0
781.75,1
782.5,0
782.75,1
783.25,0
783.75,1
784.5,0
784.75,1
785.0,0
785.25,1
785.5,0
789.0,1
789.75,0
798.0,1
798.25,0
798.75,1
799.0,0
800.25,1
800.5,0
801.0,1
801.25,0
801.5,1
802.5,0
802.75,1
803.5,0
803.75,1
804.25,0
804.75,1
805.75,0
806.25,1
807.0,0
807.25,1
807.5,0
807.75,1
809.0,0
870.5,1
871.25,0
872.75,1
874.5,0
874.75,1
875.25,0
875.5,1
877.0,0
877.25,1
877.5,0
878.0,1
878.5,0
878.75,1
879.0,0
879.5,1
880.25,0
881.0,1
881.5,0
881.75,1
882.0,0
895.75,1
896.0,0
897.0,1
897.25,0
897.5,1
897.75,0
898.0,1
898.5,0
898.75,1
900.0,0
900.25,1
900.75,0
901.25,1
901.75,0
902.0,1
903.25,0
903.5,1
903.75,0
904.0,1
904.75,0
919.25,1
919.75,0
920.75,1
921.0,0
921.5,1
924.75,0
925.0,1
925.25,0
925.75,1
926.75,0
927.0,1
927.75,0
928.5,1
929.0,0
929.25,1
929.5,0
932.5,1
932.75,0
933.0,1
933.25,0
943.5,1
943.75,0
944.25,1
944.5,0
944.75,1
945.0,0
945.75,1
946.0,0
946.25,1
946.75,0
947.0,1
947.75,0
948.5,1
949.25,0
949.5,1
949.75,0
950.0,1
950.75,0
951.0,1
952.0,0
952.25,1
952.5,0
952.75,1
953.25,0
955.25,1
955.5,0
966.25,1
966.75,0
969.0,1
970.0,0
970.25,1
971.5,0
971.75,1
973.0,0
973.25,1
975.0,0
975.5,1
976.5,0
977.0,1
977.5,0
1040.25,1
1040.5,0
1041.5,1
1043.0,0
1043.25,1
1044.25,0
1044.5,1
1045.25,0
1045.5,1
1045.75,0
1046.0,1
1047.0,0
1047.5,1
1049.0,0
1049.25,1
1049.5,0
1052.75,1
1053.0,0
1053.5,1
1053.75,0
1062.25,1
1062.5,0
1064.75,1
1065.5,0
1065.75,1
1066.25,0
1066.5,1
1068.0,0
1068.5,1
1072.25,0
1072.75,1
1073.25,0
1110.0,1
1110.25,0
1111.25,1
1111.5,0
1112.5,1
1113.0,0
1113.25,1
1115.75,0
1116.5,1
1117.5,0
1117.75,1
1119.0,0
1119.5,1
1120.0,0
1120.25,1
1121.0,0
1121.5,1
1121.75,0
1125.25,1
1125.75,0
1127.0,1
1127.25,0
1134.25,1
1134.5,0
1134.75,1
1135.0,0
1136.25,1
1136.5,0
1136.75,1
1137.5,0
1137.75,1
1139.0,0
1139.5,1
1141.0,0
1141.75,1
1142.5,0
1143.0,1
1143.25,0
1143.5,1
1144.25,0
1144.5,1
1145.25,0
1145.5,1
1145.75,0
1149.5,1
1150.0,0
1206.0,1
1206.25,0
1208.5,1
1208.75,0
1209.0,1
1209.25,0
1209.5,1
1210.5,0
1210.75,1
1213.0,0
1213.25,1
1214.0,0
1214.25,1
1214.5,0
1214.75,1
1216.75,0
1217.0,1
1217.25,0
1219.5,1
1219.75,0
1220.25,1
1220.5,0
1231.25,1
1231.5,0
1232.25,1
1232.75,0
1233.0,1
1233.25,0
1233.5,1
1233.75,0
1234.0,1
1234.25,0
1234.5,1
1235.5,0
1235.75,1
1237.5,0
1238.25,1
1239.0,0
1239.25,1
1240.5,0
1256.0,1
1256.25,0
1256.5,1
1256.75,0
1257.0,1
1258.75,0
1259.0,1
1259.75,0
1260.0,1
1260.25,0
1260.5,1
1261.0,0
1261.5,1
1262.75,0
1263.0,1
1264.0,0
1264.25,1
1264.5,0
1278.75,1
1279.0,0
1279.75,1
1280.0,0
1281.0,1
1281.5,0
1281.75,1
1284.75,0
1285.25,1
1285.75,0
1286.25,1
1287.5,0
1287.75,1
1288.75,0
1291.5,1
1291.75,0
1304.75,1
1308.25,0
1308.5,1
1310.0,0
1310.25,1
1312.0,0
1312.5,1
1313.0,0
1313.5,1
1313.75,0
1316.75,1
1317.0,0
1376.75,1
1377.0,0
1377.25,1
1377.75,0
1378.0,1
1379.5,0
1379.75,1
1381.25,0
1382.0,1
1383.5,0
1383.75,1
1384.5,0
1384.75,1
1385.0,0
1389.25,1
1389.5,0
1390.25,1
1390.5,0
1398.5,1
1398.75,0
1400.75,1
1401.0,0
1401.25,1
1401.5,0
1402.25,1
1402.75,0
1403.0,1
1404.0,0
1404.25,1
1405.25,0
1406.0,1
1406.5,0
1406.75,1
1407.75,0
1408.0,1
1408.75,0
1409.25,1
1409.5,0
1412.75,1
1413.0,0
1422.0,1
1422.25,0
1422.75,1
1423.0,0
1423.25,1
1423.5,0
1424.75,1
1426.75,0
1427.0,1
1427.5,0
1427.75,1
1428.0,0
1428.25,1
1428.75,0
1429.0,1
1431.75,0
1432.0,1
1432.25,0
1432.5,1
1432.75,0
1446.5,1
1447.0,0
1447.5,1
1447.75,0
1448.5,1
1449.25,0
1449.5,1
1450.25,0
1450.75,1
1451.25,0
1451.5,1
1452.0,0
1452.25,1
1453.0,0
1453.25,1
1454.5,0
1454.75,1
1455.0,0
1455.25,1
1455.5,0
1455.75,1
1456.0,0
1456.25,1
1456.75,0
1457.0,1
1457.75,0
1461.5,1
1461.75,0
1469.5,1
1469.75,0
1472.5,1
1472.75,0
1473.5,1
1474.0,0
1474.5,1
1475.75,0
1476.0,1
1480.25,0
1480.5,1
1481.25,0
1543.75,1
1544.0,0
1544.75,1
1546.75,0
1547.0,1
1547.5,0
1547.75,1
1548.0,0
1548.25,1
1548.75,0
1549.25,1
1550.0,0
1550.25,1
1552.75,0
1553.25,1
1553.5,0
1559.25,1
1559.5,0
1566.75,1
1567.0,0
1569.0,1
1569.75,0
1570.0,1
1570.75,0
1571.0,1
1572.0,0
1572.25,1
1573.75,0
1574.0,1
1574.75,0
1575.0,1
1575.25,0
1575.75,1
1577.5,0
1592.75,1
1593.5,0
1593.75,1
1595.25,0
1595.5,1
1598.0,0
1598.25,1
1599.0,0
1599.25,1
1600.25,0
1600.5,1
1601.0,0
1614.0,1
1614.25,0
1615.0,1
1615.25,0
1615.75,1
1616.0,0
1617.0,1
1617.25,0
1617.5,1
1617.75,0
1618.0,1
1621.25,0
1621.5,1
1622.0,0
1622.25,1
1622.75,0
1623.0,1
1624.0,0
1624.25,1
1624.5,0
1624.75,1
1625.25,0
1628.25,1
1628.5,0
1639.0,1
1639.25,0
1639.75,1
1640.0,0
1641.25,1
1642.75,0
1643.0,1
1643.25,0
1643.5,1
1643.75,0
1644.0,1
1645.5,0
1646.0,1
1647.0,0
1647.25,1
1648.5,0
1712.75,1
1713.0,0
1713.5,1
1714.25,0
1714.5,1
1715.75,0
1716.25,1
1718.0,0
1718.25,1
1718.75,0
1719.0,1
1719.25,0
1719.5,1
1720.75,0
1721.5,1
1721.75,0
1723.75,1
1724.0,0
1733.75,1
1734.0,0
1734.5,1
1735.0,0
1736.5,1
1736.75,0
1737.5,1
1738.0,0
1738.25,1
1738.5,0
1738.75,1
1739.5,0
1739.75,1
1741.5,0
1742.0,1
1743.0,0
1743.25,1
1744.0,0
1744.25,1
1745.75,0
1761.0,1
1761.25,0
1762.0,1
1763.75,0
1764.0,1
1765.25,0
1765.75,1
1766.75,0
1767.0,1
1769.25,0
1782.75,1
1783.0,0
1783.5,1
1784.0,0
1784.5,1
1784.75,0
1785.0,1
1785.25,0
1785.5,1
1785.75,0
1786.0,1
1787.25,0
1787.5,1
1787.75,0
1788.0,1
1788.5,0
1788.75,1
1789.5,0
1789.75,1
1790.0,0
1790.25,1
1790.75,0
1791.0,1
1792.25,0
1792.5,1
1793.0,0
1793.5,1
1793.75,0
1797.0,1
1797.25,0
1808.5,1
1810.5,0
1810.75,1
1811.25,0
1811.75,1
1813.75,0
1814.0,1
1814.5,0
1814.75,1
1815.5,0
1815.75,1
1817.25,0
1879.75,1
1880.0,0
1880.25,1
1880.5,0
1881.25,1
1882.25,0
1882.5,1
1882.75,0
1883.0,1
1883.25,0
1883.75,1
1884.25,0
1884.5,1
1886.0,0
1886.25,1
1888.25,0
1889.0,1
1889.25,0
1893.25,1
1893.5,0
1894.75,1
1895.0,0
1904.75,1
1905.0,0
1905.25,1
1906.5,0
1907.0,1
1907.25,0
1907.5,1
1908.0,0
1908.75,1
1910.25,0
1910.5,1
1911.25,0
1911.5,1
1912.25,0
1912.5,1
1913.5,0
1926.0,1
1926.25,0
1927.5,1
1927.75,0
1929.25,1
1930.25,0
1930.5,1
1932.25,0
1932.5,1
1933.0,0
1933.25,1
1934.25,0
1934.75,1
1937.0,0
1937.25,1
1937.5,0
1939.75,1
1940.0,0
1951.5,1
1951.75,0
1952.5,1
1954.5,0
1954.75,1
1955.25,0
1955.5,1
1956.5,0
1956.75,1
1959.75,0
1960.25,1
1961.5,0
1975.0,1
1975.75,0
1977.0,1
1978.25,0
1978.5,1
1979.0,0
1979.25,1
1980.0,0
1980.25,1
1983.0,0
1983.25,1
1984.25,0
1984.5,1
1985.5,0
1988.75,1
1989.0,0
1989.25,1
1989.5,0
2046.25,1
2046.5,0
2048.25,1
2048.5,0
2049.25,1
2053.5,0
2053.75,1
2054.0,0
2054.25,1
2055.75,0
2056.0,1
2056.25,0
2056.5,1
2056.75,0
2057.0,1
2057.25,0
2060.0,1
2060.25,0
2073.0,1
2076.25,0
2076.5,1
2077.25,0
2077.75,1
2080.0,0
2080.25,1
2081.25,0
2095.0,1
2095.25,0
2096.5,1
2096.75,0
2097.25,1
2097.5,0
2097.75,1
2098.5,0
2098.75,1
2103.0,0
2103.5,1
2103.75,0
2104.0,1
2104.75,0
2105.0,1
2105.25,0
2108.75,1
2109.0,0
2118.5,1
2118.75,0
2122.25,1
2124.5,0
2125.5,1
2126.5,0
2126.75,1
2127.0,0
2127.25,1
2128.75,0
2129.0,1
2129.25,0
2133.5,1
2133.75,0
2142.5,1
2142.75,0
2143.5,1
2143.75,0
2144.5,1
2144.75,0
2145.25,1
2145.75,0
2146.0,1
2146.25,0
2146.5,1
2147.5,0
2147.75,1
2148.0,0
2148.25,1
2148.75,0
2149.0,1
2149.25,0
2149.75,1
2150.5,0
2150.75,1
2151.0,0
2151.25,1
2152.0,0
2152.25,1
2152.5,0
2152.75,1
2153.25,0
2156.75,1
2157.0,0
2214.25,1
2214.5,0
2215.75,1
2216.0,0
2216.75,1
2217.25,0
2218.0,1
2218.75,0
2219.0,1
2220.0,0
2220.25,1
2220.5,0
2221.0,1
2221.5,0
2221.75,1
2223.5,0
2223.75,1
2225.25,0
2226.75,1
2227.0,0
2228.75,1
2229.0,0
2240.0,1
2240.25,0
2240.75,1
2241.5,0
2241.75,1
2242.75,0
2243.0,1
2249.5,0
2265.25,1
2266.0,0
2266.25,1
2266.5,0
2266.75,1
2267.0,0
2267.5,1
2267.75,0
2268.0,1
2269.75,0
2270.0,1
2270.25,0
2270.5,1
2272.25,0
2272.5,1
2272.75,0
2285.75,1
2286.0,0
2288.75,1
2289.25,0
2289.75,1
2292.0,0
2292.25,1
2293.0,0
2293.25,1
2293.75,0
2294.0,1
2294.25,0
2294.5,1
2294.75,0
2295.5,1
2295.75,0
2296.0,1
2296.25,0
2296.5,1
2297.0,0
2302.0,1
2302.25,0
2311.25,1
2311.5,0
2312.25,1
2312.75,0
2313.0,1
2313.25,0
2313.5,1
2315.0,0
2315.25,1
2315.75,0
2316.0,1
2316.5,0
2316.75,1
2317.0,0
2317.25,1
2320.25,0
2320.5,1
2320.75,0
2321.0,1
2321.25,0
2382.25,1
2382.5,0
2384.75,1
2385.0,0
2385.25,1
2386.0,0
2386.25,1
2386.5,0
2387.0,1
2387.25,0
2387.5,1
2388.25,0
2388.5,1
2389.0,0
2389.25,1
2390.0,0
2390.25,1
2390.75,0
2391.0,1
2391.5,0
2391.75,1
2393.25,0
2396.5,1
2396.75,0
2405.5,1
2405.75,0
2406.5,1
2407.0,0
2408.0,1
2408.25,0
2409.5,1
2412.5,0
2412.75,1
2413.0,0
2413.25,1
2413.5,0
2413.75,1
2415.25,0
2415.5,1
2416.0,0
2416.25,1
2416.75,0
2417.0,1
2417.25,0
2417.5,1
2417.75,0
2419.75,1
2420.0,0
2421.75,1
2422.0,0
2430.5,1
2430.75,0
2431.5,1
2431.75,0
2432.25,1
2432.75,0
2433.0,1
2433.5,0
2433.75,1
2436.25,0
2436.5,1
2437.0,0
2437.5,1
2438.75,0
2439.75,1
2441.25,0
2456.5,1
2457.0,0
2457.5,1
2458.0,0
2458.25,1
2460.0,0
2460.25,1
2460.75,0
2461.0,1
2464.25,0
2464.5,1
2465.0,0
2465.25,1
2465.5,0
2468.75,1
2469.0,0
2479.25,1
2479.5,0
2480.5,1
2481.25,0
2481.5,1
2482.0,0
2482.25,1
2484.25,0
2484.5,1
2485.0,0
2485.25,1
2487.0,0
2487.25,1
2488.0,0
2488.25,1
2489.25,0
2550.0,1
2550.25,0
2552.25,1
2552.5,0
2552.75,1
2553.0,0
2553.25,1
2553.5,0
2554.0,1
2558.75,0
2559.0,1
2560.0,0
2560.25,1
2560.75,0
2564.5,1
2564.75,0
2574.0,1
2574.25,0
2574.5,1
2574.75,0
2577.25,1
2577.75,0
2578.0,1
2578.5,0
2578.75,1
2579.75,0
2580.25,1
2580.5,0
2580.75,1
2581.25,0
2581.5,1
2582.0,0
2582.25,1
2584.0,0
2584.25,1
2585.0,0
2598.25,1
2598.5,0
2598.75,1
2599.25,0
2601.0,1
2601.5,0
2601.75,1
2605.25,0
2605.5,1
2605.75,0
2606.25,1
2606.5,0
2606.75,1
2607.75,0
2608.0,1
2608.5,0
2608.75,1
2609.25,0
2622.5,1
2622.75,0
2623.25,1
2623.75,0
2624.0,1
2624.25,0
2625.0,1
2625.5,0
2626.0,1
2627.75,0
2628.5,1
2628.75,0
2629.0,1
2630.75,0
2631.0,1
2632.0,0
2632.25,1
2633.25,0
2638.0,1
2638.25,0
2646.0,1
2646.25,0
2648.0,1
2648.25,0
2648.5,1
2649.0,0
2649.25,1
2651.0,0
2651.25,1
2651.75,0
2652.25,1
2654.5,0
2655.0,1
2656.75,0
2657.0,1
2657.25,0
2661.5,1
2661.75,0
2718.0,1
2718.25,0
2720.0,1
2720.25,0
2720.5,1
2720.75,0
2721.25,1
2724.0,0
2724.25,1
2725.75,0
2726.5,1
2727.0,0
2727.25,1
2729.0,0
2729.25,1
2729.5,0
2743.0,1
2743.25,0
2744.25,1
2744.5,0
2745.0,1
2745.25,0
2745.5,1
2745.75,0
2746.25,1
2746.5,0
2746.75,1
2747.5,0
2748.0,1
2748.25,0
2748.5,1
2749.0,0
2749.25,1
2749.5,0
2749.75,1
2751.5,0
2751.75,1
2752.75,0
2753.0,1
2753.25,0
2759.0,1
2759.25,0
2765.75,1
2766.0,0
2766.25,1
2766.5,0
2769.25,1
2771.25,0
2771.5,1
2773.0,0
2773.25,1
2775.0,0
2775.5,1
2777.0,0
2777.25,1
2777.5,0
2792.75,1
2793.0,0
2793.25,1
2793.75,0
2794.0,1
2794.25,0
2794.5,1
2796.5,0
2796.75,1
2797.25,0
2797.5,1
2799.25,0
2799.75,1
2801.0,0
2805.75,1
2806.0,0
2816.25,1
2816.5,0
2817.5,1
2818.0,0
2818.25,1
2819.75,0
2820.0,1
2820.25,0
2820.5,1
2820.75,0
2821.0,1
2821.5,0
2822.25,1
2823.75,0
2824.0,1
2825.25,0
2887.75,1
2888.0,0
2889.25,1
2889.75,0
2890.0,1
2892.0,0
2892.25,1
2893.25,0
2893.5,1
2893.75,0
2894.25,1
2897.25,0
2912.25,1
2912.5,0
2912.75,1
2913.25,0
2913.5,1
2914.5,0
2915.0,1
2915.75,0
2916.0,1
2916.75,0
2917.0,1
2917.25,0
2917.5,1
2917.75,0
2918.5,1
2920.25,0
2920.5,1
2921.0,0
2924.0,1
2924.25,0
2925.0,1
2925.25,0
2935.25,1
2936.0,0
2937.25,1
2938.0,0
2938.5,1
2938.75,0
2939.0,1
2939.5,0
2939.75,1
2941.0,0
2941.25,1
2942.0,0
2942.25,1
2945.25,0
2958.25,1
2958.75,0
2960.75,1
2961.25,0
2961.75,1
2962.0,0
2962.25,1
2965.5,0
2965.75,1
2966.75,0
2967.0,1
2968.75,0
2974.0,1
2974.25,0
2982.5,1
2982.75,0
2984.75,1
2985.0,0
2985.5,1
2986.75,0
2987.0,1
2988.75,0
2989.25,1
2992.0,0
2992.25,1
2993.0,0
2993.25,1
2993.5,0
2996.25,1
2996.75,0
3056.25,1
3056.5,0
3056.75,1
3057.25,0
3057.5,1
3058.0,0
3058.25,1
3058.5,0
3058.75,1
3059.0,0
3059.25,1
3060.0,0
3060.75,1
3061.25,0
3061.5,1
3062.25,0
3062.75,1
3063.25,0
3063.75,1
3064.75,0
3065.25,1
3065.75,0
3071.0,1
3071.25,0
3081.0,1
3084.5,0
3084.75,1
3085.25,0
3085.5,1
3087.75,0
3088.75,1
3089.25,0
3089.5,1
3089.75,0
3091.75,1
3092.0,0
3092.75,1
3093.0,0
3094.0,1
3094.25,0
3102.75,1
3103.0,0
3103.25,1
3103.5,0
3105.5,1
3105.75,0
3106.0,1
3112.75,0
3116.5,1
3116.75,0
3117.25,1
3117.5,0
3126.75,1
3127.0,0
3127.25,1
3127.5,0
3128.25,1
3129.0,0
3129.25,1
3131.5,0
3131.75,1
3132.75,0
3133.0,1
3133.75,0
3134.0,1
3134.75,0
3135.0,1
3136.75,0
3137.0,1
3137.25,0
3140.0,1
3140.25,0
3153.0,1
3153.25,0
3153.5,1
3154.0,0
3154.25,1
3155.25,0
3155.5,1
3155.75,0
3156.0,1
3156.25,0
3156.5,1
3158.0,0
3158.25,1
3160.25,0
3160.5,1
3161.0,0
3225.0,1
3227.75,0
3228.5,1
3229.5,0
3229.75,1
3230.25,0
3230.5,1
3230.75,0
3231.0,1
3231.75,0
3232.0,1
3232.75,0
3233.0,1
3233.25,0
3237.0,1
3237.25,0
3247.0,1
3247.5,0
3248.75,1
3249.0,0
3249.25,1
3249.75,0
3250.0,1
3250.5,0
3251.25,1
3253.25,0
3253.75,1
3257.0,0
3261.0,1
3261.25,0
3261.5,1
3261.75,0
3271.0,1
3271.25,0
3273.0,1
3273.25,0
3273.5,1
3274.5,0
3274.75,1
3275.25,0
3275.5,1
3275.75,0
3276.0,1
3277.25,0
3277.75,1
3278.0,0
3278.25,1
3280.0,0
3280.5,1
3280.75,0
3281.0,1
3281.25,0
3286.0,1
3286.25,0
3297.0,1
3297.75,0
3298.0,1
3298.5,0
3298.75,1
3300.5,0
3300.75,1
3301.25,0
3301.5,1
3304.25,0
3304.5,1
3304.75,0
3305.25,1
3305.75,0
3309.0,1
3309.25,0
3317.75,1
3318.0,0
3318.25,1
3318.5,0
3320.0,1
3320.25,0
3321.0,1
3321.5,0
3321.75,1
3323.5,0
3323.75,1
3324.25,0
3324.75,1
3326.0,0
3326.25,1
3327.0,0
3327.25,1
3327.5,0
3327.75,1
3328.5,0
3328.75,1
3329.0,0
3391.5,1
3391.75,0
3392.75,1
3394.5,0
3394.75,1
3395.25,0
3395.5,1
3396.25,0
3396.75,1
3397.25,0
3397.5,1
3398.0,0
3398.25,1
3398.5,0
3399.0,1
3400.5,0
3401.75,1
3402.0,0
3415.25,1
3415.5,0
3415.75,1
3416.0,0
3417.0,1
3417.25,0
3417.5,1
3419.25,0
3419.5,1
3421.25,0
3421.75,1
3423.0,0
3423.25,1
3424.25,0
3424.5,1
3425.25,0
3441.0,1
3441.25,0
3441.5,1
3442.5,0
3443.0,1
3444.0,0
3444.25,1
3444.75,0
3445.0,1
3445.75,0
3446.75,1
3447.5,0
3447.75,1
3448.0,0
3448.25,1
3448.75,0
3449.25,1
3449.5,0
3462.25,1
3462.5,0
3462.75,1
3463.0,0
3465.75,1
3467.0,0
3467.25,1
3467.5,0
3468.0,1
3468.25,0
3468.75,1
3469.75,0
3470.0,1
3471.25,0
3471.5,1
3472.0,0
3472.25,1
3472.75,0
3473.25,1
3473.5,0
3487.25,1
3487.75,0
3489.0,1
3490.75,0
3491.0,1
3493.0,0
3493.25,1
3494.5,0
3495.25,1
3496.0,0
3497.25,1
3497.5,0
3498.0,1
3498.25,0
3501.25,1
3501.5,0
3558.25,1
3558.5,0
3560.75,1
3562.25,0
3562.5,1
3564.0,0
3564.5,1
3567.25,0
3568.5,1
3569.0,0
3569.25,1
3569.75,0
3609.25,1
3610.5,0
3610.75,1
3612.0,0
3612.25,1
3614.25,0
3614.75,1
3615.5,0
3615.75,1
3616.0,0
3616.25,1
3616.75,0
3620.0,1
3620.25,0
3622.25,1
3622.5,0
3630.75,1
3631.0,0
3633.0,1
3633.25,0
3633.5,1
3633.75,0
3634.0,1
3636.0,0
3636.25,1
3638.25,0
3638.5,1
3638.75,0
3639.25,1
3640.5,0
3657.0,1
3657.5,0
3657.75,1
3658.25,0
3658.5,1
3659.25,0
3659.5,1
3661.5,0
3662.0,1
3663.75,0
3664.0,1
3664.25,0
3664.5,1
3665.0,0
3665.75,1
3666.0,0
3669.0,1
3669.25,0
3726.25,1
3726.5,0
3728.0,1
3728.25,0
3728.75,1
3729.0,0
3729.25,1
3732.5,0
3732.75,1
3733.25,0
3733.75,1
3734.75,0
3735.0,1
3737.25,0
3750.0,1
3750.25,0
3753.25,1
3754.5,0
3754.75,1
3755.5,0
3755.75,1
3757.25,0
3757.5,1
3759.25,0
3759.5,1
3760.5,0
3760.75,1
3761.5,0
3764.5,1
3764.75,0
3776.75,1
3777.0,0
3777.75,1
3778.25,0
3778.5,1
3779.0,0
3779.5,1
3780.5,0
3780.75,1
3781.25,0
3781.75,1
3782.25,0
3782.5,1
3783.25,0
3783.5,1
3784.0,0
3784.25,1
3784.75,0
3785.0,1
3785.5,0
3799.0,1
3799.5,0
3800.75,1
3801.25,0
3801.5,1
3802.0,0
3802.25,1
3802.75,0
3803.25,1
3805.0,0
3805.25,1
3805.75,0
3806.0,1
3806.75,0
3807.0,1
3809.25,0
3825.0,1
3825.25,0
3825.75,1
3826.0,0
3826.25,1
3829.5,0
3829.75,1
3830.0,0
3830.25,1
3831.0,0
3831.25,1
3831.5,0
3831.75,1
3833.0,0
3833.75,1
3834.0,0
3897.25,1
3900.5,0
3901.0,1
3901.25,0
3901.5,1
3902.25,0
3902.5,1
3903.0,0
3903.25,1
3903.75,0
3904.0,1
3905.0,0
3909.5,1
3909.75,0
3920.75,1
3921.0,0
3921.25,1
3921.75,0
3922.25,1
3924.0,0
3924.25,1
3924.5,0
3924.75,1
3925.0,0
3925.25,1
3926.0,0
3926.25,1
3928.25,0
3928.75,1
3929.0,0
3945.0,1
3946.25,0
3946.5,1
3947.25,0
3947.5,1
3949.75,0
3950.0,1
3950.5,0
3951.25,1
3951.5,0
3952.0,1
3952.5,0
3952.75,1
3953.5,0
3956.0,1
3956.25,0
3967.25,1
3967.75,0
3969.25,1
3971.75,0
3972.0,1
3972.75,0
3973.0,1
3973.5,0
3973.75,1
3974.0,0
3974.5,1
3974.75,0
3975.5,1
3975.75,0
3976.0,1
3976.5,0
3977.5,1
3977.75,0
3992.75,1
3993.0,0
3993.5,1
3994.75,0
3995.0,1
3999.75,0
4000.0,1
4000.25,0
4000.5,1
4001.25,0
4062.75,1
4063.0,0
4064.5,1
4064.75,0
4065.5,1
4066.0,0
4066.25,1
4066.5,0
4066.75,1
4067.25,0
4067.5,1
4068.25,0
4068.5,1
4069.0,0
4069.25,1
4070.0,0
4070.75,1
4071.5,0
4071.75,1
4072.75,0
4073.0,1
4073.25,0
4076.75,1
4077.0,0
4085.75,1
4086.0,0
4087.75,1
4088.0,0
4088.75,1
4089.0,0
4089.5,1
4089.75,0
4090.0,1
4090.25,0
4090.5,1
4092.0,0
4092.25,1
4093.5,0
4093.75,1
4094.0,0
4094.25,1
4097.0,0
4097.25,1
4097.5,0
4110.0,1
4110.25,0
4111.0,1
4111.5,0
4113.25,1
4113.75,0
4114.0,1
4115.0,0
4115.25,1
4116.25,0
4116.5,1
4118.25,0
4118.5,1
4119.25,0
4119.5,1
4121.25,0
4125.5,1
4125.75,0
4134.25,1
4135.0,0
4135.5,1
4135.75,0
4137.25,1
4139.0,0
4139.5,1
4140.0,0
4140.25,1
4141.0,0
4141.25,1
4142.25,0
4142.5,1
4145.0,0
4145.25,1
4145.5,0
4148.0,1
4148.25,0
4148.5,1
4148.75,0
4157.0,1
4157.25,0
4160.75,1
4161.0,0
4161.25,1
4161.5,0
4161.75,1
4162.25,0
4163.0,1
4165.5,0
4165.75,1
4166.75,0
4167.25,1
4168.5,0
4168.75,1
4169.25,0
4232.5,1
4232.75,0
4233.0,1
4233.25,0
4233.5,1
4234.0,0
4234.25,1
4236.5,0
4237.0,1
4237.25,0
4237.5,1
4237.75,0
4238.0,1
4238.5,0
4238.75,1
4239.5,0
4239.75,1
4240.75,0
4241.0,1
4241.5,0
4256.75,1
4257.0,0
4257.25,1
4259.25,0
4259.75,1
4261.25,0
4261.75,1
4262.0,0
4262.25,1
4262.75,0
4263.25,1
4264.25,0
4264.5,1
4265.25,0
4265.75,1
4266.0,0
4269.5,1
4269.75,0
4278.25,1
4278.5,0
4280.75,1
4281.25,0
4281.5,1
4283.75,0
4284.0,1
4284.25,0
4284.5,1
4287.25,0
4287.5,1
4288.0,0
4288.25,1
4288.75,0
4289.25,1
4289.5,0
4302.75,1
4303.25,0
4304.75,1
4307.25,0
4307.5,1
4308.5,0
4308.75,1
4311.0,0
4311.25,1
4312.5,0
4312.75,1
4313.25,0
4326.25,1
4326.5,0
4329.25,1
4330.0,0
4330.25,1
4331.25,0
4331.5,1
4331.75,0
4332.25,1
4332.75,0
4333.0,1
4333.5,0
4333.75,1
4335.75,0
4336.0,1
4337.0,0
4401.0,1
4404.0,0
4404.25,1
4406.25,0
4406.5,1
4407.0,0
4407.25,1
4409.0,0
4409.75,1
4410.0,0
4446.5,1
4446.75,0
4448.5,1
4448.75,0
4449.5,1
4449.75,0
4450.0,1
4450.25,0
4450.5,1
4451.25,0
4451.5,1
4452.5,0
4452.75,1
4453.0,0
4453.25,1
4453.75,0
4454.0,1
4455.0,0
4455.25,1
4456.75,0
4460.25,1
4460.75,0
4471.0,1
4471.25,0
4472.75,1
4473.0,0
4473.25,1
4476.75,0
4477.25,1
4477.75,0
4478.0,1
4479.5,0
4479.75,1
4481.5,0
4481.75,1
4482.0,0
4494.75,1
4495.0,0
4495.75,1
4496.0,0
4496.5,1
4498.0,0
4498.25,1
4498.5,0
4498.75,1
4499.5,0
4499.75,1
4500.25,0
4500.75,1
4501.0,0
4501.25,1
4502.0,0
4502.5,1
4504.0,0
4504.5,1
4505.5,0
4509.75,1
4510.0,0
4569.25,1
4570.75,0
4571.0,1
4571.25,0
4571.75,1
4573.75,0
4574.0,1
4574.25,0
4574.5,1
4575.75,0
4576.25,1
4576.5,0
4577.0,1
4577.25,0
4577.75,1
4578.0,0
4580.5,1
4580.75,0
4581.5,1
4581.75,0
4591.0,1
4591.25,0
4592.5,1
4593.0,0
4593.5,1
4593.75,0
4594.0,1
4597.75,0
4598.0,1
4598.25,0
4598.5,1
4599.5,0
4599.75,1
4601.0,0
4601.25,1
4601.5,0
4604.25,1
4604.5,0
4604.75,1
4605.0,0
4617.25,1
4617.5,0
4617.75,1
4618.0,0
4618.25,1
4618.5,0
4618.75,1
4619.75,0
4620.25,1
4622.0,0
4622.25,1
4625.25,0
4638.25,1
4638.5,0
4640.0,1
4640.25,0
4641.0,1
4641.5,0
4642.0,1
4645.75,0
4646.0,1
4646.5,0
4646.75,1
4647.0,0
4647.25,1
4648.75,0
4663.0,1
4663.25,0
4664.5,1
4664.75,0
4665.25,1
4666.5,0
4666.75,1
4672.25,0
4672.5,1
4672.75,0
4737.25,1
4738.75,0
4739.0,1
4739.25,0
4739.75,1
4740.0,0
4740.5,1
4742.0,0
4742.5,1
4745.25,0
4745.5,1
4745.75,0
4758.5,1
4758.75,0
4759.5,1
4759.75,0
4761.25,1
4763.0,0
4763.5,1
4765.0,0
4765.25,1
4765.75,0
4766.0,1
4767.5,0
4767.75,1
4768.25,0
4768.5,1
4768.75,0
4784.75,1
4786.25,0
4786.5,1
4786.75,0
4787.5,1
4789.0,0
4789.25,1
4791.75,0
4792.25,1
4792.75,0
4806.0,1
4806.25,0
4808.0,1
4808.25,0
4809.25,1
4810.0,0
4810.25,1
4812.5,0
4813.25,1
4813.75,0
4814.0,1
4815.0,0
4815.25,1
4815.75,0
4816.0,1
4816.25,0
4817.0,1
4817.25,0
4817.5,1
4817.75,0
4821.25,1
4821.5,0
4830.25,1
4830.5,0
4833.0,1
4833.5,0
4834.0,1
4834.25,0
4834.5,1
4836.0,0
4836.5,1
4836.75,0
4837.0,1
4837.75,0
4838.0,1
4838.75,0
4839.25,1
4839.5,0
4840.0,1
4841.0,0
4844.5,1
4844.75,0
4845.25,1
4845.5,0
4904.0,1
4904.75,0
4905.0,1
4905.25,0
4905.75,1
4906.5,0
4906.75,1
4907.75,0
4908.0,1
4909.25,0
4909.75,1
4910.0,0
4910.25,1
4911.0,0
4911.25,1
4912.75,0
4927.0,1
4927.25,0
4928.75,1
4929.25,0
4929.5,1
4929.75,0
4930.0,1
4931.0,0
4931.25,1
4931.5,0
4931.75,1
4932.25,0
4932.5,1
4932.75,0
4933.0,1
4935.0,0
4935.25,1
4936.0,0
4950.5,1
4950.75,0
4951.5,1
4951.75,0
4953.0,1
4954.25,0
4954.5,1
4954.75,0
4955.0,1
4955.25,0
4955.5,1
4959.0,0
4959.25,1
4960.5,0
4961.0,1
4961.25,0
4966.5,1
4966.75,0
4976.75,1
4979.5,0
4980.0,1
4981.25,0
4981.5,1
4982.5,0
4982.75,1
4985.0,0
4988.0,1
4988.25,0
5000.75,1
5001.0,0
5001.25,1
5004.75,0
5005.0,1
5006.25,0
5006.75,1
5009.0,0
5012.5,1
5012.75,0
5072.25,1
5072.5,0
5073.25,1
5074.25,0
5074.5,1
5077.25,0
5077.5,1
5078.25,0
5078.5,1
5079.0,0
5079.25,1
5080.25,0
5080.5,1
5080.75,0
5081.0,1
5081.25,0
5083.5,1
5083.75,0
5085.5,1
5085.75,0
5095.5,1
5095.75,0
5097.25,1
5098.5,0
5098.75,1
5099.5,0
5099.75,1
5100.75,0
5101.0,1
5101.5,0
5101.75,1
5104.0,0
5104.5,1
5105.25,0
5105.5,1
5105.75,0
5108.75,1
5109.0,0
5110.75,1
5111.0,0
5119.0,1
5119.25,0
5120.75,1
5121.0,0
5121.5,1
5123.0,0
5123.25,1
5125.25,0
5125.75,1
5126.0,0
5126.5,1
5128.25,0
5128.5,1
5129.25,0
5131.75,1
5132.25,0
5144.75,1
5145.5,0
5145.75,1
5146.25,0
5146.5,1
5147.25,0
5147.5,1
5148.0,0
5148.5,1
5152.75,0
5166.0,1
5166.25,0
5167.75,1
5168.0,0
5168.5,1
5169.75,0
5170.0,1
5171.0,0
5171.5,1
5172.75,0
5173.0,1
5173.5,0
5173.75,1
5174.0,0
5174.5,1
5176.0,0
5176.25,1
5177.0,0
5241.0,1
5241.75,0
5242.25,1
5245.0,0
5245.25,1
5246.5,0
5247.0,1
5248.5,0
5249.0,1
5249.25,0
5264.5,1
5264.75,0
5265.25,1
5265.5,0
5265.75,1
5266.25,0
5266.5,1
5267.0,0
5267.25,1
5267.75,0
5268.0,1
5269.25,0
5269.5,1
5270.75,0
5271.0,1
5271.25,0
5271.5,1
5273.0,0
5275.0,1
5275.25,0
5288.75,1
5289.5,0
5289.75,1
5291.25,0
5291.5,1
5292.25,0
5292.5,1
5293.25,0
5294.0,1
5294.25,0
5294.5,1
5295.5,0
5295.75,1
5297.5,0
5297.75,1
5298.0,0
5301.5,1
5301.75,0
5310.75,1
5311.0,0
5313.5,1
5316.0,0
5316.75,1
5320.25,0
5320.5,1
5321.5,0
5335.75,1
5336.25,0
5336.5,1
5338.75,0
5339.0,1
5341.0,0
5341.75,1
5342.0,0
5342.25,1
5342.5,0
5342.75,1
5344.0,0
5344.25,1
5345.0,0
5345.25,1
5345.5,0
5408.0,1
5408.25,0
5408.5,1
5408.75,0
5409.0,1
5409.75,0
5410.25,1
5412.5,0
5412.75,1
5413.0,0
5413.25,1
5413.5,0
5413.75,1
5414.5,0
5414.75,1
5415.0,0
5415.25,1
5417.25,0
5417.5,1
5417.75,0
5432.0,1
5432.25,0
5433.0,1
5434.0,0
5434.25,1
5434.5,0
5434.75,1
5436.0,0
5436.5,1
5437.0,0
5437.25,1
5438.0,0
5438.25,1
5438.75,0
5439.25,1
5439.5,0
5439.75,1
5441.0,0
5455.5,1
5456.0,0
5457.0,1
5458.25,0
5458.5,1
5459.0,0
5459.25,1
5460.25,0
5460.5,1
5463.25,0
5464.5,1
5465.25,0
5480.0,1
5480.25,0
5481.0,1
5481.5,0
5481.75,1
5483.5,0
5484.25,1
5484.5,0
5484.75,1
5485.0,0
5485.5,1
5485.75,0
5486.0,1
5487.0,0
5487.5,1
5488.0,0
5488.25,1
5489.0,0
5492.75,1
5493.0,0
5493.25,1
5493.5,0
5494.0,1
5494.25,0
5502.75,1
5503.0,0
5504.75,1
5505.0,0
5505.25,1
5507.5,0
5507.75,1
5509.0,0
5509.25,1
5509.5,0
5509.75,1
5510.0,0
5510.5,1
5512.5,0
5512.75,1
5513.25,0
5516.75,1
5517.0,0
5517.25,1
5517.5,0
5576.5,1
5577.0,0
5577.5,1
5578.5,0
5578.75,1
5579.0,0
5579.25,1
5580.25,0
5580.5,1
5580.75,0
5581.25,1
5582.25,0
5582.5,1
5583.0,0
5583.25,1
5584.25,0
5585.0,1
5585.5,0
5600.0,1
5600.75,0
5601.25,1
5604.5,0
5604.75,1
5605.25,0
5605.75,1
5606.5,0
5607.0,1
5607.25,0
5607.5,1
5609.0,0
5609.25,1
5609.5,0
5623.5,1
5623.75,0
5625.0,1
5625.25,0
5625.5,1
5626.25,0
5626.5,1
5627.0,0
5627.25,1
5628.0,0
5628.5,1
5629.25,0
5629.5,1
5630.5,0
5630.75,1
5632.25,0
5646.25,1
5646.5,0
5648.5,1
5652.0,0
5652.25,1
5654.0,0
5654.25,1
5655.0,0
5655.25,1
5658.0,0
5669.5,1
5669.75,0
5673.5,1
5674.0,0
5674.25,1
5676.0,0
5676.25,1
5677.25,0
5677.5,1
5678.0,0
5678.25,1
5678.5,0
5678.75,1
5679.5,0
5679.75,1
5680.0,0
5680.25,1
5681.75,0
5682.0,1
5682.25,0
5741.5,1
5742.0,0
5742.25,1
5742.5,0
5744.75,1
5745.25,0
5745.5,1
5748.5,0
5748.75,1
5751.0,0
5751.25,1
5751.5,0
5751.75,1
5753.25,0
5755.25,1
5755.5,0
5768.0,1
5768.25,0
5769.0,1
5769.75,0
5770.25,1
5770.5,0
5770.75,1
5771.25,0
5771.5,1
5772.0,0
5772.25,1
5774.0,0
5774.25,1
5775.75,0
5776.5,1
5777.0,0
5791.25,1
5791.5,0
5793.0,1
5793.25,0
5794.0,1
5794.5,0
5794.75,1
5795.5,0
5795.75,1
5796.5,0
5796.75,1
5797.25,0
5798.0,1
5798.75,0
5799.0,1
5799.5,0
5800.0,1
5800.25,0
5800.5,1
5800.75,0
5804.75,1
5805.0,0
5815.0,1
5815.25,0
5817.0,1
5817.25,0
5817.5,1
5819.75,0
5820.25,1
5822.0,0
5822.25,1
5822.75,0
5823.0,1
5823.25,0
5823.5,1
5823.75,0
5824.0,1
5824.5,0
5825.0,1
5825.25,0
5825.5,1
5825.75,0
5826.25,1
5826.5,0
5838.5,1
5839.0,0
5840.5,1
5841.75,0
5842.25,1
5844.25,0
5844.75,1
5845.25,0
5846.0,1
5846.5,0
5846.75,1
5847.0,0
5847.25,1
5849.0,0
5855.0,1
5855.25,0
5908.75,1
5909.0,0
5910.0,1
5910.5,0
5912.0,1
5912.5,0
5913.25,1
5913.75,0
5914.25,1
5915.0,0
5915.25,1
5916.25,0
5916.5,1
5916.75,0
5918.25,1
5920.0,0
5920.25,1
5921.25,0
5959.25,1
5959.5,0
5960.5,1
5960.75,0
5961.25,1
5962.0,0
5962.25,1
5963.75,0
5964.25,1
5965.0,0
5965.25,1
5965.75,0
5966.25,1
5966.5,0
5966.75,1
5968.0,0
5968.25,1
5968.75,0
5969.0,1
5969.5,0
5982.75,1
5983.5,0
5983.75,1
5984.0,0
5984.75,1
5985.25,0
5985.5,1
5986.5,0
5986.75,1
5988.5,0
5988.75,1
5990.25,0
5990.5,1
5991.5,0
5991.75,1
5992.75,0
5993.25,1
5993.5,0
6006.5,1
6006.75,0
6009.0,1
6010.75,0
6011.0,1
6012.0,0
6012.25,1
6013.75,0
6014.0,1
6014.25,0
6014.5,1
6015.0,0
6015.75,1
6017.0,0
6022.0,1
6022.25,0
6080.25,1
6081.0,0
6081.5,1
6082.5,0
6082.75,1
6083.25,0
6083.5,1
6084.25,0
6084.5,1
6085.5,0
6086.25,1
6089.25,0
6103.75,1
6104.25,0
6104.75,1
6105.0,0
6105.5,1
6107.0,0
6107.25,1
6107.5,0
6107.75,1
6109.5,0
6109.75,1
6110.25,0
6110.75,1
6111.25,0
6111.5,1
6112.5,0
6113.0,1
6113.25,0
6127.75,1
6128.0,0
6129.5,1
6130.5,0
6130.75,1
6131.5,0
6131.75,1
6132.75,0
6133.75,1
6134.0,0
6134.25,1
6134.5,0
6134.75,1
6135.5,0
6135.75,1
6137.25,0
6150.25,1
6150.5,0
6152.0,1
6152.25,0
6152.5,1
6153.25,0
6153.75,1
6155.5,0
6155.75,1
6157.5,0
6158.25,1
6158.75,0
6159.0,1
6161.25,0
6176.75,1
6178.0,0
6178.25,1
6179.5,0
6179.75,1
6180.25,0
6180.5,1
6180.75,0
6181.0,1
6181.5,0
6182.0,1
6184.75,0
6189.0,1
6189.25,0
6246.5,1
6247.0,0
6248.5,1
6248.75,0
6249.25,1
6249.75,0
6250.0,1
6252.25,0
6252.5,1
6252.75,0
6253.0,1
6253.25,0
6253.5,1
6253.75,0
6254.0,1
6254.25,0
6254.5,1
6256.75,0
6257.25,1
6257.5,0
6270.75,1
6271.0,0
6271.75,1
6272.0,0
6272.75,1
6273.5,0
6273.75,1
6275.25,0
6275.5,1
6276.75,0
6277.0,1
6277.5,0
6277.75,1
6279.0,0
6279.25,1
6280.0,0
6280.25,1
6281.5,0
6295.0,1
6295.25,0
6296.5,1
6296.75,0
6297.0,1
6297.5,0
6298.0,1
6298.25,0
6298.5,1
6299.5,0
6299.75,1
6300.0,0
6300.25,1
6301.75,0
6302.0,1
6304.25,0
6304.5,1
6305.25,0
6318.75,1
6319.25,0
6319.75,1
6320.0,0
6320.75,1
6322.0,0
6322.25,1
6322.75,0
6323.0,1
6326.0,0
6326.5,1
6328.0,0
6328.25,1
6328.5,0
6342.25,1
6342.5,0
6343.0,1
6343.25,0
6343.5,1
6343.75,0
6344.0,1
6344.25,0
6345.0,1
6345.5,0
6346.0,1
6347.0,0
6347.75,1
6348.0,0
6348.25,1
6348.75,0
6349.0,1
6349.25,0
6349.5,1
6352.75,0
6353.0,1
6353.25,0
6417.5,1
6419.5,0
6419.75,1
6420.0,0
6420.25,1
6422.25,0
6422.5,1
6422.75,0
6423.0,1
6424.25,0
6424.5,1
6425.5,0
6439.25,1
6439.5,0
6440.5,1
6440.75,0
6441.25,1
6441.5,0
6442.0,1
6442.25,0
6442.5,1
6444.25,0
6444.5,1
6446.0,0
6446.5,1
6447.0,0
6447.25,1
6448.0,0
6448.25,1
6449.5,0
6453.0,1
6453.25,0
6462.0,1
6462.25,0
6464.75,1
6465.0,0
6465.25,1
6466.0,0
6466.25,1
6467.0,0
6467.25,1
6468.5,0
6468.75,1
6469.75,0
6470.0,1
6471.0,0
6471.25,1
6471.5,0
6471.75,1
6473.0,0
6477.0,1
6477.25,0
6488.5,1
6488.75,0
6489.0,1
6489.25,0
6489.5,1
6490.0,0
6490.25,1
6493.75,0
6494.0,1
6495.5,0
6495.75,1
6496.5,0
6496.75,1
6497.0,0
6502.75,1
6503.0,0
6509.75,1
6510.0,0
6513.5,1
6514.5,0
6514.75,1
6515.0,0
6515.25,1
6517.5,0
6518.25,1
6518.75,0
6519.25,1
6521.0,0
6521.75,1
6522.0,0
6582.25,1
6582.5,0
6583.25,1
6583.5,0
6584.25,1
6584.5,0
6584.75,1
6585.25,0
6585.5,1
6586.25,0
6586.5,1
6586.75,0
6587.0,1
6587.25,0
6587.5,1
6587.75,0
6588.0,1
6588.5,0
6588.75,1
6591.25,0
6591.75,1
6592.0,0
6592.25,1
6593.25,0
6608.25,1
6608.5,0
6609.0,1
6609.25,0
6609.5,1
6609.75,0
6610.0,1
6610.5,0
6610.75,1
6611.0,0
6611.25,1
6611.75,0
6612.0,1
6616.5,0
6616.75,1
6617.25,0
6620.75,1
6621.0,0
6631.5,1
6631.75,0
6632.25,1
6632.5,0
6633.25,1
6634.25,0
6634.75,1
6635.25,0
6635.5,1
6637.25,0
6637.5,1
6638.75,0
6639.0,1
6639.25,0
6639.5,1
6641.5,0
6645.25,1
6645.5,0
6657.5,1
6658.75,0
6659.25,1
6659.5,0
6659.75,1
6660.75,0
6661.0,1
6661.25,0
6661.5,1
6661.75,0
6662.25,1
6662.5,0
6662.75,1
6665.25,0
6665.5,1
6665.75,0
6678.75,1
6679.5,0
6681.25,1
6682.25,0
6682.5,1
6684.5,0
6685.0,1
6686.0,0
6686.25,1
6687.5,0
6687.75,1
6688.5,0
6688.75,1
6689.25,0
6691.25,1
6691.5,0
6750.75,1
6751.0,0
6751.75,1
6752.0,0
6752.75,1
6753.0,0
6753.25,1
6753.75,0
6754.0,1
6754.25,0
6754.75,1
6757.0,0
6757.25,1
6758.0,0
6758.25,1
6761.25,0
6799.25,1
6799.5,0
6801.0,1
6802.5,0
6802.75,1
6804.0,0
6804.25,1
6805.0,0
6805.5,1
6806.25,0
6806.5,1
6807.0,0
6807.25,1
6809.0,0
6812.0,1
6812.25,0
6813.25,1
6813.5,0
6823.0,1
6823.25,0
6824.25,1
6824.5,0
6825.5,1
6826.25,0
6826.5,1
6827.5,0
6827.75,1
6828.0,0
6828.25,1
6828.5,0
6828.75,1
6829.5,0
6829.75,1
6830.0,0
6830.25,1
6830.5,0
6831.0,1
6833.5,0
6849.25,1
6849.5,0
6849.75,1
6850.25,0
6850.5,1
6852.0,0
6852.25,1
6852.75,0
6853.0,1
6855.0,0
6855.5,1
6856.25,0
6856.5,1
6857.0,0
6857.25,1
6857.5,0
6861.75,1
6862.0,0
6918.75,1
6919.0,0
6919.25,1
6919.5,0
6920.5,1
6921.0,0
6921.75,1
6923.0,0
6923.25,1
6925.0,0
6925.25,1
6925.5,0
6925.75,1
6927.75,0
6928.0,1
6929.25,0
6932.25,1
6932.5,0
6944.75,1
6945.0,0
6945.75,1
6946.75,0
6947.0,1
6947.5,0
6947.75,1
6949.5,0
6949.75,1
6950.25,0
6951.5,1
6953.0,0
6953.5,1
6953.75,0
6957.75,1
6958.0,0
6967.25,1
6967.5,0
6968.75,1
6970.75,0
6971.0,1
6973.0,0
6973.5,1
6973.75,0
6974.0,1
6974.5,0
6974.75,1
6976.25,0
6976.5,1
6977.0,0
6981.0,1
6981.25,0
6991.25,1
6991.5,0
6991.75,1
6992.0,0
6992.75,1
6993.0,0
6993.25,1
6994.25,0
6994.5,1
6994.75,0
6995.0,1
6997.75,0
6998.25,1
6998.75,0
6999.5,1
7000.75,0
7001.0,1
7001.25,0
7001.5,1
7001.75,0
7016.75,1
7017.75,0
7018.25,1
7018.5,0
7018.75,1
7019.0,0
7019.5,1
7019.75,0
7020.0,1
7021.0,0
7021.25,1
7021.5,0
7021.75,1
7025.25,0
7025.75,1
7026.0,0
7086.75,1
7087.0,0
7089.25,1
7089.75,0
7090.0,1
7093.75,0
7094.0,1
7094.5,0
7094.75,1
7095.25,0
7095.5,1
7096.0,0
7096.25,1
7097.0,0
7097.25,1
7097.5,0
7110.5,1
7110.75,0
7113.0,1
7113.5,0
7114.0,1
7115.25,0
7115.5,1
7117.5,0
7117.75,1
7118.25,0
7118.5,1
7118.75,0
7119.0,1
7121.25,0
7136.75,1
7137.25,0
7137.5,1
7139.5,0
7139.75,1
7140.25,0
7140.5,1
7141.0,0
7141.25,1
7142.75,0
7143.0,1
7144.5,0
7145.25,1
7145.5,0
7149.5,1
7149.75,0
7161.0,1
7162.5,0
7162.75,1
7163.0,0
7163.25,1
7163.75,0
7164.0,1
7167.0,0
7167.5,1
7167.75,0
7168.25,1
7168.5,0
7169.0,1
7169.25,0
7184.25,1
7184.5,0
7184.75,1
7185.0,0
7185.25,1
7185.5,0
7185.75,1
7187.25,0
7187.5,1
7188.75,0
7189.25,1
7189.75,0
7190.0,1
7190.25,0
7190.5,1
7192.0,0
7192.25,1
7192.75,0
7193.0,1
7193.25,0
7254.0,1
7254.25,0
7254.5,1
7254.75,0
7256.5,1
7257.0,0
7257.25,1
7257.5,0
7257.75,1
7259.5,0
7260.0,1
7261.5,0
7262.0,1
7262.25,0
7262.5,1
7262.75,0
7263.0,1
7263.25,0
7263.5,1
7264.75,0
7265.25,1
7265.75,0
7268.75,1
7269.0,0
7278.75,1
7279.0,0
7279.5,1
7279.75,0
7280.75,1
7281.0,0
7281.25,1
7284.0,0
7284.25,1
7285.0,0
7285.25,1
7287.75,0
7288.25,1
7288.5,0
7288.75,1
7289.0,0
7289.25,1
7289.5,0
7303.75,1
7304.0,0
7304.25,1
7305.0,0
7305.25,1
7305.5,0
7305.75,1
7306.0,0
7306.25,1
7307.5,0
7307.75,1
7308.25,0
7308.75,1
7309.25,0
7309.5,1
7310.25,0
7311.0,1
7311.5,0
7311.75,1
7312.5,0
7312.75,1
7313.5,0
7326.25,1
7326.75,0
7327.0,1
7327.25,0
7328.75,1
7331.75,0
7332.0,1
7333.75,0
7334.0,1
7334.25,0
7334.5,1
7335.0,0
7335.25,1
7335.5,0
7335.75,1
7336.0,0
7336.25,1
7337.0,0
7340.25,1
7340.5,0
7351.75,1
7352.0,0
7353.0,1
7353.25,0
7353.5,1
7356.5,0
7357.0,1
7358.5,0
7358.75,1
7359.25,0
7359.5,1
7361.25,0
7365.0,1
7365.25,0
7423.75,1
7424.25,0
7424.5,1
7424.75,0
7425.25,1
7425.75,0
7426.25,1
7429.25,0
7430.0,1
7431.25,0
7431.5,1
7432.5,0
7432.75,1
7433.5,0
7436.25,1
7436.75,0
7448.25,1
7448.5,0
7449.0,1
7452.25,0
7452.5,1
7453.25,0
7453.5,1
7454.25,0
7455.25,1
7457.0,0
7460.5,1
7460.75,0
7471.0,1
7471.75,0
7472.25,1
7472.5,0
7473.25,1
7474.75,0
7475.25,1
7475.5,0
7476.0,1
7476.75,0
7477.0,1
7478.5,0
7478.75,1
7480.0,0
7480.25,1
7481.25,0
7494.0,1
7494.25,0
7496.75,1
7497.5,0
7497.75,1
7498.0,0
7498.25,1
7498.75,0
7499.25,1
7499.75,0
7500.0,1
7501.0,0
7501.25,1
7501.5,0
7501.75,1
7502.25,0
7502.5,1
7503.25,0
7503.5,1
7503.75,0
7504.25,1
7504.75,0
7509.25,1
7509.5,0
7518.0,1
7518.25,0
7518.5,1
7518.75,0
7520.0,1
7520.25,0
7521.25,1
7521.75,0
7522.0,1
7522.25,0
7523.0,1
7524.5,0
7524.75,1
7525.0,0
7525.25,1
7529.0,0
7591.75,1
7592.0,0
7592.75,1
7593.25,0
7593.5,1
7595.5,0
7595.75,1
7596.5,0
7596.75,1
7598.25,0
7598.75,1
7599.75,0
7600.0,1
7600.25,0
7600.5,1
7601.25,0
7614.25,1
7614.5,0
7616.5,1
7616.75,0
7617.0,1
7617.75,0
7618.0,1
7620.0,0
7620.25,1
7620.5,0
7620.75,1
7621.0,0
7621.25,1
7622.25,0
7622.5,1
7623.5,0
7624.0,1
7625.0,0
7628.5,1
7629.0,0
7629.5,1
7629.75,0
7632.25,1
7632.5,0
7641.25,1
7641.75,0
7642.5,1
7643.75,0
7644.0,1
7644.5,0
7644.75,1
7646.25,0
7646.5,1
7647.0,0
7647.25,1
7647.75,0
7648.0,1
7648.75,0
7649.0,1
7649.25,0
7649.5,1
7649.75,0
7652.0,1
7652.25,0
7664.25,1
7664.5,0
7666.0,1
7667.5,0
7667.75,1
7668.5,0
7668.75,1
7670.25,0
7670.5,1
7673.75,0
7678.0,1
7678.25,0
7686.25,1
7686.5,0
7687.75,1
7688.0,0
7688.25,1
7688.5,0
7689.75,1
7692.25,0
7692.5,1
7693.25,0
7693.5,1
7694.5,0
7694.75,1
7695.5,0
7695.75,1
7696.25,0
7696.5,1
7696.75,0
7700.0,1
7700.25,0
7757.75,1
7758.0,0
7758.5,1
7758.75,0
7759.75,1
7760.0,0
7760.5,1
7760.75,0
7761.25,1
7761.5,0
7761.75,1
7764.25,0
7764.5,1
7764.75,0
7765.0,1
7766.0,0
7766.5,1
7767.75,0
7768.0,1
7768.5,0
7768.75,1
7769.0,0
7769.5,1
7769.75,0
7772.5,1
7772.75,0
7783.0,1
7783.5,0
7784.75,1
7785.0,0
7785.5,1
7788.5,0
7788.75,1
7791.0,0
7791.25,1
7791.5,0
7791.75,1
7792.25,0
7792.5,1
7792.75,0
7793.0,1
7793.5,0
7796.25,1
7796.5,0
7807.75,1
7808.0,0
7808.25,1
7808.5,0
7809.5,1
7809.75,0
7810.0,1
7812.75,0
7813.0,1
7815.5,0
7815.75,1
7816.0,0
7816.25,1
7816.5,0
7821.75,1
7822.0,0
7822.75,1
7823.0,0
7830.5,1
7830.75,0
7831.5,1
7831.75,0
7833.25,1
7833.75,0
7834.0,1
7834.25,0
7834.5,1
7836.0,0
7836.25,1
7840.75,0
7841.25,1
7841.5,0
7926.0,1
7926.25,0
7926.75,1
7927.0,0
7927.25,1
7927.75,0
7928.5,1
7928.75,0
7929.0,1
7929.5,0
7929.75,1
7930.25,0
7930.75,1
7931.25,0
7931.5,1
7932.75,0
7933.0,1
7933.75,0
7934.0,1
7934.25,0
7934.5,1
7936.5,0
7936.75,1
7937.0,0
7950.0,1
7950.25,0
7952.25,1
7953.0,0
7953.5,1
7954.0,0
7954.5,1
7956.25,0
7956.5,1
7958.25,0
7958.75,1
7961.25,0
7961.75,1
7962.0,0
7965.75,1
7966.0,0
7977.25,1
7978.0,0
7978.25,1
7978.75,0
7979.25,1
7980.75,0
7981.0,1
7981.75,0
7982.0,1
7985.0,0
7985.5,1
7985.75,0
7998.75,1
7999.0,0
8000.75,1
8001.0,0
8001.25,1
8004.0,0
8004.25,1
8005.0,0
8005.25,1
8007.0,0
8007.5,1
8008.25,0
8008.5,1
8009.0,0
8012.5,1
8012.75,0
8022.25,1
8022.5,0
8022.75,1
8023.0,0
8025.25,1
8026.0,0
8026.5,1
8026.75,0
8027.0,1
8027.75,0
8028.0,1
8028.5,0
8029.25,1
8033.75,0
8038.5,1
8038.75,0
8094.25,1
8094.5,0
8096.75,1
8097.0,0
8097.75,1
8099.75,0
8100.0,1
8101.0,0
8101.25,1
8101.5,0
8102.0,1
8103.0,0
8103.25,1
8105.0,0
8108.75,1
8109.0,0
8118.25,1
8118.5,0
8119.25,1
8119.5,0
8120.5,1
8121.75,0
8122.0,1
8123.75,0
8124.0,1
8124.25,0
8124.75,1
8125.25,0
8125.5,1
8126.5,0
8126.75,1
8128.0,0
8128.5,1
8128.75,0
8129.0,1
8129.25,0
8144.5,1
8144.75,0
8145.25,1
8145.5,0
8145.75,1
8146.0,0
8146.5,1
8149.0,0
8149.25,1
8149.75,0
8150.25,1
8150.75,0
8151.0,1
8151.25,0
8151.5,1
8152.25,0
8152.5,1
8153.5,0
8166.75,1
8167.0,0
8168.5,1
8168.75,0
8169.0,1
8170.75,0
8171.25,1
8173.25,0
8173.5,1
8173.75,0
8174.5,1
8175.5,0
8175.75,1
8176.0,0
8176.25,1
8176.75,0
8177.25,1
8177.5,0
8182.0,1
8182.25,0
8192.75,1
8195.25,0
8195.5,1
8197.25,0
8197.5,1
8200.75,0
8201.0,1
8201.25,0
8263.5,1
8263.75,0
8265.25,1
8268.0,0
8268.25,1
8269.0,0
8269.25,1
8270.25,0
8270.5,1
8271.0,0
8271.25,1
8273.0,0
8273.5,1
8273.75,0
8287.75,1
8288.25,0
8288.5,1
8292.5,0
8292.75,1
8294.25,0
8294.5,1
8294.75,0
8295.0,1
8295.75,0
8296.5,1
8297.0,0
8300.5,1
8300.75,0
8313.25,1
8316.0,0
8316.5,1
8317.5,0
8318.0,1
8318.5,0
8318.75,1
8319.0,0
8319.25,1
8320.75,0
8333.75,1
8334.0,0
8334.5,1
8334.75,0
8335.5,1
8335.75,0
8336.5,1
8338.0,0
8338.5,1
8340.25,0
8340.5,1
8341.0,0
8341.5,1
8341.75,0
8342.0,1
8344.5,0
8344.75,1
8345.25,0
8345.5,1
8345.75,0
8349.75,1
8350.0,0
8360.25,1
8360.5,0
8360.75,1
8361.0,0
8361.25,1
8362.5,0
8362.75,1
8363.5,0
8363.75,1
8365.0,0
8365.25,1
8365.5,0
8365.75,1
8369.0,0
8372.75,1
8373.25,0
8430.5,1
8430.75,0
8432.5,1
8433.0,0
8433.25,1
8433.75,0
8434.0,1
8434.25,0
8434.5,1
8435.0,0
8435.25,1
8438.25,0
8438.5,1
8441.0,0
8457.75,1
8458.0,0
8458.5,1
8459.0,0
8459.25,1
8460.0,0
8460.25,1
8460.75,0
8461.5,1
8461.75,0
8462.0,1
8463.0,0
8463.25,1
8464.0,0
8464.5,1
8465.25,0
8468.75,1
8469.0,0
8478.25,1
8478.5,0
8480.75,1
8481.25,0
8481.5,1
8483.5,0
8483.75,1
8485.25,0
8485.75,1
8489.0,0
8492.75,1
8493.0,0
8504.25,1
8504.5,0
8504.75,1
8505.0,0
8505.5,1
8506.5,0
8506.75,1
8507.0,0
8507.25,1
8509.25,0
8509.75,1
8510.25,0
8510.75,1
8512.75,0
8513.0,1
8513.25,0
8517.25,1
8517.5,0
8525.75,1
8526.0,0
8528.25,1
8529.0,0
8529.25,1
8530.25,0
8530.5,1
8530.75,0
8531.0,1
8532.25,0
8532.5,1
8532.75,0
8533.0,1
8533.75,0
8534.0,1
8535.0,0
8535.25,1
8535.5,0
8535.75,1
8536.25,0
8536.5,1
8536.75,0
8537.0,1
8537.25,0
8623.0,1
8623.25,0
8623.75,1
8624.0,0
8625.75,1
8628.0,0
8628.25,1
8628.75,0
8629.5,1
8630.25,0
8630.5,1
8631.25,0
8631.5,1
8632.5,0
8633.0,1
8633.5,0
8633.75,1
8634.0,0
8646.25,1
8646.5,0
8647.25,1
8647.5,0
8647.75,1
8648.0,0
8648.5,1
8648.75,0
8649.25,1
8650.0,0
8650.25,1
8650.5,0
8650.75,1
8651.25,0
8651.5,1
8652.0,0
8652.25,1
8652.5,0
8652.75,1
8653.5,0
8654.0,1
8654.25,0
8654.5,1
8655.5,0
8656.0,1
8656.75,0
8657.5,1
8657.75,0
8672.75,1
8673.0,0
8673.25,1
8674.0,0
8674.25,1
8676.25,0
8676.5,1
8677.0,0
8677.25,1
8679.0,0
8679.25,1
8680.25,0
8681.0,1
8681.25,0
8694.0,1
8694.25,0
8695.0,1
8695.25,0
8696.75,1
8697.0,0
8697.5,1
8700.0,0
8700.75,1
8701.25,0
8701.5,1
8703.25,0
8703.5,1
8704.5,0
8704.75,1
8705.0,0

float Room-201 (4353,2)
0.0,0
31.5,1
32.0,0
32.25,1
32.5,0
33.5,1
34.75,0
35.0,1
36.75,0
37.0,1
37.25,0
37.5,1
38.0,0
38.25,1
40.75,0
41.0,1
41.25,0
41.5,1
41.75,0
57.75,1
58.25,0
58.5,1
60.0,0
60.5,1
60.75,0
61.0,1
63.25,0
63.5,1
63.75,0
64.25,1
65.0,0
77.75,1
78.0,0
79.0,1
79.5,0
80.5,1
81.0,0
81.25,1
82.5,0
82.75,1
88.0,0
88.25,1
89.5,0
104.75,1
108.75,0
109.5,1
112.75,0
113.25,1
113.75,0
114.0,1
114.25,0
125.75,1
126.0,0
128.25,1
128.75,0
129.5,1
129.75,0
130.0,1
131.0,0
131.25,1
132.25,0
132.5,1
132.75,0
133.25,1
136.25,0
136.5,1
137.25,0
141.5,1
142.0,0
200.75,1
201.0,0
201.25,1
202.25,0
202.5,1
204.25,0
204.5,1
205.25,0
205.5,1
205.75,0
206.25,1
209.0,0
213.75,1
214.0,0
221.75,1
222.0,0
223.0,1
223.25,0
224.0,1
224.25,0
225.0,1
225.5,0
226.5,1
228.0,0
228.25,1
228.75,0
229.25,1
229.5,0
229.75,1
230.0,0
230.25,1
230.5,0
231.0,1
231.5,0
231.75,1
233.5,0
247.5,1
247.75,0
248.75,1
249.0,0
249.25,1
250.5,0
250.75,1
251.25,0
251.75,1
253.25,0
253.5,1
255.25,0
255.75,1
256.5,0
256.75,1
257.25,0
260.5,1
260.75,0
269.5,1
269.75,0
270.5,1
271.0,0
271.25,1
271.75,0
272.75,1
273.0,0
273.5,1
274.75,0
275.0,1
276.75,0
277.0,1
277.25,0
277.75,1
278.0,0
278.25,1
279.0,0
279.25,1
280.25,0
280.5,1
280.75,0
297.25,1
298.25,0
298.5,1
299.75,0
300.0,1
301.25,0
301.75,1
303.0,0
303.25,1
304.5,0
306.0,1
306.25,0
307.5,1
307.75,0
368.75,1
369.25,0
369.5,1
371.75,0
372.0,1
372.25,0
372.5,1
373.5,0
374.0,1
374.75,0
375.25,1
376.0,0
376.25,1
376.5,0
376.75,1
377.0,0
390.5,1
390.75,0
392.5,1
393.75,0
394.0,1
395.0,0
395.5,1
396.25,0
396.5,1
397.0,0
397.25,1
398.0,0
398.25,1
399.75,0
400.0,1
400.5,0
400.75,1
401.0,0
401.25,1
401.5,0
401.75,1
402.0,0
404.25,1
404.5,0
441.0,1
442.75,0
443.0,1
444.0,0
444.25,1
446.5,0
446.75,1
448.0,0
448.25,1
448.75,0
449.0,1
449.25,0
465.25,1
465.5,0
465.75,1
468.5,0
469.0,1
471.75,0
472.0,1
472.5,0
472.75,1
473.0,0
477.25,1
477.5,0
533.5,1
533.75,0
535.5,1
535.75,0
537.75,1
538.25,0
538.5,1
539.25,0
539.5,1
540.25,0
540.5,1
541.25,0
542.0,1
542.5,0
542.75,1
543.25,0
543.5,1
544.75,0
545.5,1
545.75,0
550.0,1
550.25,0
560.75,1
561.0,0
561.25,1
561.5,0
561.75,1
562.75,0
563.25,1
563.75,0
564.0,1
564.5,0
564.75,1
565.0,0
565.5,1
567.0,0
567.5,1
568.0,0
568.25,1
569.5,0
584.5,1
584.75,0
585.25,1
585.75,0
586.0,1
586.75,0
587.25,1
587.75,0
588.5,1
588.75,0
589.0,1
589.25,0
589.5,1
591.75,0
592.0,1
592.75,0
593.0,1
593.25,0
597.25,1
597.5,0
598.25,1
598.5,0
609.0,1
609.25,0
609.75,1
610.0,0
610.25,1
610.5,0
611.0,1
611.5,0
611.75,1
612.5,0
612.75,1
615.0,0
615.25,1
615.5,0
615.75,1
616.0,0
616.25,1
617.25,0
620.5,1
620.75,0
633.0,1
634.25,0
635.5,1
635.75,0
636.0,1
636.75,0
637.0,1
639.75,0
640.0,1
640.5,0
640.75,1
641.25,0
704.5,1
705.0,0
705.5,1
707.0,0
707.25,1
708.5,0
709.0,1
709.25,0
709.5,1
712.0,0
712.5,1
713.0,0
726.5,1
727.0,0
728.0,1
728.25,0
728.75,1
729.0,0
729.25,1
729.75,0
730.0,1
730.5,0
731.0,1
732.25,0
732.5,1
733.5,0
733.75,1
734.0,0
734.25,1
734.5,0
734.75,1
735.5,0
735.75,1
736.25,0
737.0,1
737.25,0
750.5,1
750.75,0
752.75,1
755.75,0
756.0,1
756.75,0
757.25,1
760.0,0
760.25,1
761.5,0
775.5,1
775.75,0
777.25,1
777.75,0
778.0,1
778.75,0
779.0,1
779.25,0
779.5,1
780.5,0
780.75,1
781.5,0
781.75,1
782.5,0
782.75,1
783.25,0
783.75,1
784.5,0
784.75,1
785.0,0
785.25,1
785.5,0
789.0,1
789.75,0
798.0,1
798.25,0
798.75,1
799.0,0
800.25,1
800.5,0
801.0,1
801.25,0
801.5,1
802.5,0
802.75,1
803.5,0
803.75,1
804.25,0
804.75,1
805.75,0
806.25,1
807.0,0
807.25,1
807.5,0
807.75,1
809.0,0
870.5,1
871.25,0
872.75,1
874.5,0
874.75,1
875.25,0
875.5,1
877.0,0
877.25,1
877.5,0
878.0,1
878.5,0
878.75,1
879.0,0
879.5,1
880.25,0
881.0,1
881.5,0
881.75,1
882.0,0
895.75,1
896.0,0
897.0,1
897.25,0
897.5,1
897.75,0
898.0,1
898.5,0
898.75,1
900.0,0
900.25,1
900.75,0
901.25,1
901.75,0
902.0,1
903.25,0
903.5,1
903.75,0
904.0,1
904.75,0
919.25,1
919.75,0
920.75,1
921.0,0
921.5,1
924.75,0
925.0,1
925.25,0
925.75,1
926.75,0
927.0,1
927.75,0
928.5,1
929.0,0
929.25,1
929.5,0
932.5,1
932.75,0
933.0,1
933.25,0
943.5,1
943.75,0
944.25,1
944.5,0
944.75,1
945.0,0
945.75,1
946.0,0
946.25,1
946.75,0
947.0,1
947.75,0
948.5,1
949.25,0
949.5,1
949.75,0
950.0,1
950.75,0
951.0,1
952.0,0
952.25,1
952.5,0
952.75,1
953.25,0
955.25,1
955.5,0
966.25,1
966.75,0
969.0,1
970.0,0
970.25,1
971.5,0
971.75,1
973.0,0
973.25,1
975.0,0
975.5,1
976.5,0
977.0,1
977.5,0
1040.25,1
1040.5,0
1041.5,1
1043.0,0
1043.25,1
1044.25,0
1044.5,1
1045.25,0
1045.5,1
1045.75,0
1046.0,1
1047.0,0
1047.5,1
1049.0,0
1049.25,1
1049.5,0
1052.75,1
1053.0,0
1053.5,1
1053.75,0
1062.25,1
1062.5,0
1064.75,1
1065.5,0
1065.75,1
1066.25,0
1066.5,1
1068.0,0
1068.5,1
1072.25,0
1072.75,1
1073.25,0
1110.0,1
1110.25,0
1111.25,1
1111.5,0
1112.5,1
1113.0,0
1113.25,1
1115.75,0
1116.5,1
1117.5,0
1117.75,1
1119.0,0
1119.5,1
1120.0,0
1120.25,1
1121.0,0
1121.5,1
1121.75,0
1125.25,1
1125.75,0
1127.0,1
1127.25,0
1134.25,1
1134.5,0
1134.75,1
1135.0,0
1136.25,1
1136.5,0
1136.75,1
1137.5,0
1137.75,1
1139.0,0
1139.5,1
1141.0,0
1141.75,1
1142.5,0
1143.0,1
1143.25,0
1143.5,1
1144.25,0
1144.5,1
1145.25,0
1145.5,1
1145.75,0
1149.5,1
1150.0,0
1206.0,1
1206.25,0
1208.5,1
1208.75,0
1209.0,1
1209.25,0
1209.5,1
1210.5,0
1210.75,1
1213.0,0
1213.25,1
1214.0,0
1214.25,1
1214.5,0
1214.75,1
1216.75,0
1217.0,1
1217.25,0
1219.5,1
1219.75,0
1220.25,1
1220.5,0
1231.25,1
1231.5,0
1232.25,1
1232.75,0
1233.0,1
1233.25,0
1233.5,1
1233.75,0
1234.0,1
1234.25,0
1234.5,1
1235.5,0
1235.75,1
1237.5,0
1238.25,1
1239.0,0
1239.25,1
1240.5,0
1256.0,1
1256.25,0
1256.5,1
1256.75,0
1257.0,1
1258.75,0
1259.0,1
1259.75,0
1260.0,1
1260.25,0
1260.5,1
1261.0,0
1261.5,1
1262.75,0
1263.0,1
1264.0,0
1264.25,1
1264.5,0
1278.75,1
1279.0,0
1279.75,1
1280.0,0
1281.0,1
1281.5,0
1281.75,1
1284.75,0
1285.25,1
1285.75,0
1286.25,1
1287.5,0
1287.75,1
1288.75,0
1291.5,1
1291.75,0
1304.75,1
1308.25,0
1308.5,1
1310.0,0
1310.25,1
1312.0,0
1312.5,1
1313.0,0
1313.5,1
1313.75,0
1316.75,1
1317.0,0
1376.75,1
1377.0,0
1377.25,1
1377.75,0
1378.0,1
1379.5,0
1379.75,1
1381.25,0
1382.0,1
1383.5,0
1383.75,1
1384.5,0
1384.75,1
1385.0,0
1389.25,1
1389.5,0
1390.25,1
1390.5,0
1398.5,1
1398.75,0
1400.75,1
1401.0,0
1401.25,1
1401.5,0
1402.25,1
1402.75,0
1403.0,1
1404.0,0
1404.25,1
1405.25,0
1406.0,1
1406.5,0
1406.75,1
1407.75,0
1408.0,1
1408.75,0
1409.25,1
1409.5,0
1412.75,1
1413.0,0
1422.0,1
1422.25,0
1422.75,1
1423.0,0
1423.25,1
1423.5,0
1424.75,1
1426.75,0
1427.0,1
1427.5,0
1427.75,1
1428.0,0
1428.25,1
1428.75,0
1429.0,1
1431.75,0
1432.0,1
1432.25,0
1432.5,1
1432.75,0
1446.5,1
1447.0,0
1447.5,1
1447.75,0
1448.5,1
1449.25,0
1449.5,1
1450.25,0
1450.75,1
1451.25,0
1451.5,1
1452.0,0
1452.25,1
1453.0,0
1453.25,1
1454.5,0
1454.75,1
1455.0,0
1455.25,1
1455.5,0
1455.75,1
1456.0,0
1456.25,1
1456.75,0
1457.0,1
1457.75,0
1461.5,1
1461.75,0
1469.5,1
1469.75,0
1472.5,1
1472.75,0
1473.5,1
1474.0,0
1474.5,1
1475.75,0
1476.0,1
1480.25,0
1480.5,1
1481.25,0
1543.75,1
1544.0,0
1544.75,1
1546.75,0
1547.0,1
1547.5,0
1547.75,1
1548.0,0
1548.25,1
1548.75,0
1549.25,1
1550.0,0
1550.25,1
1552.75,0
1553.25,1
1553.5,0
1559.25,1
1559.5,0
1566.75,1
1567.0,0
1569.0,1
1569.75,0
1570.0,1
1570.75,0
1571.0,1
1572.0,0
1572.25,1
1573.75,0
1574.0,1
1574.75,0
1575.0,1
1575.25,0
1575.75,1
1577.5,0
1592.75,1
1593.5,0
1593.75,1
1595.25,0
1595.5,1
1598.0,0
1598.25,1
1599.0,0
1599.25,1
1600.25,0
1600.5,1
1601.0,0
1614.0,1
1614.25,0
1615.0,1
1615.25,0
1615.75,1
1616.0,0
1617.0,1
1617.25,0
1617.5,1
1617.75,0
1618.0,1
1621.25,0
1621.5,1
1622.0,0
1622.25,1
1622.75,0
1623.0,1
1624.0,0
1624.25,1
1624.5,0
1624.75,1
1625.25,0
1628.25,1
1628.5,0
1639.0,1
1639.25,0
1639.75,1
1640.0,0
1641.25,1
1642.75,0
1643.0,1
1643.25,0
1643.5,1
1643.75,0
1644.0,1
1645.5,0
1646.0,1
1647.0,0
1647.25,1
1648.5,0
1712.75,1
1713.0,0
1713.5,1
1714.25,0
1714.5,1
1715.75,0
1716.25,1
1718.0,0
1718.25,1
1718.75,0
1719.0,1
1719.25,0
1719.5,1
1720.75,0
1721.5,1
1721.75,0
1723.75,1
1724.0,0
1733.75,1
1734.0,0
1734.5,1
1735.0,0
1736.5,1
1736.75,0
1737.5,1
1738.0,0
1738.25,1
1738.5,0
1738.75,1
1739.5,0
1739.75,1
1741.5,0
1742.0,1
1743.0,0
1743.25,1
1744.0,0
1744.25,1
1745.75,0
1761.0,1
1761.25,0
1762.0,1
1763.75,0
1764.0,1
1765.25,0
1765.75,1
1766.75,0
1767.0,1
1769.25,0
1782.75,1
1783.0,0
1783.5,1
1784.0,0
1784.5,1
1784.75,0
1785.0,1
1785.25,0
1785.5,1
1785.75,0
1786.0,1
1787.25,0
1787.5,1
1787.75,0
1788.0,1
1788.5,0
1788.75,1
1789.5,0
1789.75,1
1790.0,0
1790.25,1
1790.75,0
1791.0,1
1792.25,0
1792.5,1
1793.0,0
1793.5,1
1793.75,0
1797.0,1
1797.25,0
1808.5,1
1810.5,0
1810.75,1
1811.25,0
1811.75,1
1813.75,0
1814.0,1
1814.5,0
1814.75,1
1815.5,0
1815.75,1
1817.25,0
1879.75,1
1880.0,0
1880.25,1
1880.5,0
1881.25,1
1882.25,0
1882.5,1
1882.75,0
1883.0,1
1883.25,0
1883.75,1
1884.25,0
1884.5,1
1886.0,0
1886.25,1
1888.25,0
1889.0,1
1889.25,0
1893.25,1
1893.5,0
1894.75,1
1895.0,0
1904.75,1
1905.0,0
1905.25,1
1906.5,0
1907.0,1
1907.25,0
1907.5,1
1908.0,0
1908.75,1
1910.25,0
1910.5,1
1911.25,0
1911.5,1
1912.25,0
1912.5,1
1913.5,0
1926.0,1
1926.25,0
1927.5,1
1927.75,0
1929.25,1
1930.25,0
1930.5,1
1932.25,0
1932.5,1
1933.0,0
1933.25,1
1934.25,0
1934.75,1
1937.0,0
1937.25,1
1937.5,0
1939.75,1
1940.0,0
1951.5,1
1951.75,0
1952.5,1
1954.5,0
1954.75,1
1955.25,0
1955.5,1
1956.5,0
1956.75,1
1959.75,0
1960.25,1
1961.5,0
1975.0,1
1975.75,0
1977.0,1
1978.25,0
1978.5,1
1979.0,0
1979.25,1
1980.0,0
1980.25,1
1983.0,0
1983.25,1
1984.25,0
1984.5,1
1985.5,0
1988.75,1
1989.0,0
1989.25,1
1989.5,0
2046.25,1
2046.5,0
2048.25,1
2048.5,0
2049.25,1
2053.5,0
2053.75,1
2054.0,0
2054.25,1
2055.75,0
2056.0,1
2056.25,0
2056.5,1
2056.75,0
2057.0,1
2057.25,0
2060.0,1
2060.25,0
2073.0,1
2076.25,0
2076.5,1
2077.25,0
2077.75,1
2080.0,0
2080.25,1
2081.25,0
2095.0,1
2095.25,0
2096.5,1
2096.75,0
2097.25,1
2097.5,0
2097.75,1
2098.5,0
2098.75,1
2103.0,0
2103.5,1
2103.75,0
2104.0,1
2104.75,0
2105.0,1
2105.25,0
2108.75,1
2109.0,0
2118.5,1
2118.75,0
2122.25,1
2124.5,0
2125.5,1
2126.5,0
2126.75,1
2127.0,0
2127.25,1
2128.75,0
2129.0,1
2129.25,0
2133.5,1
2133.75,0
2142.5,1
2142.75,0
2143.5,1
2143.75,0
2144.5,1
2144.75,0
2145.25,1
2145.75,0
2146.0,1
2146.25,0
2146.5,1
2147.5,0
2147.75,1
2148.0,0
2148.25,1
2148.75,0
2149.0,1
2149.25,0
2149.75,1
2150.5,0
2150.75,1
2151.0,0
2151.25,1
2152.0,0
2152.25,1
2152.5,0
2152.75,1
2153.25,0
2156.75,1
2157.0,0
2214.25,1
2214.5,0
2215.75,1
2216.0,0
2216.75,1
2217.25,0
2218.0,1
2218.75,0
2219.0,1
2220.0,0
2220.25,1
2220.5,0
2221.0,1
2221.5,0
2221.75,1
2223.5,0
2223.75,1
2225.25,0
2226.75,1
2227.0,0
2228.75,1
2229.0,0
2240.0,1
2240.25,0
2240.75,1
2241.5,0
2241.75,1
2242.75,0
2243.0,1
2249.5,0
2265.25,1
2266.0,0
2266.25,1
2266.5,0
2266.75,1
2267.0,0
2267.5,1
2267.75,0
2268.0,1
2269.75,0
2270.0,1
2270.25,0
2270.5,1
2272.25,0
2272.5,1
2272.75,0
2285.75,1
2286.0,0
2288.75,1
2289.25,0
2289.75,1
2292.0,0
2292.25,1
2293.0,0
2293.25,1
2293.75,0
2294.0,1
2294.25,0
2294.5,1
2294.75,0
2295.5,1
2295.75,0
2296.0,1
2296.25,0
2296.5,1
2297.0,0
2302.0,1
2302.25,0
2311.25,1
2311.5,0
2312.25,1
2312.75,0
2313.0,1
2313.25,0
2313.5,1
2315.0,0
2315.25,1
2315.75,0
2316.0,1
2316.5,0
2316.75,1
2317.0,0
2317.25,1
2320.25,0
2320.5,1
2320.75,0
2321.0,1
2321.25,0
2382.25,1
2382.5,0
2384.75,1
2385.0,0
2385.25,1
2386.0,0
2386.25,1
2386.5,0
2387.0,1
2387.25,0
2387.5,1
2388.25,0
2388.5,1
2389.0,0
2389.25,1
2390.0,0
2390.25,1
2390.75,0
2391.0,1
2391.5,0
2391.75,1
2393.25,0
2396.5,1
2396.75,0
2405.5,1
2405.75,0
2406.5,1
2407.0,0
2408.0,1
2408.25,0
2409.5,1
2412.5,0
2412.75,1
2413.0,0
2413.25,1
2413.5,0
2413.75,1
2415.25,0
2415.5,1
2416.0,0
2416.25,1
2416.75,0
2417.0,1
2417.25,0
2417.5,1
2417.75,0
2419.75,1
2420.0,0
2421.75,1
2422.0,0
2430.5,1
2430.75,0
2431.5,1
2431.75,0
2432.25,1
2432.75,0
2433.0,1
2433.5,0
2433.75,1
2436.25,0
2436.5,1
2437.0,0
2437.5,1
2438.75,0
2439.75,1
2441.25,0
2456.5,1
2457.0,0
2457.5,1
2458.0,0
2458.25,1
2460.0,0
2460.25,1
2460.75,0
2461.0,1
2464.25,0
2464.5,1
2465.0,0
2465.25,1
2465.5,0
2468.75,1
2469.0,0
2479.25,1
2479.5,0
2480.5,1
2481.25,0
2481.5,1
2482.0,0
2482.25,1
2484.25,0
2484.5,1
2485.0,0
2485.25,1
2487.0,0
2487.25,1
2488.0,0
2488.25,1
2489.25,0
2550.0,1
2550.25,0
2552.25,1
2552.5,0
2552.75,1
2553.0,0
2553.25,1
2553.5,0
2554.0,1
2558.75,0
2559.0,1
2560.0,0
2560.25,1
2560.75,0
2564.5,1
2564.75,0
2574.0,1
2574.25,0
2574.5,1
2574.75,0
2577.25,1
2577.75,0
2578.0,1
2578.5,0
2578.75,1
2579.75,0
2580.25,1
2580.5,0
2580.75,1
2581.25,0
2581.5,1
2582.0,0
2582.25,1
2584.0,0
2584.25,1
2585.0,0
2598.25,1
2598.5,0
2598.75,1
2599.25,0
2601.0,1
2601.5,0
2601.75,1
2605.25,0
2605.5,1
2605.75,0
2606.25,1
2606.5,0
2606.75,1
2607.75,0
2608.0,1
2608.5,0
2608.75,1
2609.25,0
2622.5,1
2622.75,0
2623.25,1
2623.75,0
2624.0,1
2624.25,0
2625.0,1
2625.5,0
2626.0,1
2627.75,0
2628.5,1
2628.75,0
2629.0,1
2630.75,0
2631.0,1
2632.0,0
2632.25,1
2633.25,0
2638.0,1
2638.25,0
2646.0,1
2646.25,0
2648.0,1
2648.25,0
2648.5,1
2649.0,0
2649.25,1
2651.0,0
2651.25,1
2651.75,0
2652.25,1
2654.5,0
2655.0,1
2656.75,0
2657.0,1
2657.25,0
2661.5,1
2661.75,0
2718.0,1
2718.25,0
2720.0,1
2720.25,0
2720.5,1
2720.75,0
2721.25,1
2724.0,0
2724.25,1
2725.75,0
2726.5,1
2727.0,0
2727.25,1
2729.0,0
2729.25,1
2729.5,0
2743.0,1
2743.25,0
2744.25,1
2744.5,0
2745.0,1
2745.25,0
2745.5,1
2745.75,0
2746.25,1
2746.5,0
2746.75,1
2747.5,0
2748.0,1
2748.25,0
2748.5,1
2749.0,0
2749.25,1
2749.5,0
2749.75,1
2751.5,0
2751.75,1
2752.75,0
2753.0,1
2753.25,0
2759.0,1
2759.25,0
2765.75,1
2766.0,0
2766.25,1
2766.5,0
2769.25,1
2771.25,0
2771.5,1
2773.0,0
2773.25,1
2775.0,0
2775.5,1
2777.0,0
2777.25,1
2777.5,0
2792.75,1
2793.0,0
2793.25,1
2793.75,0
2794.0,1
2794.25,0
2794.5,1
2796.5,0
2796.75,1
2797.25,0
2797.5,1
2799.25,0
2799.75,1
2801.0,0
2805.75,1
2806.0,0
2816.25,1
2816.5,0
2817.5,1
2818.0,0
2818.25,1
2819.75,0
2820.0,1
2820.25,0
2820.5,1
2820.75,0
2821.0,1
2821.5,0
2822.25,1
2823.75,0
2824.0,1
2825.25,0
2887.75,1
2888.0,0
2889.25,1
2889.75,0
2890.0,1
2892.0,0
2892.25,1
2893.25,0
2893.5,1
2893.75,0
2894.25,1
2897.25,0
2912.25,1
2912.5,0
2912.75,1
2913.25,0
2913.5,1
2914.5,0
2915.0,1
2915.75,0
2916.0,1
2916.75,0
2917.0,1
2917.25,0
2917.5,1
2917.75,0
2918.5,1
2920.25,0
2920.5,1
2921.0,0
2924.0,1
2924.25,0
2925.0,1
2925.25,0
2935.25,1
2936.0,0
2937.25,1
2938.0,0
2938.5,1
2938.75,0
2939.0,1
2939.5,0
2939.75,1
2941.0,0
2941.25,1
2942.0,0
2942.25,1
2945.25,0
2958.25,1
2958.75,0
2960.75,1
2961.25,0
2961.75,1
2962.0,0
2962.25,1
2965.5,0
2965.75,1
2966.75,0
2967.0,1
2968.75,0
2974.0,1
2974.25,0
2982.5,1
2982.75,0
2984.75,1
2985.0,0
2985.5,1
2986.75,0
2987.0,1
2988.75,0
2989.25,1
2992.0,0
2992.25,1
2993.0,0
2993.25,1
2993.5,0
2996.25,1
2996.75,0
3056.25,1
3056.5,0
3056.75,1
3057.25,0
3057.5,1
3058.0,0
3058.25,1
3058.5,0
3058.75,1
3059.0,0
3059.25,1
3060.0,0
3060.75,1
3061.25,0
3061.5,1
3062.25,0
3062.75,1
3063.25,0
3063.75,1
3064.75,0
3065.25,1
3065.75,0
3071.0,1
3071.25,0
3081.0,1
3084.5,0
3084.75,1
3085.25,0
3085.5,1
3087.75,0
3088.75,1
3089.25,0
3089.5,1
3089.75,0
3091.75,1
3092.0,0
3092.75,1
3093.0,0
3094.0,1
3094.25,0
3102.75,1
3103.0,0
3103.25,1
3103.5,0
3105.5,1
3105.75,0
3106.0,1
3112.75,0
3116.5,1
3116.75,0
3117.25,1
3117.5,0
3126.75,1
3127.0,0
3127.25,1
3127.5,0
3128.25,1
3129.0,0
3129.25,1
3131.5,0
3131.75,1
3132.75,0
3133.0,1
3133.75,0
3134.0,1
3134.75,0
3135.0,1
3136.75,0
3137.0,1
3137.25,0
3140.0,1
3140.25,0
3153.0,1
3153.25,0
3153.5,1
3154.0,0
3154.25,1
3155.25,0
3155.5,1
3155.75,0
3156.0,1
3156.25,0
3156.5,1
3158.0,0
3158.25,1
3160.25,0
3160.5,1
3161.0,0
3225.0,1
3227.75,0
3228.5,1
3229.5,0
3229.75,1
3230.25,0
3230.5,1
3230.75,0
3231.0,1
3231.75,0
3232.0,1
3232.75,0
3233.0,1
3233.25,0
3237.0,1
3237.25,0
3247.0,1
3247.5,0
3248.75,1
3249.0,0
3249.25,1
3249.75,0
3250.0,1
3250.5,0
3251.25,1
3253.25,0
3253.75,1
3257.0,0
3261.0,1
3261.25,0
3261.5,1
3261.75,0
3271.0,1
3271.25,0
3273.0,1
3273.25,0
3273.5,1
3274.5,0
3274.75,1
3275.25,0
3275.5,1
3275.75,0
3276.0,1
3277.25,0
3277.75,1
3278.0,0
3278.25,1
3280.0,0
3280.5,1
3280.75,0
3281.0,1
3281.25,0
3286.0,1
3286.25,0
3297.0,1
3297.75,0
3298.0,1
3298.5,0
3298.75,1
3300.5,0
3300.75,1
3301.25,0
3301.5,1
3304.25,0
3304.5,1
3304.75,0
3305.25,1
3305.75,0
3309.0,1
3309.25,0
3317.75,1
3318.0,0
3318.25,1
3318.5,0
3320.0,1
3320.25,0
3321.0,1
3321.5,0
3321.75,1
3323.5,0
3323.75,1
3324.25,0
3324.75,1
3326.0,0
3326.25,1
3327.0,0
3327.25,1
3327.5,0
3327.75,1
3328.5,0
3328.75,1
3329.0,0
3391.5,1
3391.75,0
3392.75,1
3394.5,0
3394.75,1
3395.25,0
3395.5,1
3396.25,0
3396.75,1
3397.25,0
3397.5,1
3398.0,0
3398.25,1
3398.5,0
3399.0,1
3400.5,0
3401.75,1
3402.0,0
3415.25,1
3415.5,0
3415.75,1
3416.0,0
3417.0,1
3417.25,0
3417.5,1
3419.25,0
3419.5,1
3421.25,0
3421.75,1
3423.0,0
3423.25,1
3424.25,0
3424.5,1
3425.25,0
3441.0,1
3441.25,0
3441.5,1
3442.5,0
3443.0,1
3444.0,0
3444.25,1
3444.75,0
3445.0,1
3445.75,0
3446.75,1
3447.5,0
3447.75,1
3448.0,0
3448.25,1
3448.75,0
3449.25,1
3449.5,0
3462.25,1
3462.5,0
3462.75,1
3463.0,0
3465.75,1
3467.0,0
3467.25,1
3467.5,0
3468.0,1
3468.25,0
3468.75,1
3469.75,0
3470.0,1
3471.25,0
3471.5,1
3472.0,0
3472.25,1
3472.75,0
3473.25,1
3473.5,0
3487.25,1
3487.75,0
3489.0,1
3490.75,0
3491.0,1
3493.0,0
3493.25,1
3494.5,0
3495.25,1
3496.0,0
3497.25,1
3497.5,0
3498.0,1
3498.25,0
3501.25,1
3501.5,0
3558.25,1
3558.5,0
3560.75,1
3562.25,0
3562.5,1
3564.0,0
3564.5,1
3567.25,0
3568.5,1
3569.0,0
3569.25,1
3569.75,0
3609.25,1
3610.5,0
3610.75,1
3612.0,0
3612.25,1
3614.25,0
3614.75,1
3615.5,0
3615.75,1
3616.0,0
3616.25,1
3616.75,0
3620.0,1
3620.25,0
3622.25,1
3622.5,0
3630.75,1
3631.0,0
3633.0,1
3633.25,0
3633.5,1
3633.75,0
3634.0,1
3636.0,0
3636.25,1
3638.25,0
3638.5,1
3638.75,0
3639.25,1
3640.5,0
3657.0,1
3657.5,0
3657.75,1
3658.25,0
3658.5,1
3659.25,0
3659.5,1
3661.5,0
3662.0,1
3663.75,0
3664.0,1
3664.25,0
3664.5,1
3665.0,0
3665.75,1
3666.0,0
3669.0,1
3669.25,0
3726.25,1
3726.5,0
3728.0,1
3728.25,0
3728.75,1
3729.0,0
3729.25,1
3732.5,0
3732.75,1
3733.25,0
3733.75,1
3734.75,0
3735.0,1
3737.25,0
3750.0,1
3750.25,0
3753.25,1
3754.5,0
3754.75,1
3755.5,0
3755.75,1
3757.25,0
3757.5,1
3759.25,0
3759.5,1
3760.5,0
3760.75,1
3761.5,0
3764.5,1
3764.75,0
3776.75,1
3777.0,0
3777.75,1
3778.25,0
3778.5,1
3779.0,0
3779.5,1
3780.5,0
3780.75,1
3781.25,0
3781.75,1
3782.25,0
3782.5,1
3783.25,0
3783.5,1
3784.0,0
3784.25,1
3784.75,0
3785.0,1
3785.5,0
3799.0,1
3799.5,0
3800.75,1
3801.25,0
3801.5,1
3802.0,0
3802.25,1
3802.75,0
3803.25,1
3805.0,0
3805.25,1
3805.75,0
3806.0,1
3806.75,0
3807.0,1
3809.25,0
3825.0,1
3825.25,0
3825.75,1
3826.0,0
3826.25,1
3829.5,0
3829.75,1
3830.0,0
3830.25,1
3831.0,0
3831.25,1
3831.5,0
3831.75,1
3833.0,0
3833.75,1
3834.0,0
3897.25,1
3900.5,0
3901.0,1
3901.25,0
3901.5,1
3902.25,0
3902.5,1
3903.0,0
3903.25,1
3903.75,0
3904.0,1
3905.0,0
3909.5,1
3909.75,0
3920.75,1
3921.0,0
3921.25,1
3921.75,0
3922.25,1
3924.0,0
3924.25,1
3924.5,0
3924.75,1
3925.0,0
3925.25,1
3926.0,0
3926.25,1
3928.25,0
3928.75,1
3929.0,0
3945.0,1
3946.25,0
3946.5,1
3947.25,0
3947.5,1
3949.75,0
3950.0,1
3950.5,0
3951.25,1
3951.5,0
3952.0,1
3952.5,0
3952.75,1
3953.5,0
3956.0,1
3956.25,0
3967.25,1
3967.75,0
3969.25,1
3971.75,0
3972.0,1
3972.75,0
3973.0,1
3973.5,0
3973.75,1
3974.0,0
3974.5,1
3974.75,0
3975.5,1
3975.75,0
3976.0,1
3976.5,0
3977.5,1
3977.75,0
3992.75,1
3993.0,0
3993.5,1
3994.75,0
3995.0,1
3999.75,0
4000.0,1
4000.25,0
4000.5,1
4001.25,0
4062.75,1
4063.0,0
4064.5,1
4064.75,0
4065.5,1
4066.0,0
4066.25,1
4066.5,0
4066.75,1
4067.25,0
4067.5,1
4068.25,0
4068.5,1
4069.0,0
4069.25,1
4070.0,0
4070.75,1
4071.5,0
4071.75,1
4072.75,0
4073.0,1
4073.25,0
4076.75,1
4077.0,0
4085.75,1
4086.0,0
4087.75,1
4088.0,0
4088.75,1
4089.0,0
4089.5,1
4089.75,0
4090.0,1
4090.25,0
4090.5,1
4092.0,0
4092.25,1
4093.5,0
4093.75,1
4094.0,0
4094.25,1
4097.0,0
4097.25,1
4097.5,0
4110.0,1
4110.25,0
4111.0,1
4111.5,0
4113.25,1
4113.75,0
4114.0,1
4115.0,0
4115.25,1
4116.25,0
4116.5,1
4118.25,0
4118.5,1
4119.25,0
4119.5,1
4121.25,0
4125.5,1
4125.75,0
4134.25,1
4135.0,0
4135.5,1
4135.75,0
4137.25,1
4139.0,0
4139.5,1
4140.0,0
4140.25,1
4141.0,0
4141.25,1
4142.25,0
4142.5,1
4145.0,0
4145.25,1
4145.5,0
4148.0,1
4148.25,0
4148.5,1
4148.75,0
4157.0,1
4157.25,0
4160.75,1
4161.0,0
4161.25,1
4161.5,0
4161.75,1
4162.25,0
4163.0,1
4165.5,0
4165.75,1
4166.75,0
4167.25,1
4168.5,0
4168.75,1
4169.25,0
4232.5,1
4232.75,0
4233.0,1
4233.25,0
4233.5,1
4234.0,0
4234.25,1
4236.5,0
4237.0,1
4237.25,0
4237.5,1
4237.75,0
4238.0,1
4238.5,0
4238.75,1
4239.5,0
4239.75,1
4240.75,0
4241.0,1
4241.5,0
4256.75,1
4257.0,0
4257.25,1
4259.25,0
4259.75,1
4261.25,0
4261.75,1
4262.0,0
4262.25,1
4262.75,0
4263.25,1
4264.25,0
4264.5,1
4265.25,0
4265.75,1
4266.0,0
4269.5,1
4269.75,0
4278.25,1
4278.5,0
4280.75,1
4281.25,0
4281.5,1
4283.75,0
4284.0,1
4284.25,0
4284.5,1
4287.25,0
4287.5,1
4288.0,0
4288.25,1
4288.75,0
4289.25,1
4289.5,0
4302.75,1
4303.25,0
4304.75,1
4307.25,0
4307.5,1
4308.5,0
4308.75,1
4311.0,0
4311.25,1
4312.5,0
4312.75,1
4313.25,0
4326.25,1
4326.5,0
4329.25,1
4330.0,0
4330.25,1
4331.25,0
4331.5,1
4331.75,0
4332.25,1
4332.75,0
4333.0,1
4333.5,0
4333.75,1
4335.75,0
4336.0,1
4337.0,0
4401.0,1
4404.0,0
4404.25,1
4406.25,0
4406.5,1
4407.0,0
4407.25,1
4409.0,0
4409.75,1
4410.0,0
4446.5,1
4446.75,0
4448.5,1
4448.75,0
4449.5,1
4449.75,0
4450.0,1
4450.25,0
4450.5,1
4451.25,0
4451.5,1
4452.5,0
4452.75,1
4453.0,0
4453.25,1
4453.75,0
4454.0,1
4455.0,0
4455.25,1
4456.75,0
4460.25,1
4460.75,0
4471.0,1
4471.25,0
4472.75,1
4473.0,0
4473.25,1
4476.75,0
4477.25,1
4477.75,0
4478.0,1
4479.5,0
4479.75,1
4481.5,0
4481.75,1
4482.0,0
4494.75,1
4495.0,0
4495.75,1
4496.0,0
4496.5,1
4498.0,0
4498.25,1
4498.5,0
4498.75,1
4499.5,0
4499.75,1
4500.25,0
4500.75,1
4501.0,0
4501.25,1
4502.0,0
4502.5,1
4504.0,0
4504.5,1
4505.5,0
4509.75,1
4510.0,0
4569.25,1
4570.75,0
4571.0,1
4571.25,0
4571.75,1
4573.75,0
4574.0,1
4574.25,0
4574.5,1
4575.75,0
4576.25,1
4576.5,0
4577.0,1
4577.25,0
4577.75,1
4578.0,0
4580.5,1
4580.75,0
4581.5,1
4581.75,0
4591.0,1
4591.25,0
4592.5,1
4593.0,0
4593.5,1
4593.75,0
4594.0,1
4597.75,0
4598.0,1
4598.25,0
4598.5,1
4599.5,0
4599.75,1
4601.0,0
4601.25,1
4601.5,0
4604.25,1
4604.5,0
4604.75,1
4605.0,0
4617.25,1
4617.5,0
4617.75,1
4618.0,0
4618.25,1
4618.5,0
4618.75,1
4619.75,0
4620.25,1
4622.0,0
4622.25,1
4625.25,0
4638.25,1
4638.5,0
4640.0,1
4640.25,0
4641.0,1
4641.5,0
4642.0,1
4645.75,0
4646.0,1
4646.5,0
4646.75,1
4647.0,0
4647.25,1
4648.75,0
4663.0,1
4663.25,0
4664.5,1
4664.75,0
4665.25,1
4666.5,0
4666.75,1
4672.25,0
4672.5,1
4672.75,0
4737.25,1
4738.75,0
4739.0,1
4739.25,0
4739.75,1
4740.0,0
4740.5,1
4742.0,0
4742.5,1
4745.25,0
4745.5,1
4745.75,0
4758.5,1
4758.75,0
4759.5,1
4759.75,0
4761.25,1
4763.0,0
4763.5,1
4765.0,0
4765.25,1
4765.75,0
4766.0,1
4767.5,0
4767.75,1
4768.25,0
4768.5,1
4768.75,0
4784.75,1
4786.25,0
4786.5,1
4786.75,0
4787.5,1
4789.0,0
4789.25,1
4791.75,0
4792.25,1
4792.75,0
4806.0,1
4806.25,0
4808.0,1
4808.25,0
4809.25,1
4810.0,0
4810.25,1
4812.5,0
4813.25,1
4813.75,0
4814.0,1
4815.0,0
4815.25,1
4815.75,0
4816.0,1
4816.25,0
4817.0,1
4817.25,0
4817.5,1
4817.75,0
4821.25,1
4821.5,0
4830.25,1
4830.5,0
4833.0,1
4833.5,0
4834.0,1
4834.25,0
4834.5,1
4836.0,0
4836.5,1
4836.75,0
4837.0,1
4837.75,0
4838.0,1
4838.75,0
4839.25,1
4839.5,0
4840.0,1
4841.0,0
4844.5,1
4844.75,0
4845.25,1
4845.5,0
4904.0,1
4904.75,0
4905.0,1
4905.25,0
4905.75,1
4906.5,0
4906.75,1
4907.75,0
4908.0,1
4909.25,0
4909.75,1
4910.0,0
4910.25,1
4911.0,0
4911.25,1
4912.75,0
4927.0,1
4927.25,0
4928.75,1
4929.25,0
4929.5,1
4929.75,0
4930.0,1
4931.0,0
4931.25,1
4931.5,0
4931.75,1
4932.25,0
4932.5,1
4932.75,0
4933.0,1
4935.0,0
4935.25,1
4936.0,0
4950.5,1
4950.75,0
4951.5,1
4951.75,0
4953.0,1
4954.25,0
4954.5,1
4954.75,0
4955.0,1
4955.25,0
4955.5,1
4959.0,0
4959.25,1
4960.5,0
4961.0,1
4961.25,0
4966.5,1
4966.75,0
4976.75,1
4979.5,0
4980.0,1
4981.25,0
4981.5,1
4982.5,0
4982.75,1
4985.0,0
4988.0,1
4988.25,0
5000.75,1
5001.0,0
5001.25,1
5004.75,0
5005.0,1
5006.25,0
5006.75,1
5009.0,0
5012.5,1
5012.75,0
5072.25,1
5072.5,0
5073.25,1
5074.25,0
5074.5,1
5077.25,0
5077.5,1
5078.25,0
5078.5,1
5079.0,0
5079.25,1
5080.25,0
5080.5,1
5080.75,0
5081.0,1
5081.25,0
5083.5,1
5083.75,0
5085.5,1
5085.75,0
5095.5,1
5095.75,0
5097.25,1
5098.5,0
5098.75,1
5099.5,0
5099.75,1
5100.75,0
5101.0,1
5101.5,0
5101.75,1
5104.0,0
5104.5,1
5105.25,0
5105.5,1
5105.75,0
5108.75,1
5109.0,0
5110.75,1
5111.0,0
5119.0,1
5119.25,0
5120.75,1
5121.0,0
5121.5,1
5123.0,0
5123.25,1
5125.25,0
5125.75,1
5126.0,0
5126.5,1
5128.25,0
5128.5,1
5129.25,0
5131.75,1
5132.25,0
5144.75,1
5145.5,0
5145.75,1
5146.25,0
5146.5,1
5147.25,0
5147.5,1
5148.0,0
5148.5,1
5152.75,0
5166.0,1
5166.25,0
5167.75,1
5168.0,0
5168.5,1
5169.75,0
5170.0,1
5171.0,0
5171.5,1
5172.75,0
5173.0,1
5173.5,0
5173.75,1
5174.0,0
5174.5,1
5176.0,0
5176.25,1
5177.0,0
5241.0,1
5241.75,0
5242.25,1
5245.0,0
5245.25,1
5246.5,0
5247.0,1
5248.5,0
5249.0,1
5249.25,0
5264.5,1
5264.75,0
5265.25,1
5265.5,0
5265.75,1
5266.25,0
5266.5,1
5267.0,0
5267.25,1
5267.75,0
5268.0,1
5269.25,0
5269.5,1
5270.75,0
5271.0,1
5271.25,0
5271.5,1
5273.0,0
5275.0,1
5275.25,0
5288.75,1
5289.5,0
5289.75,1
5291.25,0
5291.5,1
5292.25,0
5292.5,1
5293.25,0
5294.0,1
5294.25,0
5294.5,1
5295.5,0
5295.75,1
5297.5,0
5297.75,1
5298.0,0
5301.5,1
5301.75,0
5310.75,1
5311.0,0
5313.5,1
5316.0,0
5316.75,1
5320.25,0
5320.5,1
5321.5,0
5335.75,1
5336.25,0
5336.5,1
5338.75,0
5339.0,1
5341.0,0
5341.75,1
5342.0,0
5342.25,1
5342.5,0
5342.75,1
5344.0,0
5344.25,1
5345.0,0
5345.25,1
5345.5,0
5408.0,1
5408.25,0
5408.5,1
5408.75,0
5409.0,1
5409.75,0
5410.25,1
5412.5,0
5412.75,1
5413.0,0
5413.25,1
5413.5,0
5413.75,1
5414.5,0
5414.75,1
5415.0,0
5415.25,1
5417.25,0
5417.5,1
5417.75,0
5432.0,1
5432.25,0
5433.0,1
5434.0,0
5434.25,1
5434.5,0
5434.75,1
5436.0,0
5436.5,1
5437.0,0
5437.25,1
5438.0,0
5438.25,1
5438.75,0
5439.25,1
5439.5,0
5439.75,1
5441.0,0
5455.5,1
5456.0,0
5457.0,1
5458.25,0
5458.5,1
5459.0,0
5459.25,1
5460.25,0
5460.5,1
5463.25,0
5464.5,1
5465.25,0
5480.0,1
5480.25,0
5481.0,1
5481.5,0
5481.75,1
5483.5,0
5484.25,1
5484.5,0
5484.75,1
5485.0,0
5485.5,1
5485.75,0
5486.0,1
5487.0,0
5487.5,1
5488.0,0
5488.25,1
5489.0,0
5492.75,1
5493.0,0
5493.25,1
5493.5,0
5494.0,1
5494.25,0
5502.75,1
5503.0,0
5504.75,1
5505.0,0
5505.25,1
5507.5,0
5507.75,1
5509.0,0
5509.25,1
5509.5,0
5509.75,1
5510.0,0
5510.5,1
5512.5,0
5512.75,1
5513.25,0
5516.75,1
5517.0,0
5517.25,1
5517.5,0
5576.5,1
5577.0,0
5577.5,1
5578.5,0
5578.75,1
5579.0,0
5579.25,1
5580.25,0
5580.5,1
5580.75,0
5581.25,1
5582.25,0
5582.5,1
5583.0,0
5583.25,1
5584.25,0
5585.0,1
5585.5,0
5600.0,1
5600.75,0
5601.25,1
5604.5,0
5604.75,1
5605.25,0
5605.75,1
5606.5,0
5607.0,1
5607.25,0
5607.5,1
5609.0,0
5609.25,1
5609.5,0
5623.5,1
5623.75,0
5625.0,1
5625.25,0
5625.5,1
5626.25,0
5626.5,1
5627.0,0
5627.25,1
5628.0,0
5628.5,1
5629.25,0
5629.5,1
5630.5,0
5630.75,1
5632.25,0
5646.25,1
5646.5,0
5648.5,1
5652.0,0
5652.25,1
5654.0,0
5654.25,1
5655.0,0
5655.25,1
5658.0,0
5669.5,1
5669.75,0
5673.5,1
5674.0,0
5674.25,1
5676.0,0
5676.25,1
5677.25,0
5677.5,1
5678.0,0
5678.25,1
5678.5,0
5678.75,1
5679.5,0
5679.75,1
5680.0,0
5680.25,1
5681.75,0
5682.0,1
5682.25,0
5741.5,1
5742.0,0
5742.25,1
5742.5,0
5744.75,1
5745.25,0
5745.5,1
5748.5,0
5748.75,1
5751.0,0
5751.25,1
5751.5,0
5751.75,1
5753.25,0
5755.25,1
5755.5,0
5768.0,1
5768.25,0
5769.0,1
5769.75,0
5770.25,1
5770.5,0
5770.75,1
5771.25,0
5771.5,1
5772.0,0
5772.25,1
5774.0,0
5774.25,1
5775.75,0
5776.5,1
5777.0,0
5791.25,1
5791.5,0
5793.0,1
5793.25,0
5794.0,1
5794.5,0
5794.75,1
5795.5,0
5795.75,1
5796.5,0
5796.75,1
5797.25,0
5798.0,1
5798.75,0
5799.0,1
5799.5,0
5800.0,1
5800.25,0
5800.5,1
5800.75,0
5804.75,1
5805.0,0
5815.0,1
5815.25,0
5817.0,1
5817.25,0
5817.5,1
5819.75,0
5820.25,1
5822.0,0
5822.25,1
5822.75,0
5823.0,1
5823.25,0
5823.5,1
5823.75,0
5824.0,1
5824.5,0
5825.0,1
5825.25,0
5825.5,1
5825.75,0
5826.25,1
5826.5,0
5838.5,1
5839.0,0
5840.5,1
5841.75,0
5842.25,1
5844.25,0
5844.75,1
5845.25,0
5846.0,1
5846.5,0
5846.75,1
5847.0,0
5847.25,1
5849.0,0
5855.0,1
5855.25,0
5908.75,1
5909.0,0
5910.0,1
5910.5,0
5912.0,1
5912.5,0
5913.25,1
5913.75,0
5914.25,1
5915.0,0
5915.25,1
5916.25,0
5916.5,1
5916.75,0
5918.25,1
5920.0,0
5920.25,1
5921.25,0
5959.25,1
5959.5,0
5960.5,1
5960.75,0
5961.25,1
5962.0,0
5962.25,1
5963.75,0
5964.25,1
5965.0,0
5965.25,1
5965.75,0
5966.25,1
5966.5,0
5966.75,1
5968.0,0
5968.25,1
5968.75,0
5969.0,1
5969.5,0
5982.75,1
5983.5,0
5983.75,1
5984.0,0
5984.75,1
5985.25,0
5985.5,1
5986.5,0
5986.75,1
5988.5,0
5988.75,1
5990.25,0
5990.5,1
5991.5,0
5991.75,1
5992.75,0
5993.25,1
5993.5,0
6006.5,1
6006.75,0
6009.0,1
6010.75,0
6011.0,1
6012.0,0
6012.25,1
6013.75,0
6014.0,1
6014.25,0
6014.5,1
6015.0,0
6015.75,1
6017.0,0
6022.0,1
6022.25,0
6080.25,1
6081.0,0
6081.5,1
6082.5,0
6082.75,1
6083.25,0
6083.5,1
6084.25,0
6084.5,1
6085.5,0
6086.25,1
6089.25,0
6103.75,1
6104.25,0
6104.75,1
6105.0,0
6105.5,1
6107.0,0
6107.25,1
6107.5,0
6107.75,1
6109.5,0
6109.75,1
6110.25,0
6110.75,1
6111.25,0
6111.5,1
6112.5,0
6113.0,1
6113.25,0
6127.75,1
6128.0,0
6129.5,1
6130.5,0
6130.75,1
6131.5,0
6131.75,1
6132.75,0
6133.75,1
6134.0,0
6134.25,1
6134.5,0
6134.75,1
6135.5,0
6135.75,1
6137.25,0
6150.25,1
6150.5,0
6152.0,1
6152.25,0
6152.5,1
6153.25,0
6153.75,1
6155.5,0
6155.75,1
6157.5,0
6158.25,1
6158.75,0
6159.0,1
6161.25,0
6176.75,1
6178.0,0
6178.25,1
6179.5,0
6179.75,1
6180.25,0
6180.5,1
6180.75,0
6181.0,1
6181.5,0
6182.0,1
6184.75,0
6189.0,1
6189.25,0
6246.5,1
6247.0,0
6248.5,1
6248.75,0
6249.25,1
6249.75,0
6250.0,1
6252.25,0
6252.5,1
6252.75,0
6253.0,1
6253.25,0
6253.5,1
6253.75,0
6254.0,1
6254.25,0
6254.5,1
6256.75,0
6257.25,1
6257.5,0
6270.75,1
6271.0,0
6271.75,1
6272.0,0
6272.75,1
6273.5,0
6273.75,1
6275.25,0
6275.5,1
6276.75,0
6277.0,1
6277.5,0
6277.75,1
6279.0,0
6279.25,1
6280.0,0
6280.25,1
6281.5,0
6295.0,1
6295.25,0
6296.5,1
6296.75,0
6297.0,1
6297.5,0
6298.0,1
6298.25,0
6298.5,1
6299.5,0
6299.75,1
6300.0,0
6300.25,1
6301.75,0
6302.0,1
6304.25,0
6304.5,1
6305.25,0
6318.75,1
6319.25,0
6319.75,1
6320.0,0
6320.75,1
6322.0,0
6322.25,1
6322.75,0
6323.0,1
6326.0,0
6326.5,1
6328.0,0
6328.25,1
6328.5,0
6342.25,1
6342.5,0
6343.0,1
6343.25,0
6343.5,1
6343.75,0
6344.0,1
6344.25,0
6345.0,1
6345.5,0
6346.0,1
6347.0,0
6347.75,1
6348.0,0
6348.25,1
6348.75,0
6349.0,1
6349.25,0
6349.5,1
6352.75,0
6353.0,1
6353.25,0
6417.5,1
6419.5,0
6419.75,1
6420.0,0
6420.25,1
6422.25,0
6422.5,1
6422.75,0
6423.0,1
6424.25,0
6424.5,1
6425.5,0
6439.25,1
6439.5,0
6440.5,1
6440.75,0
6441.25,1
6441.5,0
6442.0,1
6442.25,0
6442.5,1
6444.25,0
6444.5,1
6446.0,0
6446.5,1
6447.0,0
6447.25,1
6448.0,0
6448.25,1
6449.5,0
6453.0,1
6453.25,0
6462.0,1
6462.25,0
6464.75,1
6465.0,0
6465.25,1
6466.0,0
6466.25,1
6467.0,0
6467.25,1
6468.5,0
6468.75,1
6469.75,0
6470.0,1
6471.0,0
6471.25,1
6471.5,0
6471.75,1
6473.0,0
6477.0,1
6477.25,0
6488.5,1
6488.75,0
6489.0,1
6489.25,0
6489.5,1
6490.0,0
6490.25,1
6493.75,0
6494.0,1
6495.5,0
6495.75,1
6496.5,0
6496.75,1
6497.0,0
6502.75,1
6503.0,0
6509.75,1
6510.0,0
6513.5,1
6514.5,0
6514.75,1
6515.0,0
6515.25,1
6517.5,0
6518.25,1
6518.75,0
6519.25,1
6521.0,0
6521.75,1
6522.0,0
6582.25,1
6582.5,0
6583.25,1
6583.5,0
6584.25,1
6584.5,0
6584.75,1
6585.25,0
6585.5,1
6586.25,0
6586.5,1
6586.75,0
6587.0,1
6587.25,0
6587.5,1
6587.75,0
6588.0,1
6588.5,0
6588.75,1
6591.25,0
6591.75,1
6592.0,0
6592.25,1
6593.25,0
6608.25,1
6608.5,0
6609.0,1
6609.25,0
6609.5,1
6609.75,0
6610.0,1
6610.5,0
6610.75,1
6611.0,0
6611.25,1
6611.75,0
6612.0,1
6616.5,0
6616.75,1
6617.25,0
6620.75,1
6621.0,0
6631.5,1
6631.75,0
6632.25,1
6632.5,0
6633.25,1
6634.25,0
6634.75,1
6635.25,0
6635.5,1
6637.25,0
6637.5,1
6638.75,0
6639.0,1
6639.25,0
6639.5,1
6641.5,0
6645.25,1
6645.5,0
6657.5,1
6658.75,0
6659.25,1
6659.5,0
6659.75,1
6660.75,0
6661.0,1
6661.25,0
6661.5,1
6661.75,0
6662.25,1
6662.5,0
6662.75,1
6665.25,0
6665.5,1
6665.75,0
6678.75,1
6679.5,0
6681.25,1
6682.25,0
6682.5,1
6684.5,0
6685.0,1
6686.0,0
6686.25,1
6687.5,0
6687.75,1
6688.5,0
6688.75,1
6689.25,0
6691.25,1
6691.5,0
6750.75,1
6751.0,0
6751.75,1
6752.0,0
6752.75,1
6753.0,0
6753.25,1
6753.75,0
6754.0,1
6754.25,0
6754.75,1
6757.0,0
6757.25,1
6758.0,0
6758.25,1
6761.25,0
6799.25,1
6799.5,0
6801.0,1
6802.5,0
6802.75,1
6804.0,0
6804.25,1
6805.0,0
6805.5,1
6806.25,0
6806.5,1
6807.0,0
6807.25,1
6809.0,0
6812.0,1
6812.25,0
6813.25,1
6813.5,0
6823.0,1
6823.25,0
6824.25,1
6824.5,0
6825.5,1
6826.25,0
6826.5,1
6827.5,0
6827.75,1
6828.0,0
6828.25,1
6828.5,0
6828.75,1
6829.5,0
6829.75,1
6830.0,0
6830.25,1
6830.5,0
6831.0,1
6833.5,0
6849.25,1
6849.5,0
6849.75,1
6850.25,0
6850.5,1
6852.0,0
6852.25,1
6852.75,0
6853.0,1
6855.0,0
6855.5,1
6856.25,0
6856.5,1
6857.0,0
6857.25,1
6857.5,0
6861.75,1
6862.0,0
6918.75,1
6919.0,0
6919.25,1
6919.5,0
6920.5,1
6921.0,0
6921.75,1
6923.0,0
6923.25,1
6925.0,0
6925.25,1
6925.5,0
6925.75,1
6927.75,0
6928.0,1
6929.25,0
6932.25,1
6932.5,0
6944.75,1
6945.0,0
6945.75,1
6946.75,0
6947.0,1
6947.5,0
6947.75,1
6949.5,0
6949.75,1
6950.25,0
6951.5,1
6953.0,0
6953.5,1
6953.75,0
6957.75,1
6958.0,0
6967.25,1
6967.5,0
6968.75,1
6970.75,0
6971.0,1
6973.0,0
6973.5,1
6973.75,0
6974.0,1
6974.5,0
6974.75,1
6976.25,0
6976.5,1
6977.0,0
6981.0,1
6981.25,0
6991.25,1
6991.5,0
6991.75,1
6992.0,0
6992.75,1
6993.0,0
6993.25,1
6994.25,0
6994.5,1
6994.75,0
6995.0,1
6997.75,0
6998.25,1
6998.75,0
6999.5,1
7000.75,0
7001.0,1
7001.25,0
7001.5,1
7001.75,0
7016.75,1
7017.75,0
7018.25,1
7018.5,0
7018.75,1
7019.0,0
7019.5,1
7019.75,0
7020.0,1
7021.0,0
7021.25,1
7021.5,0
7021.75,1
7025.25,0
7025.75,1
7026.0,0
7086.75,1
7087.0,0
7089.25,1
7089.75,0
7090.0,1
7093.75,0
7094.0,1
7094.5,0
7094.75,1
7095.25,0
7095.5,1
7096.0,0
7096.25,1
7097.0,0
7097.25,1
7097.5,0
7110.5,1
7110.75,0
7113.0,1
7113.5,0
7114.0,1
7115.25,0
7115.5,1
7117.5,0
7117.75,1
7118.25,0
7118.5,1
7118.75,0
7119.0,1
7121.25,0
7136.75,1
7137.25,0
7137.5,1
7139.5,0
7139.75,1
7140.25,0
7140.5,1
7141.0,0
7141.25,1
7142.75,0
7143.0,1
7144.5,0
7145.25,1
7145.5,0
7149.5,1
7149.75,0
7161.0,1
7162.5,0
7162.75,1
7163.0,0
7163.25,1
7163.75,0
7164.0,1
7167.0,0
7167.5,1
7167.75,0
7168.25,1
7168.5,0
7169.0,1
7169.25,0
7184.25,1
7184.5,0
7184.75,1
7185.0,0
7185.25,1
7185.5,0
7185.75,1
7187.25,0
7187.5,1
7188.75,0
7189.25,1
7189.75,0
7190.0,1
7190.25,0
7190.5,1
7192.0,0
7192.25,1
7192.75,0
7193.0,1
7193.25,0
7254.0,1
7254.25,0
7254.5,1
7254.75,0
7256.5,1
7257.0,0
7257.25,1
7257.5,0
7257.75,1
7259.5,0
7260.0,1
7261.5,0
7262.0,1
7262.25,0
7262.5,1
7262.75,0
7263.0,1
7263.25,0
7263.5,1
7264.75,0
7265.25,1
7265.75,0
7268.75,1
7269.0,0
7278.75,1
7279.0,0
7279.5,1
7279.75,0
7280.75,1
7281.0,0
7281.25,1
7284.0,0
7284.25,1
7285.0,0
7285.25,1
7287.75,0
7288.25,1
7288.5,0
7288.75,1
7289.0,0
7289.25,1
7289.5,0
7303.75,1
7304.0,0
7304.25,1
7305.0,0
7305.25,1
7305.5,0
7305.75,1
7306.0,0
7306.25,1
7307.5,0
7307.75,1
7308.25,0
7308.75,1
7309.25,0
7309.5,1
7310.25,0
7311.0,1
7311.5,0
7311.75,1
7312.5,0
7312.75,1
7313.5,0
7326.25,1
7326.75,0
7327.0,1
7327.25,0
7328.75,1
7331.75,0
7332.0,1
7333.75,0
7334.0,1
7334.25,0
7334.5,1
7335.0,0
7335.25,1
7335.5,0
7335.75,1
7336.0,0
7336.25,1
7337.0,0
7340.25,1
7340.5,0
7351.75,1
7352.0,0
7353.0,1
7353.25,0
7353.5,1
7356.5,0
7357.0,1
7358.5,0
7358.75,1
7359.25,0
7359.5,1
7361.25,0
7365.0,1
7365.25,0
7423.75,1
7424.25,0
7424.5,1
7424.75,0
7425.25,1
7425.75,0
7426.25,1
7429.25,0
7430.0,1
7431.25,0
7431.5,1
7432.5,0
7432.75,1
7433.5,0
7436.25,1
7436.75,0
7448.25,1
7448.5,0
7449.0,1
7452.25,0
7452.5,1
7453.25,0
7453.5,1
7454.25,0
7455.25,1
7457.0,0
7460.5,1
7460.75,0
7471.0,1
7471.75,0
7472.25,1
7472.5,0
7473.25,1
7474.75,0
7475.25,1
7475.5,0
7476.0,1
7476.75,0
7477.0,1
7478.5,0
7478.75,1
7480.0,0
7480.25,1
7481.25,0
7494.0,1
7494.25,0
7496.75,1
7497.5,0
7497.75,1
7498.0,0
7498.25,1
7498.75,0
7499.25,1
7499.75,0
7500.0,1
7501.0,0
7501.25,1
7501.5,0
7501.75,1
7502.25,0
7502.5,1
7503.25,0
7503.5,1
7503.75,0
7504.25,1
7504.75,0
7509.25,1
7509.5,0
7518.0,1
7518.25,0
7518.5,1
7518.75,0
7520.0,1
7520.25,0
7521.25,1
7521.75,0
7522.0,1
7522.25,0
7523.0,1
7524.5,0
7524.75,1
7525.0,0
7525.25,1
7529.0,0
7591.75,1
7592.0,0
7592.75,1
7593.25,0
7593.5,1
7595.5,0
7595.75,1
7596.5,0
7596.75,1
7598.25,0
7598.75,1
7599.75,0
7600.0,1
7600.25,0
7600.5,1
7601.25,0
7614.25,1
7614.5,0
7616.5,1
7616.75,0
7617.0,1
7617.75,0
7618.0,1
7620.0,0
7620.25,1
7620.5,0
7620.75,1
7621.0,0
7621.25,1
7622.25,0
7622.5,1
7623.5,0
7624.0,1
7625.0,0
7628.5,1
7629.0,0
7629.5,1
7629.75,0
7632.25,1
7632.5,0
7641.25,1
7641.75,0
7642.5,1
7643.75,0
7644.0,1
7644.5,0
7644.75,1
7646.25,0
7646.5,1
7647.0,0
7647.25,1
7647.75,0
7648.0,1
7648.75,0
7649.0,1
7649.25,0
7649.5,1
7649.75,0
7652.0,1
7652.25,0
7664.25,1
7664.5,0
7666.0,1
7667.5,0
7667.75,1
7668.5,0
7668.75,1
7670.25,0
7670.5,1
7673.75,0
7678.0,1
7678.25,0
7686.25,1
7686.5,0
7687.75,1
7688.0,0
7688.25,1
7688.5,0
7689.75,1
7692.25,0
7692.5,1
7693.25,0
7693.5,1
7694.5,0
7694.75,1
7695.5,0
7695.75,1
7696.25,0
7696.5,1
7696.75,0
7700.0,1
7700.25,0
7757.75,1
7758.0,0
7758.5,1
7758.75,0
7759.75,1
7760.0,0
7760.5,1
7760.75,0
7761.25,1
7761.5,0
7761.75,1
7764.25,0
7764.5,1
7764.75,0
7765.0,1
7766.0,0
7766.5,1
7767.75,0
7768.0,1
7768.5,0
7768.75,1
7769.0,0
7769.5,1
7769.75,0
7772.5,1
7772.75,0
7783.0,1
7783.5,0
7784.75,1
7785.0,0
7785.5,1
7788.5,0
7788.75,1
7791.0,0
7791.25,1
7791.5,0
7791.75,1
7792.25,0
7792.5,1
7792.75,0
7793.0,1
7793.5,0
7796.25,1
7796.5,0
7807.75,1
7808.0,0
7808.25,1
7808.5,0
7809.5,1
7809.75,0
7810.0,1
7812.75,0
7813.0,1
7815.5,0
7815.75,1
7816.0,0
7816.25,1
7816.5,0
7821.75,1
7822.0,0
7822.75,1
7823.0,0
7830.5,1
7830.75,0
7831.5,1
7831.75,0
7833.25,1
7833.75,0
7834.0,1
7834.25,0
7834.5,1
7836.0,0
7836.25,1
7840.75,0
7841.25,1
7841.5,0
7926.0,1
7926.25,0
7926.75,1
7927.0,0
7927.25,1
7927.75,0
7928.5,1
7928.75,0
7929.0,1
7929.5,0
7929.75,1
7930.25,0
7930.75,1
7931.25,0
7931.5,1
7932.75,0
7933.0,1
7933.75,0
7934.0,1
7934.25,0
7934.5,1
7936.5,0
7936.75,1
7937.0,0
7950.0,1
7950.25,0
7952.25,1
7953.0,0
7953.5,1
7954.0,0
7954.5,1
7956.25,0
7956.5,1
7958.25,0
7958.75,1
7961.25,0
7961.75,1
7962.0,0
7965.75,1
7966.0,0
7977.25,1
7978.0,0
7978.25,1
7978.75,0
7979.25,1
7980.75,0
7981.0,1
7981.75,0
7982.0,1
7985.0,0
7985.5,1
7985.75,0
7998.75,1
7999.0,0
8000.75,1
8001.0,0
8001.25,1
8004.0,0
8004.25,1
8005.0,0
8005.25,1
8007.0,0
8007.5,1
8008.25,0
8008.5,1
8009.0,0
8012.5,1
8012.75,0
8022.25,1
8022.5,0
8022.75,1
8023.0,0
8025.25,1
8026.0,0
8026.5,1
8026.75,0
8027.0,1
8027.75,0
8028.0,1
8028.5,0
8029.25,1
8033.75,0
8038.5,1
8038.75,0
8094.25,1
8094.5,0
8096.75,1
8097.0,0
8097.75,1
8099.75,0
8100.0,1
8101.0,0
8101.25,1
8101.5,0
8102.0,1
8103.0,0
8103.25,1
8105.0,0
8108.75,1
8109.0,0
8118.25,1
8118.5,0
8119.25,1
8119.5,0
8120.5,1
8121.75,0
8122.0,1
8123.75,0
8124.0,1
8124.25,0
8124.75,1
8125.25,0
8125.5,1
8126.5,0
8126.75,1
8128.0,0
8128.5,1
8128.75,0
8129.0,1
8129.25,0
8144.5,1
8144.75,0
8145.25,1
8145.5,0
8145.75,1
8146.0,0
8146.5,1
8149.0,0
8149.25,1
8149.75,0
8150.25,1
8150.75,0
8151.0,1
8151.25,0
8151.5,1
8152.25,0
8152.5,1
8153.5,0
8166.75,1
8167.0,0
8168.5,1
8168.75,0
8169.0,1
8170.75,0
8171.25,1
8173.25,0
8173.5,1
8173.75,0
8174.5,1
8175.5,0
8175.75,1
8176.0,0
8176.25,1
8176.75,0
8177.25,1
8177.5,0
8182.0,1
8182.25,0
8192.75,1
8195.25,0
8195.5,1
8197.25,0
8197.5,1
8200.75,0
8201.0,1
8201.25,0
8263.5,1
8263.75,0
8265.25,1
8268.0,0
8268.25,1
8269.0,0
8269.25,1
8270.25,0
8270.5,1
8271.0,0
8271.25,1
8273.0,0
8273.5,1
8273.75,0
8287.75,1
8288.25,0
8288.5,1
8292.5,0
8292.75,1
8294.25,0
8294.5,1
8294.75,0
8295.0,1
8295.75,0
8296.5,1
8297.0,0
8300.5,1
8300.75,0
8313.25,1
8316.0,0
8316.5,1
8317.5,0
8318.0,1
8318.5,0
8318.75,1
8319.0,0
8319.25,1
8320.75,0
8333.75,1
8334.0,0
8334.5,1
8334.75,0
8335.5,1
8335.75,0
8336.5,1
8338.0,0
8338.5,1
8340.25,0
8340.5,1
8341.0,0
8341.5,1
8341.75,0
8342.0,1
8344.5,0
8344.75,1
8345.25,0
8345.5,1
8345.75,0
8349.75,1
8350.0,0
8360.25,1
8360.5,0
8360.75,1
8361.0,0
8361.25,1
8362.5,0
8362.75,1
8363.5,0
8363.75,1
8365.0,0
8365.25,1
8365.5,0
8365.75,1
8369.0,0
8372.75,1
8373.25,0
8430.5,1
8430.75,0
8432.5,1
8433.0,0
8433.25,1
8433.75,0
8434.0,1
8434.25,0
8434.5,1
8435.0,0
8435.25,1
8438.25,0
8438.5,1
8441.0,0
8457.75,1
8458.0,0
8458.5,1
8459.0,0
8459.25,1
8460.0,0
8460.25,1
8460.75,0
8461.5,1
8461.75,0
8462.0,1
8463.0,0
8463.25,1
8464.0,0
8464.5,1
8465.25,0
8468.75,1
8469.0,0
8478.25,1
8478.5,0
8480.75,1
8481.25,0
8481.5,1
8483.5,0
8483.75,1
8485.25,0
8485.75,1
8489.0,0
8492.75,1
8493.0,0
8504.25,1
8504.5,0
8504.75,1
8505.0,0
8505.5,1
8506.5,0
8506.75,1
8507.0,0
8507.25,1
8509.25,0
8509.75,1
8510.25,0
8510.75,1
8512.75,0
8513.0,1
8513.25,0
8517.25,1
8517.5,0
8525.75,1
8526.0,0
8528.25,1
8529.0,0
8529.25,1
8530.25,0
8530.5,1
8530.75,0
8531.0,1
8532.25,0
8532.5,1
8532.75,0
8533.0,1
8533.75,0
8534.0,1
8535.0,0
8535.25,1
8535.5,0
8535.75,1
8536.25,0
8536.5,1
8536.75,0
8537.0,1
8537.25,0
8623.0,1
8623.25,0
8623.75,1
8624.0,0
8625.75,1
8628.0,0
8628.25,1
8628.75,0
8629.5,1
8630.25,0
8630.5,1
8631.25,0
8631.5,1
8632.5,0
8633.0,1
8633.5,0
8633.75,1
8634.0,0
8646.25,1
8646.5,0
8647.25,1
8647.5,0
8647.75,1
8648.0,0
8648.5,1
8648.75,0
8649.25,1
8650.0,0
8650.25,1
8650.5,0
8650.75,1
8651.25,0
8651.5,1
8652.0,0
8652.25,1
8652.5,0
8652.75,1
8653.5,0
8654.0,1
8654.25,0
8654.5,1
8655.5,0
8656.0,1
8656.75,0
8657.5,1
8657.75,0
8672.75,1
8673.0,0
8673.25,1
8674.0,0
8674.25,1
8676.25,0
8676.5,1
8677.0,0
8677.25,1
8679.0,0
8679.25,1
8680.25,0
8681.0,1
8681.25,0
8694.0,1
8694.25,0
8695.0,1
8695.25,0
8696.75,1
8697.0,0
8697.5,1
8700.0,0
8700.75,1
8701.25,0
8701.5,1
8703.25,0
8703.5,1
8704.5,0
8704.75,1
8705.0,0

float Room-204 (4239,2)
0.0,0
30.0,1
30.25,0
31.0,1
31.25,0
31.75,1
32.0,0
32.5,1
32.75,0
33.0,1
33.75,0
34.0,1
34.25,0
34.5,1
34.75,0
35.0,1
35.5,0
35.75,1
36.0,0
36.25,1
36.75,0
37.0,1
37.25,0
37.75,1
38.5,0
38.75,1
41.25,0
54.75,1
55.0,0
56.5,1
56.75,0
57.0,1
58.75,0
59.25,1
59.75,0
60.0,1
60.5,0
61.0,1
61.5,0
62.0,1
62.5,0
62.75,1
65.0,0
70.5,1
70.75,0
78.25,1
78.5,0
79.75,1
80.0,0
80.75,1
83.5,0
84.0,1
84.25,0
84.75,1
85.25,0
85.5,1
86.25,0
86.5,1
87.75,0
88.0,1
88.25,0
88.5,1
89.0,0
105.25,1
106.0,0
106.25,1
106.75,0
107.0,1
107.25,0
107.5,1
110.25,0
110.5,1
111.0,0
111.5,1
112.25,0
112.5,1
113.25,0
130.0,1
130.25,0
130.5,1
131.25,0
131.5,1
131.75,0
132.0,1
132.25,0
133.25,1
133.5,0
133.75,1
134.0,0
134.25,1
134.5,0
134.75,1
135.5,0
135.75,1
136.0,0
136.25,1
136.75,0
200.5,1
201.25,0
201.5,1
201.75,0
202.0,1
202.5,0
202.75,1
203.75,0
204.0,1
204.25,0
204.75,1
205.25,0
205.5,1
205.75,0
206.0,1
206.25,0
206.5,1
207.0,0
207.25,1
209.25,0
224.75,1
225.0,0
225.75,1
227.5,0
228.0,1
229.0,0
229.75,1
230.25,0
230.5,1
232.0,0
232.25,1
233.0,0
246.5,1
246.75,0
248.5,1
248.75,0
249.0,1
249.25,0
249.5,1
251.75,0
252.0,1
257.0,0
272.25,1
272.75,0
273.25,1
275.75,0
276.25,1
277.75,0
278.0,1
279.25,0
279.5,1
280.0,0
280.25,1
280.75,0
281.25,1
281.5,0
295.0,1
295.25,0
296.25,1
297.25,0
297.5,1
300.5,0
300.75,1
301.25,0
301.75,1
302.25,0
302.5,1
304.25,0
306.75,1
307.0,0
308.25,1
308.5,0
369.0,1
369.75,0
370.0,1
370.5,0
370.75,1
371.75,0
372.0,1
373.0,0
373.25,1
373.5,0
373.75,1
374.75,0
375.0,1
376.25,0
377.0,1
377.25,0
389.5,1
389.75,0
390.0,1
390.25,0
393.25,1
394.0,0
394.25,1
395.75,0
396.0,1
396.25,0
396.5,1
397.25,0
397.5,1
398.0,0
398.25,1
400.75,0
401.0,1
401.5,0
403.75,1
404.0,0
404.75,1
405.0,0
405.75,1
406.0,0
440.25,1
440.5,0
441.0,1
441.25,0
441.5,1
442.25,0
442.5,1
444.0,0
444.5,1
445.25,0
445.75,1
446.0,0
446.5,1
446.75,0
447.25,1
448.75,0
449.0,1
449.5,0
464.75,1
465.0,0
465.75,1
466.5,0
466.75,1
468.75,0
469.0,1
469.75,0
470.0,1
470.75,0
471.0,1
471.75,0
472.0,1
473.0,0
478.0,1
478.25,0
535.5,1
535.75,0
536.0,1
536.25,0
537.0,1
537.75,0
538.25,1
538.5,0
538.75,1
539.0,0
539.25,1
539.75,0
540.0,1
540.25,0
541.0,1
541.75,0
542.0,1
542.75,0
543.25,1
543.5,0
543.75,1
544.25,0
544.5,1
545.0,0
561.5,1
562.0,0
562.25,1
564.25,0
564.75,1
565.0,0
565.25,1
566.5,0
567.0,1
567.75,0
568.25,1
569.25,0
574.25,1
574.5,0
584.5,1
584.75,0
585.0,1
585.25,0
585.75,1
586.0,0
586.25,1
587.0,0
587.25,1
588.0,0
588.25,1
589.5,0
589.75,1
590.75,0
591.0,1
593.0,0
593.25,1
593.5,0
597.25,1
597.5,0
609.0,1
609.5,0
610.0,1
612.0,0
612.25,1
613.25,0
613.5,1
614.25,0
614.5,1
615.0,0
615.75,1
616.0,0
616.25,1
616.75,0
617.0,1
617.25,0
631.5,1
631.75,0
633.5,1
636.75,0
637.25,1
638.0,0
638.5,1
640.5,0
640.75,1
641.75,0
703.75,1
704.0,0
704.75,1
705.0,0
705.5,1
706.25,0
706.5,1
708.75,0
709.0,1
712.0,0
712.25,1
713.0,0
713.5,1
713.75,0
716.75,1
717.0,0
729.25,1
730.25,0
730.5,1
732.5,0
733.0,1
733.75,0
734.0,1
734.5,0
734.75,1
735.25,0
735.75,1
737.25,0
737.5,1
737.75,0
753.5,1
753.75,0
754.0,1
754.5,0
754.75,1
755.5,0
755.75,1
757.5,0
757.75,1
759.0,0
759.5,1
760.0,0
760.25,1
761.25,0
776.5,1
777.25,0
777.5,1
778.0,0
778.5,1
781.25,0
781.5,1
781.75,0
782.0,1
785.5,0
800.0,1
800.25,0
801.5,1
804.25,0
804.5,1
805.25,0
805.5,1
805.75,0
806.25,1
806.75,0
807.5,1
808.5,0
808.75,1
809.25,0
873.0,1
873.75,0
874.0,1
876.75,0
877.0,1
880.75,0
881.0,1
881.25,0
894.0,1
894.25,0
895.0,1
895.5,0
896.5,1
897.25,0
897.5,1
898.25,0
898.5,1
903.25,0
903.5,1
904.25,0
904.5,1
904.75,0
919.25,1
919.5,0
919.75,1
920.0,0
921.25,1
922.0,0
922.25,1
923.25,0
923.5,1
923.75,0
924.25,1
925.0,0
925.25,1
925.5,0
926.0,1
928.25,0
928.5,1
929.0,0
929.25,1
929.5,0
944.5,1
944.75,0
945.5,1
946.25,0
946.5,1
947.5,0
947.75,1
949.0,0
949.5,1
949.75,0
950.0,1
950.25,0
950.5,1
950.75,0
951.0,1
952.0,0
952.25,1
952.5,0
953.0,1
953.5,0
957.25,1
957.5,0
966.25,1
966.75,0
968.5,1
968.75,0
969.0,1
970.25,0
970.5,1
970.75,0
971.5,1
971.75,0
972.0,1
972.25,0
972.5,1
973.25,0
973.5,1
974.0,0
974.5,1
977.0,0
981.5,1
981.75,0
1040.25,1
1040.75,0
1041.25,1
1041.5,0
1041.75,1
1043.5,0
1043.75,1
1045.75,0
1046.25,1
1048.5,0
1053.75,1
1054.0,0
1065.25,1
1067.5,0
1067.75,1
1068.0,0
1068.25,1
1069.0,0
1069.25,1
1069.75,0
1070.25,1
1070.5,0
1070.75,1
1071.25,0
1071.5,1
1073.0,0
1073.5,1
1073.75,0
1109.75,1
1110.0,0
1113.25,1
1114.25,0
1114.5,1
1116.0,0
1116.25,1
1117.25,0
1117.75,1
1120.75,0
1133.75,1
1134.0,0
1134.75,1
1135.25,0
1137.25,1
1140.0,0
1140.25,1
1141.5,0
1142.0,1
1142.5,0
1142.75,1
1143.0,0
1143.5,1
1145.5,0
1208.75,1
1209.0,0
1209.5,1
1211.25,0
1211.5,1
1211.75,0
1212.0,1
1212.25,0
1212.5,1
1213.75,0
1214.5,1
1215.0,0
1215.5,1
1217.0,0
1230.0,1
1230.25,0
1232.5,1
1232.75,0
1233.0,1
1234.25,0
1234.75,1
1235.5,0
1235.75,1
1237.0,0
1237.5,1
1238.75,0
1239.25,1
1239.5,0
1240.0,1
1240.25,0
1240.5,1
1241.0,0
1241.25,1
1241.75,0
1254.75,1
1255.0,0
1255.75,1
1256.0,0
1256.25,1
1256.5,0
1257.0,1
1258.75,0
1259.0,1
1260.0,0
1260.25,1
1260.5,0
1261.0,1
1264.75,0
1265.0,1
1265.25,0
1269.75,1
1270.0,0
1274.25,1
1274.5,0
1280.25,1
1280.5,0
1281.0,1
1281.25,0
1281.5,1
1284.0,0
1284.25,1
1285.75,0
1286.5,1
1287.75,0
1288.0,1
1288.5,0
1288.75,1
1289.25,0
1291.25,1
1291.5,0
1292.25,1
1292.5,0
1293.75,1
1294.0,0
1303.25,1
1303.5,0
1304.25,1
1304.5,0
1305.0,1
1305.25,0
1305.5,1
1305.75,0
1306.0,1
1308.0,0
1308.25,1
1309.75,0
1310.0,1
1312.25,0
1312.75,1
1313.25,0
1375.0,1
1375.25,0
1376.75,1
1377.5,0
1377.75,1
1378.0,0
1378.25,1
1378.5,0
1379.25,1
1380.5,0
1380.75,1
1381.25,0
1381.5,1
1382.5,0
1383.0,1
1383.5,0
1383.75,1
1384.75,0
1399.5,1
1399.75,0
1400.25,1
1400.5,0
1401.0,1
1401.25,0
1401.5,1
1405.75,0
1406.0,1
1407.75,0
1408.0,1
1409.0,0
1412.25,1
1412.5,0
1422.0,1
1422.25,0
1422.75,1
1423.25,0
1424.75,1
1425.0,0
1425.25,1
1425.5,0
1425.75,1
1426.25,0
1426.5,1
1427.25,0
1428.5,1
1430.0,0
1430.5,1
1432.5,0
1432.75,1
1433.0,0
1446.75,1
1447.0,0
1447.5,1
1448.0,0
1448.5,1
1449.0,0
1449.25,1
1449.5,0
1449.75,1
1450.5,0
1450.75,1
1451.5,0
1451.75,1
1452.0,0
1452.25,1
1453.75,0
1454.0,1
1455.0,0
1455.25,1
1455.5,0
1455.75,1
1456.25,0
1456.5,1
1457.25,0
1470.75,1
1471.0,0
1473.0,1
1474.75,0
1475.0,1
1477.0,0
1477.5,1
1477.75,0
1478.0,1
1481.0,0
1543.75,1
1544.0,0
1545.5,1
1546.0,0
1546.75,1
1547.25,0
1548.0,1
1549.0,0
1549.5,1
1551.0,0
1551.25,1
1551.75,0
1552.0,1
1552.25,0
1552.75,1
1553.25,0
1553.5,1
1553.75,0
1567.5,1
1567.75,0
1568.75,1
1569.25,0
1569.5,1
1573.0,0
1573.25,1
1577.0,0
1577.25,1
1577.5,0
1581.75,1
1582.0,0
1591.0,1
1591.25,0
1592.75,1
1593.0,0
1593.5,1
1594.0,0
1594.25,1
1595.25,0
1595.5,1
1596.75,0
1597.0,1
1597.25,0
1597.5,1
1599.25,0
1599.5,1
1600.0,0
1600.25,1
1600.5,0
1601.0,1
1601.5,0
1604.75,1
1605.0,0
1616.5,1
1616.75,0
1617.25,1
1619.0,0
1619.25,1
1619.5,0
1619.75,1
1621.0,0
1621.25,1
1622.25,0
1622.5,1
1624.5,0
1624.75,1
1625.0,0
1640.25,1
1640.5,0
1641.0,1
1642.75,0
1643.0,1
1643.25,0
1643.5,1
1649.5,0
1712.75,1
1714.75,0
1715.0,1
1716.5,0
1716.75,1
1717.5,0
1717.75,1
1719.5,0
1719.75,1
1720.5,0
1720.75,1
1721.25,0
1721.5,1
1721.75,0
1724.75,1
1725.0,0
1725.5,1
1725.75,0
1733.75,1
1734.0,0
1736.5,1
1736.75,0
1737.0,1
1738.75,0
1739.0,1
1740.0,0
1740.25,1
1741.75,0
1742.0,1
1745.0,0
1745.25,1
1745.75,0
1749.25,1
1749.5,0
1757.75,1
1758.0,0
1758.5,1
1759.0,0
1760.75,1
1761.0,0
1761.5,1
1763.5,0
1763.75,1
1764.0,0
1764.25,1
1765.75,0
1766.0,1
1767.25,0
1768.25,1
1769.5,0
1769.75,1
1770.0,0
1785.0,1
1785.75,0
1786.0,1
1787.25,0
1787.5,1
1787.75,0
1788.0,1
1788.25,0
1788.75,1
1793.25,0
1808.0,1
1808.5,0
1809.0,1
1809.5,0
1809.75,1
1810.75,0
1811.0,1
1812.5,0
1812.75,1
1813.25,0
1813.5,1
1815.0,0
1815.25,1
1817.0,0
1817.25,1
1817.75,0
1877.75,1
1878.0,0
1878.25,1
1878.5,0
1881.25,1
1882.25,0
1883.0,1
1883.25,0
1883.5,1
1884.5,0
1884.75,1
1886.0,0
1886.25,1
1888.25,0
1889.0,1
1889.25,0
1892.25,1
1892.5,0
1893.5,1
1893.75,0
1905.5,1
1906.0,0
1906.25,1
1906.75,0
1907.0,1
1907.5,0
1907.75,1
1909.25,0
1909.5,1
1909.75,0
1910.25,1
1910.5,0
1910.75,1
1911.5,0
1912.0,1
1913.0,0
1925.75,1
1926.0,0
1927.5,1
1927.75,0
1929.25,1
1930.5,0
1930.75,1
1933.0,0
1933.25,1
1934.0,0
1934.25,1
1935.25,0
1935.5,1
1935.75,0
1936.0,1
1936.75,0
1940.5,1
1940.75,0
1952.25,1
1952.5,0
1952.75,1
1954.0,0
1954.25,1
1955.5,0
1956.0,1
1956.75,0
1957.0,1
1957.25,0
1957.5,1
1957.75,0
1958.25,1
1958.5,0
1958.75,1
1960.5,0
1960.75,1
1961.0,0
1964.0,1
1964.25,0
1974.25,1
1974.5,0
1975.0,1
1975.25,0
1977.0,1
1978.75,0
1979.0,1
1980.0,0
1980.25,1
1980.75,0
1981.0,1
1982.25,0
1982.75,1
1983.25,0
1983.5,1
1984.75,0
1989.5,1
1990.0,0
2049.0,1
2049.25,0
2049.75,1
2050.5,0
2050.75,1
2051.25,0
2051.5,1
2052.75,0
2053.0,1
2053.5,0
2053.75,1
2054.5,0
2054.75,1
2056.5,0
2056.75,1
2057.0,0
2057.25,1
2057.5,0
2070.5,1
2070.75,0
2073.0,1
2073.25,0
2073.5,1
2074.25,0
2074.5,1
2074.75,0
2075.0,1
2075.5,0
2076.0,1
2076.5,0
2076.75,1
2077.25,0
2078.25,1
2078.5,0
2078.75,1
2079.5,0
2079.75,1
2080.0,0
2080.25,1
2080.5,0
2086.25,1
2086.5,0
2095.25,1
2095.5,0
2095.75,1
2096.0,0
2097.25,1
2099.5,0
2099.75,1
2101.0,0
2101.25,1
2101.5,0
2102.0,1
2103.25,0
2103.5,1
2104.0,0
2104.25,1
2104.5,0
2105.0,1
2105.25,0
2107.75,1
2108.0,0
2118.5,1
2119.25,0
2121.0,1
2121.25,0
2121.75,1
2122.25,0
2122.5,1
2123.0,0
2123.25,1
2126.25,0
2126.5,1
2127.25,0
2127.5,1
2127.75,0
2128.0,1
2129.0,0
2129.25,1
2129.5,0
2134.5,1
2134.75,0
2142.25,1
2142.5,0
2142.75,1
2143.25,0
2143.75,1
2144.0,0
2144.5,1
2145.0,0
2145.25,1
2146.0,0
2146.25,1
2148.0,0
2148.25,1
2148.75,0
2149.0,1
2149.5,0
2149.75,1
2151.0,0
2151.75,1
2152.75,0
2215.0,1
2215.5,0
2216.75,1
2217.5,0
2217.75,1
2218.25,0
2218.75,1
2220.25,0
2220.5,1
2221.75,0
2222.0,1
2222.5,0
2222.75,1
2223.5,0
2224.0,1
2224.5,0
2224.75,1
2225.0,0
2238.0,1
2238.25,0
2239.5,1
2239.75,0
2240.5,1
2241.0,0
2241.25,1
2241.5,0
2241.75,1
2243.0,0
2243.5,1
2245.5,0
2245.75,1
2246.75,0
2247.0,1
2249.5,0
2253.25,1
2253.5,0
2262.75,1
2263.0,0
2265.0,1
2266.0,0
2266.5,1
2267.0,0
2267.25,1
2268.75,0
2269.0,1
2270.5,0
2270.75,1
2272.25,0
2272.5,1
2272.75,0
2276.5,1
2276.75,0
2288.75,1
2289.0,0
2289.25,1
2289.5,0
2289.75,1
2290.25,0
2290.5,1
2291.75,0
2292.0,1
2292.25,0
2292.5,1
2292.75,0
2293.25,1
2295.0,0
2295.25,1
2295.5,0
2295.75,1
2297.0,0
2310.25,1
2310.75,0
2311.5,1
2311.75,0
2312.5,1
2312.75,0
2313.0,1
2317.0,0
2317.25,1
2317.5,0
2317.75,1
2318.0,0
2318.25,1
2318.5,0
2318.75,1
2319.0,0
2319.25,1
2320.25,0
2320.5,1
2321.0,0
2382.75,1
2383.0,0
2383.25,1
2383.5,0
2384.75,1
2385.0,0
2385.25,1
2386.25,0
2386.5,1
2387.25,0
2387.5,1
2389.0,0
2389.25,1
2390.5,0
2390.75,1
2391.0,0
2391.25,1
2392.25,0
2392.5,1
2392.75,0
2393.0,1
2393.25,0
2398.25,1
2398.5,0
2408.75,1
2409.0,0
2409.25,1
2409.5,0
2409.75,1
2410.0,0
2410.25,1
2410.5,0
2410.75,1
2411.5,0
2411.75,1
2413.25,0
2413.75,1
2415.0,0
2415.25,1
2415.75,0
2416.0,1
2416.25,0
2416.5,1
2416.75,0
2431.0,1
2431.25,0
2433.0,1
2434.5,0
2434.75,1
2436.5,0
2436.75,1
2437.25,0
2437.5,1
2437.75,0
2438.5,1
2440.75,0
2454.75,1
2455.0,0
2455.5,1
2455.75,0
2456.75,1
2457.0,0
2457.25,1
2457.75,0
2458.5,1
2462.0,0
2462.25,1
2465.0,0
2478.75,1
2479.0,0
2479.5,1
2479.75,0
2480.5,1
2480.75,0
2481.0,1
2482.0,0
2482.25,1
2483.5,0
2483.75,1
2484.25,0
2484.5,1
2487.0,0
2487.25,1
2489.25,0
2489.75,1
2490.0,0
2493.0,1
2493.25,0
2551.75,1
2552.0,0
2552.5,1
2553.5,0
2553.75,1
2556.0,0
2556.25,1
2557.25,0
2557.5,1
2559.0,0
2559.25,1
2560.0,0
2560.25,1
2560.5,0
2576.5,1
2576.75,0
2577.5,1
2577.75,0
2578.0,1
2579.75,0
2580.0,1
2580.25,0
2580.5,1
2581.0,0
2581.25,1
2582.75,0
2583.25,1
2585.0,0
2601.0,1
2601.25,0
2601.5,1
2605.25,0
2605.5,1
2606.0,0
2606.25,1
2608.0,0
2608.25,1
2609.0,0
2622.0,1
2622.25,0
2625.0,1
2625.5,0
2625.75,1
2626.75,0
2627.0,1
2627.75,0
2628.0,1
2628.25,0
2628.5,1
2630.25,0
2630.5,1
2631.25,0
2631.5,1
2632.25,0
2632.5,1
2633.0,0
2633.75,1
2634.0,0
2646.0,1
2646.5,0
2646.75,1
2647.0,0
2648.25,1
2648.5,0
2648.75,1
2649.5,0
2649.75,1
2651.0,0
2651.5,1
2652.0,0
2652.25,1
2652.75,0
2653.0,1
2653.5,0
2654.25,1
2656.75,0
2657.0,1
2657.25,0
2720.5,1
2720.75,0
2722.5,1
2723.25,0
2723.5,1
2724.75,0
2725.0,1
2725.5,0
2725.75,1
2726.5,0
2726.75,1
2728.75,0
2729.0,1
2729.25,0
2743.75,1
2744.0,0
2744.75,1
2749.25,0
2749.5,1
2752.75,0
2753.0,1
2753.25,0
2753.75,1
2754.0,0
2757.5,1
2757.75,0
2766.0,1
2766.25,0
2767.5,1
2768.25,0
2768.75,1
2769.75,0
2770.0,1
2772.5,0
2772.75,1
2773.25,0
2773.5,1
2774.0,0
2774.25,1
2775.25,0
2775.5,1
2777.0,0
2777.25,1
2777.75,0
2790.5,1
2790.75,0
2792.25,1
2792.5,0
2793.0,1
2793.5,0
2793.75,1
2794.75,0
2795.5,1
2796.25,0
2796.75,1
2798.0,0
2798.25,1
2798.75,0
2799.0,1
2799.75,0
2800.25,1
2801.25,0
2805.0,1
2805.25,0
2805.5,1
2805.75,0
2814.5,1
2814.75,0
2815.25,1
2816.0,0
2816.75,1
2819.75,0
2820.25,1
2821.25,0
2821.5,1
2822.0,0
2822.25,1
2824.25,0
2824.5,1
2825.0,0
2886.5,1
2886.75,0
2888.0,1
2888.25,0
2888.75,1
2889.0,0
2889.5,1
2890.0,0
2890.25,1
2891.25,0
2891.5,1
2892.0,0
2892.5,1
2893.0,0
2893.25,1
2893.75,0
2894.25,1
2897.0,0
2900.5,1
2900.75,0
2912.75,1
2913.0,0
2913.25,1
2914.25,0
2914.5,1
2915.75,0
2916.0,1
2916.5,0
2916.75,1
2918.25,0
2918.5,1
2920.5,0
2920.75,1
2921.0,0
2921.5,1
2921.75,0
2933.75,1
2934.0,0
2935.75,1
2936.0,0
2936.25,1
2936.5,0
2937.0,1
2939.25,0
2939.5,1
2940.0,0
2940.25,1
2940.5,0
2941.0,1
2941.25,0
2941.5,1
2941.75,0
2942.0,1
2942.25,0
2943.0,1
2943.5,0
2943.75,1
2945.25,0
2946.0,1
2946.25,0
2958.75,1
2959.0,0
2960.75,1
2961.5,0
2961.75,1
2962.25,0
2962.5,1
2964.75,0
2965.25,1
2965.5,0
2965.75,1
2967.5,0
2967.75,1
2968.25,0
2968.75,1
2969.25,0
2985.0,1
2986.75,0
2987.0,1
2989.75,0
2990.0,1
2990.25,0
2990.75,1
2993.0,0
3056.75,1
3057.0,0
3057.5,1
3058.0,0
3058.5,1
3061.5,0
3061.75,1
3062.5,0
3062.75,1
3063.5,0
3063.75,1
3064.0,0
3064.5,1
3065.0,0
3065.25,1
3065.5,0
3070.25,1
3070.5,0
3071.5,1
3071.75,0
3072.25,1
3072.5,0
3081.25,1
3081.75,0
3082.0,1
3083.75,0
3084.0,1
3085.0,0
3085.25,1
3085.5,0
3085.75,1
3087.0,0
3087.25,1
3087.75,0
3088.0,1
3088.25,0
3088.75,1
3089.25,0
3092.0,1
3092.25,0
3093.0,1
3093.25,0
3093.5,1
3093.75,0
3103.25,1
3103.75,0
3104.75,1
3105.25,0
3105.75,1
3107.75,0
3108.25,1
3108.75,0
3109.0,1
3110.5,0
3110.75,1
3111.75,0
3112.0,1
3112.75,0
3113.5,1
3113.75,0
3128.75,1
3129.75,0
3130.0,1
3132.0,0
3132.5,1
3134.25,0
3135.5,1
3137.25,0
3141.75,1
3142.25,0
3151.75,1
3152.0,0
3152.75,1
3153.0,0
3153.25,1
3153.5,0
3154.0,1
3154.25,0
3154.5,1
3160.5,0
3165.25,1
3165.5,0
3221.75,1
3222.0,0
3223.25,1
3223.5,0
3225.25,1
3228.0,0
3228.25,1
3229.75,0
3230.0,1
3232.75,0
3246.25,1
3247.0,0
3249.25,1
3250.75,0
3251.0,1
3252.5,0
3252.75,1
3254.75,0
3255.0,1
3255.25,0
3255.5,1
3255.75,0
3256.0,1
3256.5,0
3257.0,1
3257.75,0
3261.0,1
3261.25,0
3261.5,1
3261.75,0
3271.0,1
3271.25,0
3271.5,1
3271.75,0
3273.0,1
3276.75,0
3277.0,1
3278.5,0
3278.75,1
3279.0,0
3279.25,1
3281.25,0
3285.5,1
3285.75,0
3294.5,1
3294.75,0
3295.25,1
3295.5,0
3297.5,1
3299.75,0
3300.0,1
3300.5,0
3300.75,1
3301.5,0
3301.75,1
3302.25,0
3302.75,1
3303.75,0
3304.0,1
3304.75,0
3319.0,1
3319.25,0
3319.5,1
3319.75,0
3320.5,1
3321.0,0
3321.25,1
3322.5,0
3322.75,1
3324.25,0
3324.5,1
3325.0,0
3326.0,1
3327.5,0
3328.0,1
3329.25,0
3333.75,1
3334.0,0
3391.25,1
3391.75,0
3392.0,1
3392.5,0
3393.0,1
3393.5,0
3394.5,1
3394.75,0
3395.0,1
3396.5,0
3396.75,1
3397.0,0
3397.25,1
3397.75,0
3398.0,1
3400.25,0
3400.75,1
3401.0,0
3405.75,1
3406.0,0
3415.75,1
3416.25,0
3417.0,1
3417.5,0
3417.75,1
3420.75,0
3421.0,1
3423.5,0
3424.25,1
3424.75,0
3425.0,1
3425.25,0
3438.25,1
3438.5,0
3440.75,1
3441.0,0
3441.5,1
3443.25,0
3443.5,1
3445.0,0
3445.25,1
3447.0,0
3447.25,1
3447.5,0
3448.0,1
3448.25,0
3448.75,1
3449.0,0
3452.25,1
3452.5,0
3465.25,1
3465.75,0
3466.0,1
3466.75,0
3467.0,1
3469.75,0
3470.5,1
3471.25,0
3471.75,1
3472.5,0
3472.75,1
3473.25,0
3488.75,1
3489.25,0
3489.5,1
3490.75,0
3491.0,1
3491.5,0
3491.75,1
3493.5,0
3493.75,1
3494.0,0
3494.5,1
3497.25,0
3559.75,1
3560.0,0
3561.0,1
3562.25,0
3562.5,1
3563.25,0
3563.5,1
3564.0,0
3564.25,1
3564.75,0
3565.25,1
3566.0,0
3566.25,1
3566.5,0
3566.75,1
3567.25,0
3567.5,1
3567.75,0
3568.0,1
3568.5,0
3569.0,1
3569.5,0
3572.5,1
3572.75,0
3605.5,1
3605.75,0
3608.5,1
3608.75,0
3609.25,1
3610.0,0
3610.25,1
3612.75,0
3613.0,1
3613.5,0
3613.75,1
3614.75,0
3615.25,1
3616.75,0
3617.0,1
3617.25,0
3631.75,1
3632.0,0
3633.25,1
3633.75,0
3634.0,1
3636.25,0
3636.5,1
3637.0,0
3637.25,1
3637.75,0
3638.0,1
3638.25,0
3638.75,1
3640.25,0
3640.5,1
3640.75,0
3645.25,1
3645.5,0
3654.0,1
3654.25,0
3656.75,1
3657.0,0
3657.25,1
3657.5,0
3658.0,1
3659.0,0
3659.25,1
3661.25,0
3661.75,1
3662.0,0
3662.25,1
3663.25,0
3663.5,1
3664.5,0
3665.5,1
3665.75,0
3668.5,1
3668.75,0
3726.5,1
3726.75,0
3728.25,1
3728.5,0
3728.75,1
3729.0,0
3729.25,1
3730.25,0
3730.75,1
3731.25,0
3731.5,1
3732.75,0
3733.0,1
3734.5,0
3734.75,1
3735.75,0
3736.0,1
3737.0,0
3737.25,1
3737.5,0
3739.75,1
3740.25,0
3741.0,1
3741.25,0
3752.25,1
3752.5,0
3753.5,1
3754.75,0
3755.0,1
3756.5,0
3756.75,1
3759.25,0
3759.5,1
3761.5,0
3775.25,1
3775.5,0
3775.75,1
3776.0,0
3776.5,1
3777.5,0
3777.75,1
3778.0,0
3778.25,1
3780.0,0
3780.5,1
3781.25,0
3781.5,1
3781.75,0
3782.0,1
3783.5,0
3784.0,1
3784.5,0
3784.75,1
3785.0,0
3799.25,1
3799.5,0
3800.5,1
3800.75,0
3801.0,1
3801.25,0
3801.5,1
3805.25,0
3805.75,1
3808.0,0
3808.25,1
3808.5,0
3808.75,1
3809.0,0
3812.5,1
3812.75,0
3813.5,1
3813.75,0
3822.5,1
3822.75,0
3825.0,1
3825.25,0
3825.5,1
3827.5,0
3827.75,1
3829.25,0
3829.75,1
3830.75,0
3831.0,1
3832.0,0
3833.0,1
3833.25,0
3834.25,1
3834.5,0
3894.5,1
3894.75,0
3895.0,1
3895.25,0
3897.5,1
3898.0,0
3898.75,1
3900.75,0
3901.0,1
3905.5,0
3906.0,1
3906.25,0
3918.75,1
3919.0,0
3921.25,1
3923.5,0
3924.0,1
3924.5,0
3924.75,1
3925.25,0
3925.5,1
3925.75,0
3926.0,1
3926.5,0
3926.75,1
3927.25,0
3927.5,1
3929.0,0
3933.5,1
3933.75,0
3943.0,1
3943.5,0
3943.75,1
3944.0,0
3945.0,1
3945.25,0
3946.25,1
3946.75,0
3947.0,1
3948.75,0
3949.0,1
3949.75,0
3950.0,1
3950.75,0
3951.0,1
3952.5,0
3952.75,1
3953.25,0
3956.5,1
3956.75,0
3957.5,1
3957.75,0
3965.5,1
3965.75,0
3967.0,1
3967.25,0
3967.75,1
3968.0,0
3968.75,1
3969.75,0
3970.0,1
3971.75,0
3972.0,1
3972.25,0
3972.5,1
3973.0,0
3973.25,1
3973.5,0
3973.75,1
3974.0,0
3974.5,1
3975.0,0
3975.5,1
3976.5,0
3976.75,1
3977.0,0
3977.25,1
3977.5,0
3992.25,1
3992.5,0
3993.0,1
3993.75,0
3994.0,1
3994.5,0
3995.0,1
3995.75,0
3996.0,1
3996.25,0
3996.5,1
3997.25,0
3997.75,1
3998.25,0
3998.5,1
3999.0,0
3999.25,1
4000.0,0
4000.25,1
4001.0,0
4001.25,1
4001.5,0
4065.0,1
4068.5,0
4068.75,1
4069.25,0
4069.5,1
4072.0,0
4072.25,1
4072.75,0
4073.0,1
4073.25,0
4076.5,1
4076.75,0
4077.75,1
4078.0,0
4089.25,1
4090.0,0
4090.25,1
4091.75,0
4092.0,1
4093.0,0
4093.25,1
4097.0,0
4101.0,1
4101.25,0
4109.75,1
4110.0,0
4110.75,1
4111.5,0
4112.75,1
4113.0,0
4113.25,1
4113.5,0
4113.75,1
4114.25,0
4114.5,1
4115.25,0
4115.5,1
4116.25,0
4116.5,1
4118.5,0
4118.75,1
4119.5,0
4120.0,1
4120.25,0
4120.5,1
4121.25,0
4137.0,1
4138.5,0
4138.75,1
4139.0,0
4139.25,1
4140.25,0
4141.0,1
4141.75,0
4142.25,1
4143.0,0
4143.5,1
4145.25,0
4148.25,1
4148.5,0
4150.0,1
4150.25,0
4160.75,1
4161.0,0
4161.25,1
4164.75,0
4165.0,1
4167.25,0
4167.5,1
4168.75,0
4169.0,1
4169.5,0
4172.0,1
4172.25,0
4231.0,1
4231.25,0
4233.0,1
4233.25,0
4233.5,1
4236.0,0
4236.25,1
4236.5,0
4237.0,1
4237.25,0
4237.5,1
4237.75,0
4238.0,1
4239.0,0
4239.25,1
4241.0,0
4256.75,1
4257.0,0
4257.5,1
4260.0,0
4260.25,1
4261.75,0
4262.25,1
4264.25,0
4264.5,1
4265.0,0
4268.5,1
4268.75,0
4269.5,1
4269.75,0
4281.0,1
4281.25,0
4281.75,1
4285.5,0
4286.0,1
4287.25,0
4287.5,1
4288.0,0
4288.25,1
4288.75,0
4293.25,1
4293.5,0
4303.75,1
4304.0,0
4304.75,1
4306.0,0
4306.25,1
4306.75,0
4307.0,1
4307.75,0
4308.25,1
4308.5,0
4308.75,1
4310.5,0
4310.75,1
4311.25,0
4311.5,1
4312.5,0
4312.75,1
4313.0,0
4313.5,1
4313.75,0
4326.75,1
4327.0,0
4329.5,1
4330.25,0
4330.75,1
4331.75,0
4332.0,1
4332.5,0
4333.5,1
4334.75,0
4335.0,1
4336.5,0
4337.0,1
4337.25,0
4397.75,1
4398.0,0
4400.5,1
4400.75,0
4401.25,1
4402.25,0
4402.5,1
4405.75,0
4406.25,1
4406.5,0
4406.75,1
4408.25,0
4408.5,1
4409.0,0
4409.25,1
4409.5,0
4413.25,1
4413.75,0
4446.0,1
4446.25,0
4448.75,1
4449.0,0
4449.25,1
4449.5,0
4449.75,1
4452.25,0
4452.5,1
4453.0,0
4453.25,1
4457.0,0
4457.5,1
4457.75,0
4471.75,1
4472.0,0
4472.5,1
4473.5,0
4473.75,1
4475.25,0
4476.0,1
4476.25,0
4476.5,1
4477.0,0
4477.25,1
4477.5,0
4477.75,1
4478.5,0
4478.75,1
4481.0,0
4481.25,1
4481.5,0
4494.5,1
4494.75,0
4495.5,1
4495.75,0
4496.5,1
4496.75,0
4497.25,1
4498.25,0
4498.75,1
4500.5,0
4500.75,1
4501.5,0
4501.75,1
4502.25,0
4502.75,1
4504.25,0
4504.5,1
4504.75,0
4505.0,1
4505.25,0
4569.25,1
4571.0,0
4571.25,1
4573.0,0
4573.25,1
4574.25,0
4574.5,1
4574.75,0
4575.0,1
4575.75,0
4576.0,1
4577.0,0
4581.0,1
4581.25,0
4590.5,1
4590.75,0
4592.75,1
4593.0,0
4593.25,1
4593.75,0
4594.0,1
4594.5,0
4594.75,1
4596.75,0
4597.0,1
4598.5,0
4598.75,1
4600.75,0
4606.0,1
4606.25,0
4615.25,1
4615.5,0
4617.0,1
4617.75,0
4618.25,1
4618.5,0
4618.75,1
4619.25,0
4619.5,1
4620.25,0
4620.5,1
4623.75,0
4624.0,1
4624.5,0
4624.75,1
4625.25,0
4638.0,1
4638.5,0
4640.75,1
4642.5,0
4643.0,1
4643.75,0
4644.0,1
4644.5,0
4645.25,1
4645.5,0
4645.75,1
4647.0,0
4647.5,1
4647.75,0
4648.0,1
4649.0,0
4653.5,1
4654.0,0
4663.5,1
4664.0,0
4664.5,1
4665.0,0
4665.25,1
4665.75,0
4666.0,1
4668.0,0
4668.25,1
4668.5,0
4669.0,1
4670.25,0
4671.25,1
4673.0,0
4678.5,1
4678.75,0
4736.25,1
4737.0,0
4737.25,1
4740.75,0
4741.0,1
4741.25,0
4741.5,1
4744.0,0
4744.5,1
4745.25,0
4759.5,1
4759.75,0
4760.0,1
4760.25,0
4761.5,1
4762.0,0
4762.25,1
4763.25,0
4764.0,1
4764.25,0
4764.5,1
4764.75,0
4765.0,1
4765.5,0
4766.0,1
4767.75,0
4768.0,1
4769.25,0
4772.0,1
4772.25,0
4782.5,1
4783.0,0
4784.25,1
4784.5,0
4785.0,1
4786.0,0
4786.25,1
4787.0,0
4787.25,1
4788.0,0
4788.25,1
4788.5,0
4789.0,1
4789.75,0
4790.25,1
4790.5,0
4790.75,1
4792.5,0
4794.0,1
4794.25,0
4807.0,1
4807.25,0
4808.25,1
4808.5,0
4809.0,1
4810.0,0
4810.25,1
4810.75,0
4811.0,1
4811.25,0
4811.5,1
4811.75,0
4812.0,1
4813.0,0
4813.25,1
4814.5,0
4814.75,1
4815.0,0
4815.25,1
4816.75,0
4817.25,1
4817.5,0
4830.75,1
4831.0,0
4833.0,1
4833.25,0
4833.75,1
4836.75,0
4837.0,1
4837.5,0
4837.75,1
4838.25,0
4838.75,1
4840.75,0
4841.0,1
4841.25,0
4902.25,1
4902.5,0
4904.0,1
4904.25,0
4905.25,1
4905.5,0
4906.0,1
4906.5,0
4906.75,1
4907.5,0
4907.75,1
4908.25,0
4908.5,1
4909.25,0
4909.5,1
4910.0,0
4910.25,1
4910.5,0
4910.75,1
4913.0,0
4927.25,1
4927.75,0
4928.25,1
4928.75,0
4929.0,1
4933.5,0
4933.75,1
4934.0,0
4934.25,1
4935.0,0
4935.75,1
4937.25,0
4937.75,1
4938.0,0
4949.75,1
4950.0,0
4950.25,1
4950.5,0
4953.0,1
4955.0,0
4955.25,1
4957.0,0
4957.25,1
4958.0,0
4958.25,1
4959.5,0
4959.75,1
4960.75,0
4961.0,1
4961.25,0
4965.0,1
4965.25,0
4976.5,1
4978.0,0
4978.25,1
4979.0,0
4979.25,1
4981.25,0
4981.5,1
4981.75,0
4982.0,1
4985.0,0
5001.25,1
5001.5,0
5001.75,1
5002.75,0
5003.0,1
5005.0,0
5005.5,1
5006.5,0
5007.0,1
5009.0,0
5013.25,1
5013.5,0
5070.5,1
5070.75,0
5071.0,1
5071.25,0
5071.75,1
5072.0,0
5073.25,1
5074.5,0
5074.75,1
5076.25,0
5076.5,1
5079.0,0
5079.5,1
5080.5,0
5080.75,1
5081.0,0
5081.5,1
5081.75,0
5083.75,1
5084.0,0
5094.5,1
5094.75,0
5095.75,1
5096.0,0
5097.0,1
5097.25,0
5097.5,1
5097.75,0
5098.0,1
5100.0,0
5100.25,1
5101.25,0
5101.5,1
5101.75,0
5102.5,1
5103.75,0
5104.0,1
5104.25,0
5104.75,1
5105.25,0
5106.25,1
5106.5,0
5120.75,1
5121.25,0
5121.5,1
5123.0,0
5123.5,1
5124.0,0
5124.25,1
5124.5,0
5125.25,1
5127.25,0
5127.5,1
5128.5,0
5129.25,1
5129.5,0
5132.25,1
5132.5,0
5133.25,1
5133.5,0
5143.0,1
5143.25,0
5144.75,1
5146.25,0
5147.0,1
5147.25,0
5147.5,1
5147.75,0
5148.0,1
5148.5,0
5149.25,1
5151.75,0
5152.0,1
5152.25,0
5152.75,1
5153.25,0
5168.5,1
5168.75,0
5169.75,1
5171.0,0
5171.25,1
5172.5,0
5173.0,1
5175.0,0
5175.25,1
5176.75,0
5177.0,1
5177.25,0
5240.75,1
5241.75,0
5242.0,1
5244.25,0
5244.5,1
5245.0,0
5245.25,1
5246.25,0
5246.75,1
5247.75,0
5248.0,1
5248.75,0
5249.0,1
5249.25,0
5264.25,1
5265.0,0
5265.25,1
5267.0,0
5267.25,1
5267.5,0
5267.75,1
5268.0,0
5269.25,1
5269.75,0
5270.25,1
5271.25,0
5271.75,1
5272.75,0
5273.25,1
5273.5,0
5275.5,1
5275.75,0
5286.5,1
5286.75,0
5287.25,1
5287.5,0
5289.0,1
5289.5,0
5289.75,1
5290.25,0
5290.5,1
5291.5,0
5292.25,1
5293.5,0
5294.0,1
5295.0,0
5295.25,1
5296.25,0
5296.5,1
5296.75,0
5297.0,1
5297.5,0
5300.75,1
5301.0,0
5312.25,1
5312.5,0
5312.75,1
5314.0,0
5314.25,1
5316.25,0
5316.5,1
5317.5,0
5317.75,1
5318.25,0
5318.5,1
5320.0,0
5320.5,1
5320.75,0
5321.5,1
5321.75,0
5334.75,1
5335.0,0
5336.5,1
5336.75,0
5337.5,1
5339.0,0
5339.25,1
5342.0,0
5342.25,1
5343.25,0
5343.75,1
5345.25,0
5345.5,1
5345.75,0
5348.5,1
5348.75,0
5406.25,1
5406.5,0
5409.25,1
5412.0,0
5412.5,1
5415.25,0
5415.5,1
5415.75,0
5416.0,1
5416.75,0
5420.75,1
5421.0,0
5432.75,1
5433.0,0
5433.25,1
5434.0,0
5434.25,1
5434.75,0
5435.0,1
5437.25,0
5437.5,1
5437.75,0
5438.0,1
5438.25,0
5438.5,1
5439.0,0
5439.75,1
5440.25,0
5440.5,1
5441.25,0
5446.0,1
5446.25,0
5455.0,1
5455.25,0
5455.75,1
5456.0,0
5457.5,1
5458.0,0
5458.5,1
5459.25,0
5459.5,1
5460.25,0
5460.5,1
5461.5,0
5461.75,1
5462.5,0
5462.75,1
5463.0,0
5463.25,1
5465.25,0
5465.5,1
5465.75,0
5479.25,1
5479.5,0
5481.25,1
5482.75,0
5483.0,1
5483.75,0
5484.5,1
5484.75,0
5485.0,1
5485.25,0
5485.5,1
5486.5,0
5486.75,1
5487.0,0
5487.25,1
5487.5,0
5487.75,1
5489.0,0
5489.25,1
5489.75,0
5504.0,1
5504.25,0
5505.5,1
5505.75,0
5506.0,1
5506.5,0
5506.75,1
5508.0,0
5508.25,1
5508.75,0
5509.0,1
5510.5,0
5511.0,1
5513.25,0
5513.5,1
5513.75,0
5517.0,1
5517.25,0
5517.75,1
5518.0,0
5576.25,1
5576.5,0
5577.25,1
5578.5,0
5579.25,1
5580.0,0
5580.25,1
5581.25,0
5581.75,1
5582.25,0
5582.5,1
5583.75,0
5584.0,1
5584.75,0
5600.5,1
5601.25,0
5602.25,1
5603.0,0
5603.25,1
5604.25,0
5604.5,1
5605.5,0
5605.75,1
5606.0,0
5606.25,1
5608.0,0
5608.5,1
5608.75,0
5609.0,1
5609.25,0
5609.5,1
5609.75,0
5621.75,1
5622.0,0
5622.25,1
5622.5,0
5624.25,1
5625.5,0
5625.75,1
5627.0,0
5627.5,1
5628.25,0
5628.75,1
5630.75,0
5631.0,1
5633.0,0
5633.25,1
5633.75,0
5635.75,1
5636.0,0
5637.25,1
5637.5,0
5648.75,1
5650.25,0
5650.5,1
5651.25,0
5651.5,1
5653.0,0
5653.25,1
5653.75,0
5654.0,1
5656.75,0
5657.0,1
5657.25,0
5669.75,1
5670.0,0
5670.75,1
5671.25,0
5672.5,1
5672.75,0
5673.0,1
5674.5,0
5674.75,1
5675.0,0
5675.25,1
5676.75,0
5677.0,1
5677.25,0
5677.5,1
5678.0,0
5678.25,1
5679.25,0
5679.5,1
5679.75,0
5680.0,1
5680.75,0
5745.25,1
5745.5,0
5746.0,1
5747.25,0
5747.5,1
5749.25,0
5749.5,1
5751.25,0
5751.75,1
5753.0,0
5753.25,1
5753.5,0
5767.5,1
5767.75,0
5769.25,1
5770.5,0
5770.75,1
5772.0,0
5772.25,1
5773.5,0
5774.25,1
5776.25,0
5776.5,1
5777.5,0
5781.75,1
5782.0,0
5791.0,1
5791.25,0
5791.75,1
5792.75,0
5793.25,1
5794.25,0
5794.5,1
5795.25,0
5795.5,1
5796.0,0
5796.5,1
5796.75,0
5797.0,1
5798.0,0
5798.5,1
5799.5,0
5799.75,1
5800.25,0
5800.5,1
5801.0,0
5804.75,1
5805.0,0
5814.5,1
5814.75,0
5817.25,1
5819.25,0
5819.5,1
5822.5,0
5822.75,1
5823.0,0
5823.25,1
5823.5,0
5823.75,1
5824.0,0
5824.5,1
5825.5,0
5829.25,1
5829.5,0
5838.75,1
5839.0,0
5840.5,1
5840.75,0
5841.0,1
5841.25,0
5841.5,1
5842.25,0
5842.5,1
5845.75,0
5846.25,1
5848.25,0
5848.5,1
5848.75,0
5850.0,1
5850.25,0
5910.0,1
5910.25,0
5913.0,1
5913.25,0
5913.5,1
5913.75,0
5914.0,1
5914.5,0
5915.0,1
5915.25,0
5916.25,1
5916.5,0
5917.0,1
5917.25,0
5917.5,1
5918.5,0
5919.0,1
5920.5,0
5920.75,1
5921.0,0
5924.25,1
5924.5,0
5958.75,1
5959.0,0
5960.5,1
5960.75,0
5961.0,1
5962.5,0
5962.75,1
5963.75,0
5964.0,1
5964.5,0
5965.0,1
5965.5,0
5965.75,1
5966.75,0
5967.0,1
5967.25,0
5967.75,1
5968.25,0
5968.75,1
5969.0,0
5972.75,1
5973.0,0
5983.75,1
5984.0,0
5984.75,1
5985.0,0
5985.25,1
5986.5,0
5986.75,1
5988.75,0
5989.0,1
5990.75,0
5991.5,1
5993.25,0
6009.25,1
6009.75,0
6010.0,1
6011.75,0
6012.25,1
6012.75,0
6013.0,1
6013.5,0
6013.75,1
6014.25,0
6014.5,1
6015.25,0
6015.5,1
6016.5,0
6016.75,1
6017.5,0
6020.0,1
6020.25,0
6020.75,1
6021.0,0
6022.25,1
6022.5,0
6079.0,1
6079.25,0
6079.75,1
6080.0,0
6080.5,1
6081.0,0
6081.25,1
6081.5,0
6081.75,1
6083.25,0
6083.5,1
6084.75,0
6085.0,1
6087.25,0
6087.5,1
6088.5,0
6089.25,1
6089.5,0
6102.75,1
6103.0,0
6104.25,1
6104.5,0
6105.0,1
6108.25,0
6108.5,1
6109.25,0
6109.5,1
6110.25,0
6110.75,1
6112.5,0
6112.75,1
6113.0,0
6113.25,1
6113.5,0
6129.0,1
6129.25,0
6129.5,1
6130.75,0
6131.0,1
6131.5,0
6131.75,1
6133.5,0
6133.75,1
6134.5,0
6135.0,1
6135.25,0
6135.5,1
6136.5,0
6136.75,1
6137.0,0
6151.5,1
6151.75,0
6153.25,1
6153.5,0
6153.75,1
6155.25,0
6155.75,1
6156.25,0
6156.5,1
6157.0,0
6157.25,1
6159.0,0
6159.25,1
6159.5,0
6160.0,1
6160.5,0
6160.75,1
6161.5,0
6165.25,1
6165.5,0
6176.75,1
6177.25,0
6178.0,1
6178.25,0
6178.5,1
6179.75,0
6180.0,1
6180.25,0
6180.5,1
6180.75,0
6181.25,1
6182.25,0
6182.5,1
6183.25,0
6183.75,1
6184.5,0
6185.5,1
6185.75,0
6249.5,1
6250.25,0
6250.75,1
6252.0,0
6252.25,1
6254.0,0
6254.25,1
6255.5,0
6255.75,1
6256.5,0
6257.25,1
6257.5,0
6273.25,1
6274.25,0
6274.5,1
6277.0,0
6277.25,1
6277.5,0
6277.75,1
6278.0,0
6278.25,1
6279.5,0
6279.75,1
6281.25,0
6297.0,1
6299.5,0
6299.75,1
6301.25,0
6301.5,1
6304.5,0
6305.75,1
6306.0,0
6318.5,1
6318.75,0
6321.5,1
6323.5,0
6323.75,1
6324.0,0
6324.25,1
6324.75,0
6325.25,1
6329.0,0
6333.0,1
6333.25,0
6342.75,1
6343.0,0
6344.25,1
6344.5,0
6345.0,1
6345.5,0
6345.75,1
6349.0,0
6349.5,1
6350.25,0
6350.75,1
6351.5,0
6351.75,1
6353.5,0
6353.75,1
6354.0,0
6417.5,1
6418.75,0
6419.0,1
6419.75,0
6420.5,1
6422.0,0
6422.25,1
6423.0,0
6423.25,1
6424.0,0
6424.25,1
6425.25,0
6438.5,1
6438.75,0
6439.25,1
6439.5,0
6441.0,1
6441.25,0
6441.75,1
6444.25,0
6444.5,1
6445.25,0
6445.5,1
6446.75,0
6447.0,1
6447.75,0
6448.0,1
6448.25,0
6448.5,1
6449.0,0
6453.75,1
6454.0,0
6461.25,1
6461.5,0
6463.75,1
6464.0,0
6464.75,1
6465.0,0
6465.25,1
6465.5,0
6465.75,1
6466.5,0
6466.75,1
6467.25,0
6467.75,1
6470.0,0
6470.25,1
6471.0,0
6471.25,1
6471.75,0
6472.75,1
6473.0,0
6486.25,1
6486.5,0
6488.25,1
6488.5,0
6489.5,1
6489.75,0
6490.0,1
6490.75,0
6491.0,1
6491.75,0
6492.25,1
6493.0,0
6493.25,1
6495.0,0
6495.25,1
6496.25,0
6496.75,1
6497.0,0
6511.0,1
6511.25,0
6512.25,1
6512.5,0
6513.0,1
6517.5,0
6517.75,1
6518.0,0
6518.25,1
6519.25,0
6519.5,1
6519.75,0
6520.0,1
6520.5,0
6520.75,1
6521.25,0
6524.0,1
6524.25,0
6584.0,1
6584.25,0
6584.5,1
6587.25,0
6587.5,1
6590.75,0
6591.0,1
6593.0,0
6593.5,1
6593.75,0
6594.0,1
6594.25,0
6596.75,1
6597.25,0
6606.0,1
6606.25,0
6608.25,1
6608.5,0
6609.25,1
6611.25,0
6611.75,1
6612.0,0
6612.25,1
6613.75,0
6614.0,1
6616.0,0
6616.25,1
6617.0,0
6619.5,1
6619.75,0
6620.75,1
6621.0,0
6630.0,1
6630.25,0
6631.0,1
6631.5,0
6633.25,1
6634.0,0
6634.25,1
6634.5,0
6634.75,1
6636.5,0
6636.75,1
6637.25,0
6637.75,1
6639.25,0
6639.5,1
6640.75,0
6641.0,1
6641.25,0
6644.0,1
6644.25,0
6644.5,1
6644.75,0
6645.5,1
6645.75,0
6657.5,1
6659.25,0
6659.5,1
6662.5,0
6662.75,1
6664.0,0
6664.25,1
6664.5,0
6664.75,1
6665.5,0
6679.25,1
6679.5,0
6681.5,1
6684.0,0
6684.25,1
6688.0,0
6688.25,1
6689.0,0
6689.25,1
6689.5,0
6752.25,1
6752.5,0
6752.75,1
6753.5,0
6753.75,1
6756.5,0
6756.75,1
6757.5,0
6758.0,1
6759.75,0
6760.0,1
6761.0,0
6766.0,1
6766.25,0
6798.0,1
6798.25,0
6800.5,1
6800.75,0
6801.25,1
6801.75,0
6802.25,1
6805.75,0
6806.0,1
6808.75,0
6822.0,1
6822.25,0
6824.75,1
6825.0,0
6825.75,1
6826.0,0
6826.25,1
6826.5,0
6827.25,1
6827.5,0
6827.75,1
6829.25,0
6829.5,1
6829.75,0
6830.0,1
6833.0,0
6833.25,1
6833.75,0
6846.5,1
6846.75,0
6847.0,1
6847.25,0
6848.75,1
6853.0,0
6853.25,1
6853.75,0
6854.0,1
6857.0,0
6861.0,1
6861.25,0
6918.5,1
6918.75,0
6919.25,1
6919.5,0
6919.75,1
6920.0,0
6920.75,1
6922.25,0
6922.5,1
6922.75,0
6923.0,1
6926.5,0
6927.0,1
6928.75,0
6930.25,1
6930.5,0
6942.0,1
6942.25,0
6943.25,1
6943.5,0
6944.75,1
6945.0,0
6945.25,1
6947.0,0
6947.25,1
6948.0,0
6948.25,1
6950.25,0
6950.5,1
6950.75,0
6951.0,1
6951.5,0
6952.0,1
6952.5,0
6957.25,1
6957.5,0
6966.75,1
6967.5,0
6969.0,1
6970.5,0
6970.75,1
6972.0,0
6972.25,1
6972.5,0
6973.25,1
6974.75,0
6975.0,1
6975.5,0
6975.75,1
6976.25,0
6976.5,1
6977.0,0
6977.75,1
6978.0,0
6990.25,1
6990.75,0
6992.25,1
6993.25,0
6993.5,1
6995.25,0
6995.5,1
6996.0,0
6996.25,1
6996.75,0
6997.0,1
6997.5,0
6997.75,1
6998.5,0
6998.75,1
6999.25,0
6999.5,1
7000.5,0
7001.0,1
7001.25,0
7001.5,1
7001.75,0
7014.75,1
7015.25,0
7016.0,1
7016.5,0
7016.75,1
7017.5,0
7018.0,1
7018.75,0
7019.0,1
7019.25,0
7019.5,1
7020.0,0
7021.25,1
7021.5,0
7021.75,1
7024.25,0
7024.5,1
7024.75,0
7026.0,1
7026.25,0
7029.0,1
7029.25,0
7030.0,1
7030.25,0
7088.5,1
7088.75,0
7089.25,1
7091.25,0
7091.5,1
7092.5,0
7093.0,1
7093.25,0
7093.5,1
7094.0,0
7094.25,1
7094.5,0
7094.75,1
7095.0,0
7095.25,1
7095.5,0
7096.0,1
7096.5,0
7097.25,1
7097.5,0
7110.5,1
7110.75,0
7113.0,1
7114.25,0
7114.75,1
7117.25,0
7117.75,1
7118.0,0
7118.25,1
7119.25,0
7119.5,1
7121.0,0
7135.0,1
7135.25,0
7136.75,1
7137.25,0
7137.5,1
7137.75,0
7138.0,1
7138.75,0
7139.0,1
7140.0,0
7141.0,1
7141.5,0
7141.75,1
7142.0,0
7142.5,1
7142.75,0
7143.0,1
7145.25,0
7150.0,1
7150.25,0
7158.0,1
7158.25,0
7159.75,1
7160.0,0
7160.75,1
7161.0,0
7161.25,1
7164.0,0
7164.5,1
7165.0,0
7165.75,1
7168.5,0
7168.75,1
7169.25,0
7172.75,1
7173.0,0
7181.75,1
7182.0,0
7183.0,1
7183.25,0
7185.0,1
7185.25,0
7185.5,1
7185.75,0
7186.0,1
7188.25,0
7188.75,1
7189.0,0
7189.25,1
7190.25,0
7190.5,1
7191.75,0
7192.0,1
7192.75,0
7193.25,1
7193.75,0
7253.75,1
7254.0,0
7254.5,1
7254.75,0
7257.25,1
7257.5,0
7257.75,1
7258.25,0
7258.5,1
7258.75,0
7259.0,1
7260.25,0
7260.5,1
7262.0,0
7262.25,1
7264.5,0
7264.75,1
7265.25,0
7269.5,1
7269.75,0
7278.5,1
7278.75,0
7281.0,1
7281.25,0
7281.5,1
7282.75,0
7283.0,1
7283.75,0
7284.0,1
7284.75,0
7285.0,1
7287.0,0
7287.25,1
7287.5,0
7288.0,1
7288.5,0
7288.75,1
7289.25,0
7294.25,1
7294.5,0
7304.0,1
7304.25,0
7304.5,1
7304.75,0
7305.5,1
7306.0,0
7306.5,1
7308.25,0
7308.5,1
7309.25,0
7309.75,1
7310.0,0
7310.25,1
7312.75,0
7313.0,1
7313.25,0
7328.5,1
7329.75,0
7330.0,1
7331.5,0
7331.75,1
7332.25,0
7332.5,1
7333.75,0
7334.0,1
7335.25,0
7335.5,1
7336.25,0
7336.5,1
7337.0,0
7337.25,1
7337.5,0
7341.25,1
7341.5,0
7342.0,1
7342.25,0
7351.0,1
7351.25,0
7351.75,1
7352.0,0
7353.25,1
7356.0,0
7356.25,1
7356.5,0
7356.75,1
7357.0,0
7357.25,1
7359.0,0
7359.5,1
7360.5,0
7361.0,1
7361.25,0
7361.75,1
7362.0,0
7363.25,1
7363.5,0
7425.0,1
7425.25,0
7425.5,1
7427.75,0
7428.5,1
7429.5,0
7429.75,1
7430.0,0
7430.25,1
7432.0,0
7432.5,1
7433.25,0
7449.0,1
7450.0,0
7450.25,1
7451.5,0
7451.75,1
7452.25,0
7452.75,1
7455.5,0
7455.75,1
7456.25,0
7456.5,1
7457.25,0
7460.75,1
7461.0,0
7470.25,1
7470.5,0
7471.5,1
7471.75,0
7472.75,1
7473.25,0
7474.0,1
7475.75,0
7476.0,1
7477.0,0
7477.25,1
7477.5,0
7477.75,1
7478.5,0
7478.75,1
7481.25,0
7496.75,1
7497.25,0
7497.75,1
7499.25,0
7499.5,1
7500.75,0
7501.25,1
7501.75,0
7502.0,1
7503.25,0
7503.5,1
7504.25,0
7504.5,1
7505.25,0
7508.75,1
7509.0,0
7518.0,1
7518.5,0
7520.25,1
7521.25,0
7521.5,1
7521.75,0
7522.0,1
7522.5,0
7522.75,1
7523.5,0
7523.75,1
7524.0,0
7524.25,1
7526.5,0
7526.75,1
7527.75,0
7528.0,1
7529.5,0
7592.75,1
7593.0,0
7593.25,1
7594.5,0
7594.75,1
7595.75,0
7596.0,1
7596.25,0
7596.5,1
7597.25,0
7597.75,1
7600.75,0
7601.0,1
7601.25,0
7614.5,1
7614.75,0
7615.75,1
7616.0,0
7616.5,1
7616.75,0
7617.0,1
7619.5,0
7619.75,1
7625.25,0
7629.0,1
7629.25,0
7641.0,1
7642.25,0
7642.5,1
7642.75,0
7643.0,1
7643.5,0
7643.75,1
7644.75,0
7645.0,1
7645.5,0
7645.75,1
7647.0,0
7647.25,1
7648.75,0
7663.75,1
7664.0,0
7664.5,1
7665.0,0
7665.25,1
7666.0,0
7666.25,1
7668.25,0
7668.5,1
7670.25,0
7670.75,1
7671.75,0
7672.0,1
7672.5,0
7672.75,1
7673.25,0
7674.0,1
7674.25,0
7676.5,1
7676.75,0
7686.25,1
7686.75,0
7688.5,1
7688.75,0
7689.25,1
7689.5,0
7690.0,1
7690.25,0
7690.5,1
7691.0,0
7691.25,1
7693.0,0
7693.5,1
7693.75,0
7694.25,1
7694.5,0
7695.25,1
7697.0,0
7697.5,1
7698.0,0
7761.75,1
7762.75,0
7763.0,1
7763.25,0
7763.5,1
7765.5,0
7765.75,1
7766.25,0
7766.5,1
7766.75,0
7767.0,1
7767.5,0
7767.75,1
7769.25,0
7772.5,1
7772.75,0
7782.75,1
7783.0,0
7784.75,1
7785.25,0
7785.5,1
7785.75,0
7786.5,1
7788.25,0
7788.5,1
7789.75,0
7790.0,1
7792.0,0
7792.25,1
7793.5,0
7796.5,1
7796.75,0
7807.75,1
7808.25,0
7809.0,1
7809.5,0
7809.75,1
7810.5,0
7810.75,1
7811.25,0
7811.5,1
7811.75,0
7812.0,1
7814.25,0
7814.5,1
7815.5,0
7815.75,1
7817.25,0
7833.25,1
7833.5,0
7833.75,1
7834.25,0
7834.5,1
7835.75,0
7836.0,1
7836.5,0
7836.75,1
7838.0,0
7838.25,1
7838.5,0
7839.25,1
7841.25,0
7841.75,1
7842.0,0
7844.5,1
7844.75,0
7926.5,1
7926.75,0
7927.0,1
7927.5,0
7927.75,1
7928.0,0
7928.5,1
7928.75,0
7929.25,1
7932.0,0
7932.25,1
7933.25,0
7933.5,1
7933.75,0
7934.25,1
7936.75,0
7937.0,1
7937.25,0
7951.25,1
7951.5,0
7952.5,1
7952.75,0
7953.0,1
7954.0,0
7955.0,1
7955.5,0
7956.0,1
7957.75,0
7958.0,1
7958.5,0
7958.75,1
7959.5,0
7960.0,1
7960.25,0
7960.5,1
7960.75,0
7961.0,1
7961.25,0
7961.5,1
7961.75,0
7974.5,1
7974.75,0
7977.0,1
7977.25,0
7977.75,1
7978.5,0
7978.75,1
7979.5,0
7979.75,1
7980.0,0
7980.25,1
7980.5,0
7981.0,1
7981.5,0
7982.0,1
7982.25,0
7983.0,1
7984.25,0
7984.75,1
7985.0,0
7985.25,1
7985.5,0
8000.75,1
8002.75,0
8003.0,1
8003.5,0
8003.75,1
8004.0,0
8004.25,1
8004.5,0
8004.75,1
8005.75,0
8006.0,1
8007.5,0
8008.5,1
8008.75,0
8024.5,1
8024.75,0
8025.0,1
8025.75,0
8026.25,1
8027.0,0
8027.25,1
8027.75,0
8028.5,1
8031.75,0
8032.0,1
8032.75,0
8033.0,1
8033.25,0
8033.5,1
8033.75,0
8036.75,1
8037.0,0
8038.0,1
8038.25,0
8094.5,1
8094.75,0
8096.75,1
8097.5,0
8097.75,1
8098.0,0
8098.25,1
8099.75,0
8100.0,1
8100.5,0
8101.5,1
8102.25,0
8102.5,1
8104.25,0
8104.75,1
8105.0,0
8106.0,1
8106.25,0
8119.25,1
8119.5,0
8119.75,1
8120.0,0
8120.25,1
8120.5,0
8121.0,1
8124.75,0
8125.0,1
8125.75,0
8126.75,1
8127.75,0
8128.0,1
8128.75,0
8129.0,1
8129.25,0
8129.5,1
8129.75,0
8142.25,1
8142.5,0
8144.75,1
8145.0,0
8145.25,1
8145.5,0
8146.25,1
8148.25,0
8148.5,1
8149.5,0
8149.75,1
8153.0,0
8157.25,1
8157.5,0
8166.25,1
8166.5,0
8166.75,1
8167.0,0
8168.0,1
8168.25,0
8169.0,1
8169.25,0
8170.0,1
8171.25,0
8171.5,1
8172.75,0
8173.0,1
8177.0,0
8177.5,1
8177.75,0
8181.0,1
8181.25,0
8190.25,1
8190.5,0
8190.75,1
8191.0,0
8193.0,1
8196.5,0
8196.75,1
8197.5,0
8198.75,1
8199.25,0
8199.5,1
8200.0,0
8200.25,1
8200.75,0
8201.25,1
8201.5,0
8206.0,1
8206.25,0
8262.0,1
8262.25,0
8263.25,1
8263.5,0
8264.5,1
8265.5,0
8266.0,1
8269.25,0
8269.5,1
8269.75,0
8270.0,1
8272.75,0
8286.25,1
8286.5,0
8287.25,1
8287.5,0
8288.0,1
8288.5,0
8288.75,1
8289.0,0
8289.5,1
8291.0,0
8291.25,1
8292.75,0
8293.25,1
8293.5,0
8294.0,1
8294.25,0
8294.5,1
8295.75,0
8296.0,1
8297.0,0
8309.75,1
8310.0,0
8310.25,1
8310.5,0
8311.0,1
8311.25,0
8312.75,1
8313.0,0
8313.25,1
8316.0,0
8316.25,1
8316.5,0
8316.75,1
8317.75,0
8318.25,1
8318.5,0
8318.75,1
8321.25,0
8333.75,1
8334.0,0
8336.75,1
8337.25,0
8337.5,1
8338.0,0
8338.25,1
8339.5,0
8339.75,1
8341.25,0
8341.5,1
8341.75,0
8342.0,1
8342.25,0
8342.75,1
8343.25,0
8343.75,1
8344.75,0
8359.0,1
8359.25,0
8361.0,1
8362.0,0
8362.25,1
8363.25,0
8363.5,1
8364.25,0
8364.75,1
8365.75,0
8366.0,1
8366.5,0
8366.75,1
8368.25,0
8368.5,1
8369.25,0
8369.5,1
8369.75,0
8372.0,1
8372.25,0
8373.25,1
8373.5,0
8430.5,1
8430.75,0
8433.0,1
8433.5,0
8433.75,1
8436.5,0
8436.75,1
8439.5,0
8439.75,1
8440.5,0
8440.75,1
8441.0,0
8441.25,1
8441.5,0
8457.5,1
8459.0,0
8459.25,1
8459.75,0
8460.25,1
8462.75,0
8463.0,1
8464.5,0
8464.75,1
8465.0,0
8469.25,1
8469.5,0
8470.5,1
8470.75,0
8478.25,1
8478.5,0
8480.5,1
8481.0,0
8481.5,1
8482.5,0
8482.75,1
8483.0,0
8483.25,1
8484.75,0
8485.0,1
8487.75,0
8488.0,1
8488.25,0
8488.5,1
8488.75,0
8489.5,1
8489.75,0
8504.25,1
8504.5,0
8505.25,1
8505.75,0
8506.0,1
8506.25,0
8506.5,1
8507.25,0
8507.5,1
8508.25,0
8508.75,1
8509.25,0
8509.5,1
8511.75,0
8512.0,1
8513.25,0
8528.5,1
8528.75,0
8529.0,1
8529.25,0
8529.5,1
8530.5,0
8530.75,1
8531.75,0
8532.0,1
8533.0,0
8533.25,1
8533.75,0
8534.0,1
8535.75,0
8536.25,1
8537.5,0
8623.25,1
8623.5,0
8624.5,1
8625.0,0
8625.25,1
8626.0,0
8626.25,1
8628.75,0
8629.25,1
8629.5,0
8630.0,1
8632.5,0
8632.75,1
8633.0,0
8633.25,1
8633.5,0
8636.75,1
8637.25,0
8647.75,1
8648.5,0
8649.0,1
8650.25,0
8650.75,1
8651.75,0
8652.25,1
8653.25,0
8653.5,1
8653.75,0
8654.0,1
8654.5,0
8654.75,1
8656.0,0
8656.25,1
8657.5,0
8660.75,1
8661.0,0
8661.5,1
8661.75,0
8662.25,1
8662.5,0
8672.75,1
8675.0,0
8675.75,1
8676.5,0
8677.0,1
8677.25,0
8677.5,1
8679.5,0
8679.75,1
8680.0,0
8680.25,1
8680.5,0
8680.75,1
8681.0,0
8681.75,1
8682.0,0
8685.0,1
8685.25,0
8697.0,1
8697.25,0
8697.5,1
8698.75,0
8699.25,1
8699.75,0
8700.0,1
8700.25,0
8700.5,1
8701.5,0
8701.75,1
8702.5,0
8702.75,1
8703.0,0
8703.75,1
8705.0,0
8705.25,1
8705.5,0

float Room-203 (3993,2)
0.0,0
33.0,1
33.25,0
33.5,1
35.75,0
36.0,1
36.5,0
36.75,1
37.75,0
38.0,1
40.25,0
40.5,1
41.0,0
44.75,1
45.0,0
56.25,1
56.5,0
57.25,1
57.5,0
57.75,1
58.0,0
58.25,1
64.75,0
65.5,1
65.75,0
68.25,1
68.5,0
80.0,1
80.25,0
81.25,1
84.0,0
84.25,1
89.25,0
92.25,1
92.5,0
93.25,1
93.5,0
104.75,1
105.75,0
106.0,1
108.5,0
108.75,1
113.0,0
113.25,1
113.5,0
116.0,1
116.25,0
128.75,1
129.0,0
129.25,1
131.5,0
131.75,1
135.0,0
135.25,1
136.5,0
136.75,1
137.25,0
140.5,1
140.75,0
141.0,1
141.25,0
198.0,1
198.25,0
198.75,1
199.25,0
200.5,1
200.75,0
201.0,1
205.0,0
205.5,1
208.25,0
208.5,1
209.5,0
211.5,1
212.0,0
214.25,1
214.5,0
223.25,1
223.5,0
225.25,1
229.25,0
230.0,1
230.5,0
230.75,1
233.0,0
233.25,1
233.5,0
235.75,1
236.0,0
237.0,1
237.25,0
248.75,1
249.0,0
249.25,1
252.25,0
252.5,1
253.0,0
253.25,1
253.5,0
253.75,1
257.25,0
260.5,1
260.75,0
261.5,1
261.75,0
271.0,1
271.25,0
273.0,1
276.25,0
276.5,1
277.5,0
277.75,1
281.0,0
284.75,1
285.0,0
285.25,1
285.5,0
296.5,1
296.75,0
297.0,1
297.25,0
297.5,1
300.5,0
300.75,1
302.75,0
303.0,1
303.5,0
303.75,1
304.25,0
304.5,1
305.0,0
305.25,1
305.5,0
307.0,1
307.25,0
307.75,1
308.0,0
308.75,1
309.0,0
369.0,1
369.75,0
370.0,1
371.0,0
371.25,1
371.5,0
371.75,1
373.25,0
373.5,1
376.75,0
377.0,1
377.5,0
380.0,1
380.25,0
381.75,1
382.0,0
393.25,1
395.5,0
395.75,1
396.0,0
396.5,1
396.75,0
397.0,1
398.75,0
399.0,1
400.75,0
401.0,1
401.5,0
404.0,1
404.25,0
404.5,1
404.75,0
440.75,1
442.5,0
442.75,1
443.5,0
443.75,1
445.0,0
445.25,1
445.75,0
446.0,1
446.5,0
446.75,1
449.25,0
453.5,1
453.75,0
454.25,1
454.5,0
462.5,1
462.75,0
464.5,1
464.75,0
465.0,1
465.5,0
465.75,1
469.75,0
470.0,1
472.75,0
473.0,1
473.25,0
473.5,1
473.75,0
476.5,1
476.75,0
477.0,1
477.25,0
477.75,1
478.0,0
535.5,1
535.75,0
537.25,1
537.75,0
538.0,1
540.25,0
541.0,1
541.25,0
541.5,1
541.75,0
542.0,1
545.25,0
546.25,1
546.5,0
548.25,1
548.5,0
561.25,1
561.5,0
562.0,1
564.75,0
565.0,1
566.25,0
566.5,1
569.25,0
572.0,1
572.25,0
572.5,1
573.0,0
584.75,1
585.0,0
585.25,1
585.75,0
586.0,1
589.25,0
589.5,1
589.75,0
590.0,1
591.5,0
591.75,1
592.5,0
592.75,1
593.0,0
593.25,1
593.75,0
595.5,1
595.75,0
596.75,1
597.25,0
607.0,1
607.25,0
609.5,1
615.75,0
616.0,1
616.25,0
616.5,1
617.5,0
619.75,1
620.0,0
633.25,1
633.5,0
633.75,1
634.5,0
634.75,1
639.5,0
639.75,1
641.0,0
641.25,1
641.5,0
643.75,1
644.0,0
704.75,1
710.5,0
711.25,1
713.25,0
716.5,1
716.75,0
726.75,1
727.0,0
729.25,1
730.0,0
730.25,1
731.0,0
731.25,1
732.25,0
732.5,1
733.0,0
733.25,1
737.0,0
737.25,1
737.5,0
738.75,1
739.0,0
739.75,1
740.0,0
740.25,1
740.5,0
753.0,1
753.25,0
753.5,1
753.75,0
754.0,1
756.25,0
756.5,1
757.5,0
757.75,1
759.25,0
760.0,1
760.5,0
760.75,1
761.5,0
764.75,1
765.0,0
776.75,1
777.0,0
777.25,1
780.25,0
780.5,1
785.25,0
787.5,1
787.75,0
801.25,1
801.5,0
801.75,1
809.25,0
809.5,1
810.0,0
810.25,1
810.5,0
811.75,1
812.25,0
813.75,1
814.0,0
873.0,1
873.25,0
873.5,1
875.75,0
876.0,1
877.75,0
878.0,1
878.75,0
879.0,1
881.25,0
883.0,1
883.25,0
885.25,1
885.5,0
897.0,1
897.25,0
897.5,1
898.25,0
898.5,1
899.75,0
900.0,1
901.25,0
901.5,1
903.5,0
904.25,1
904.5,0
904.75,1
905.5,0
908.5,1
909.0,0
909.75,1
910.0,0
918.25,1
918.5,0
921.0,1
922.25,0
922.5,1
923.5,0
923.75,1
925.0,0
925.25,1
926.25,0
926.5,1
927.75,0
928.0,1
929.25,0
932.25,1
932.5,0
933.5,1
933.75,0
934.25,1
934.5,0
942.25,1
942.5,0
944.75,1
945.0,0
945.5,1
946.0,0
946.25,1
948.5,0
949.0,1
950.25,0
950.5,1
952.25,0
952.75,1
953.25,0
956.0,1
956.25,0
969.25,1
969.5,0
969.75,1
971.5,0
971.75,1
972.5,0
972.75,1
974.5,0
974.75,1
977.25,0
977.75,1
978.0,0
979.5,1
979.75,0
980.75,1
981.0,0
982.25,1
982.5,0
1039.25,1
1039.5,0
1040.0,1
1040.25,0
1041.25,1
1044.0,0
1044.25,1
1045.0,0
1045.25,1
1045.5,0
1045.75,1
1047.25,0
1047.5,1
1049.5,0
1052.25,1
1052.5,0
1053.25,1
1053.5,0
1054.25,1
1054.5,0
1062.75,1
1063.0,0
1064.5,1
1064.75,0
1065.25,1
1069.0,0
1069.25,1
1069.5,0
1069.75,1
1070.25,0
1070.75,1
1072.0,0
1072.25,1
1073.5,0
1076.5,1
1076.75,0
1110.75,1
1111.0,0
1112.75,1
1113.0,0
1113.25,1
1114.75,0
1115.25,1
1116.0,0
1116.5,1
1117.25,0
1117.5,1
1119.75,0
1120.0,1
1121.25,0
1123.25,1
1123.75,0
1125.75,1
1126.0,0
1134.75,1
1135.25,0
1137.0,1
1137.25,0
1137.5,1
1139.75,0
1140.0,1
1141.25,0
1141.5,1
1145.75,0
1148.0,1
1148.5,0
1208.25,1
1208.5,0
1208.75,1
1209.25,0
1209.5,1
1211.25,0
1212.0,1
1212.5,0
1212.75,1
1213.5,0
1213.75,1
1217.75,0
1218.5,1
1218.75,0
1220.5,1
1220.75,0
1230.75,1
1231.0,0
1231.5,1
1231.75,0
1233.25,1
1233.5,0
1233.75,1
1236.75,0
1237.0,1
1238.5,0
1239.0,1
1240.25,0
1240.5,1
1240.75,0
1243.75,1
1244.0,0
1246.0,1
1246.25,0
1256.75,1
1257.25,0
1257.5,1
1258.5,0
1258.75,1
1261.5,0
1261.75,1
1262.0,0
1262.25,1
1262.5,0
1262.75,1
1264.5,0
1264.75,1
1265.25,0
1268.5,1
1268.75,0
1278.5,1
1279.0,0
1280.5,1
1280.75,0
1281.5,1
1282.0,0
1282.25,1
1283.0,0
1283.25,1
1284.5,0
1284.75,1
1285.0,0
1285.25,1
1286.75,0
1287.0,1
1288.0,0
1288.25,1
1288.75,0
1291.5,1
1291.75,0
1292.5,1
1293.0,0
1301.75,1
1302.0,0
1305.0,1
1305.25,0
1305.75,1
1306.25,0
1306.5,1
1310.25,0
1311.25,1
1311.5,0
1311.75,1
1312.0,0
1312.5,1
1313.0,0
1313.25,1
1313.5,0
1315.75,1
1316.0,0
1376.5,1
1376.75,0
1377.0,1
1380.5,0
1380.75,1
1385.25,0
1387.5,1
1387.75,0
1401.5,1
1402.5,0
1403.25,1
1404.5,0
1404.75,1
1409.0,0
1409.25,1
1409.5,0
1412.5,1
1412.75,0
1422.0,1
1422.25,0
1425.75,1
1428.75,0
1429.0,1
1430.25,0
1430.75,1
1431.25,0
1431.5,1
1433.25,0
1433.5,1
1433.75,0
1436.25,1
1436.5,0
1449.0,1
1449.5,0
1449.75,1
1452.75,0
1453.0,1
1453.25,0
1453.5,1
1453.75,0
1454.0,1
1456.75,0
1457.0,1
1457.5,0
1459.5,1
1459.75,0
1460.0,1
1460.5,0
1460.75,1
1461.0,0
1461.25,1
1461.5,0
1473.0,1
1473.25,0
1473.5,1
1473.75,0
1474.0,1
1474.5,0
1474.75,1
1476.0,0
1476.25,1
1480.5,0
1480.75,1
1481.0,0
1481.5,1
1481.75,0
1484.5,1
1484.75,0
1485.75,1
1486.0,0
1545.5,1
1547.5,0
1547.75,1
1548.0,0
1548.25,1
1548.5,0
1548.75,1
1553.0,0
1553.25,1
1554.0,0
1556.0,1
1556.25,0
1568.75,1
1569.25,0
1569.5,1
1571.5,0
1571.75,1
1577.5,0
1579.25,1
1579.5,0
1593.25,1
1593.5,0
1594.0,1
1594.75,0
1595.0,1
1596.0,0
1596.25,1
1596.5,0
1596.75,1
1597.0,0
1597.25,1
1598.25,0
1598.5,1
1600.5,0
1600.75,1
1601.25,0
1604.5,1
1604.75,0
1616.5,1
1616.75,0
1617.0,1
1620.75,0
1621.0,1
1621.25,0
1621.5,1
1623.25,0
1623.5,1
1625.25,0
1627.75,1
1628.25,0
1628.5,1
1629.0,0
1637.0,1
1637.25,0
1638.5,1
1638.75,0
1640.0,1
1640.25,0
1641.0,1
1641.5,0
1641.75,1
1644.0,0
1644.75,1
1646.75,0
1647.0,1
1649.25,0
1651.75,1
1652.0,0
1653.0,1
1653.25,0
1712.75,1
1713.25,0
1714.0,1
1715.25,0
1715.5,1
1717.0,0
1717.25,1
1718.5,0
1719.0,1
1721.25,0
1722.75,1
1723.0,0
1725.5,1
1725.75,0
1736.75,1
1737.25,0
1737.5,1
1738.0,0
1738.25,1
1738.75,0
1739.0,1
1742.0,0
1742.25,1
1745.25,0
1747.0,1
1747.25,0
1749.5,1
1750.0,0
1758.5,1
1758.75,0
1761.0,1
1762.25,0
1762.5,1
1764.5,0
1764.75,1
1766.5,0
1766.75,1
1768.0,0
1768.25,1
1769.0,0
1769.5,1
1769.75,0
1772.75,1
1773.0,0
1774.25,1
1774.5,0
1782.75,1
1783.0,0
1785.0,1
1786.0,0
1786.25,1
1786.5,0
1786.75,1
1792.25,0
1792.5,1
1793.25,0
1795.5,1
1795.75,0
1796.0,1
1796.25,0
1808.75,1
1812.0,0
1812.25,1
1815.75,0
1816.0,1
1817.0,0
1817.5,1
1817.75,0
1820.25,1
1820.5,0
1822.0,1
1822.25,0
1822.5,1
1822.75,0
1880.25,1
1880.5,0
1880.75,1
1881.0,0
1881.5,1
1884.0,0
1884.25,1
1884.75,0
1885.0,1
1888.75,0
1889.0,1
1889.25,0
1889.75,1
1890.0,0
1892.0,1
1892.25,0
1905.25,1
1906.0,0
1906.25,1
1908.25,0
1908.5,1
1909.0,0
1909.25,1
1910.0,0
1910.25,1
1912.0,0
1912.25,1
1912.75,0
1913.0,1
1913.5,0
1915.25,1
1915.5,0
1917.0,1
1917.25,0
1917.5,1
1917.75,0
1928.75,1
1930.5,0
1930.75,1
1932.0,0
1932.25,1
1936.25,0
1936.5,1
1937.0,0
1937.25,1
1937.5,0
1940.25,1
1940.75,0
1941.0,1
1941.25,0
1953.25,1
1955.0,0
1955.25,1
1958.25,0
1958.5,1
1961.0,0
1961.25,1
1961.5,0
1963.75,1
1964.0,0
1964.75,1
1965.0,0
1977.25,1
1977.75,0
1978.0,1
1984.0,0
1984.25,1
1984.75,0
1985.0,1
1985.25,0
1985.5,1
1985.75,0
1988.25,1
1988.5,0
1990.0,1
1990.5,0
2049.25,1
2049.5,0
2049.75,1
2050.75,0
2051.0,1
2051.25,0
2051.75,1
2053.0,0
2053.75,1
2055.0,0
2055.25,1
2056.5,0
2056.75,1
2057.25,0
2060.0,1
2060.25,0
2060.5,1
2061.0,0
2061.25,1
2061.5,0
2073.25,1
2075.25,0
2075.5,1
2076.75,0
2077.0,1
2078.5,0
2078.75,1
2079.75,0
2080.0,1
2081.25,0
2081.5,1
2081.75,0
2083.75,1
2084.0,0
2086.0,1
2086.25,0
2097.25,1
2101.75,0
2102.0,1
2103.0,0
2103.25,1
2104.25,0
2104.5,1
2105.25,0
2108.25,1
2108.75,0
2109.0,1
2109.25,0
2121.25,1
2122.0,0
2122.25,1
2124.5,0
2124.75,1
2125.0,0
2125.25,1
2125.5,0
2126.25,1
2129.25,0
2133.0,1
2133.25,0
2134.0,1
2134.25,0
2145.25,1
2146.75,0
2147.0,1
2148.75,0
2149.0,1
2149.25,0
2149.5,1
2150.5,0
2150.75,1
2152.75,0
2156.25,1
2156.5,0
2157.0,1
2157.25,0
2215.0,1
2215.25,0
2217.0,1
2217.5,0
2217.75,1
2218.5,0
2218.75,1
2220.25,0
2220.5,1
2222.25,0
2222.5,1
2225.0,0
2226.75,1
2227.0,0
2229.0,1
2229.25,0
2237.75,1
2238.0,0
2238.25,1
2238.5,0
2240.0,1
2240.25,0
2241.0,1
2244.25,0
2244.75,1
2246.25,0
2246.5,1
2248.5,0
2248.75,1
2249.25,0
2251.0,1
2251.25,0
2254.0,1
2254.25,0
2264.75,1
2265.0,0
2265.25,1
2265.5,0
2265.75,1
2267.25,0
2267.5,1
2268.5,0
2269.25,1
2273.25,0
2275.0,1
2275.25,0
2289.25,1
2289.5,0
2289.75,1
2290.25,0
2290.5,1
2291.75,0
2292.0,1
2292.5,0
2293.0,1
2293.25,0
2293.5,1
2294.5,0
2295.0,1
2297.0,0
2299.25,1
2299.5,0
2300.25,1
2300.5,0
2312.75,1
2313.25,0
2313.5,1
2313.75,0
2314.0,1
2316.25,0
2316.5,1
2320.75,0
2324.5,1
2324.75,0
2325.25,1
2325.5,0
2384.0,1
2384.25,0
2384.5,1
2384.75,0
2385.5,1
2387.25,0
2387.5,1
2387.75,0
2388.0,1
2388.25,0
2389.0,1
2389.5,0
2389.75,1
2392.5,0
2392.75,1
2393.0,0
2395.5,1
2395.75,0
2397.5,1
2397.75,0
2406.75,1
2407.0,0
2409.0,1
2409.75,0
2410.0,1
2411.25,0
2411.5,1
2412.0,0
2412.5,1
2415.25,0
2415.75,1
2416.75,0
2417.0,1
2417.25,0
2419.5,1
2419.75,0
2421.0,1
2421.25,0
2432.0,1
2432.25,0
2433.25,1
2436.25,0
2436.75,1
2438.0,0
2438.25,1
2439.25,0
2439.5,1
2441.5,0
2444.0,1
2444.25,0
2444.5,1
2444.75,0
2445.75,1
2446.25,0
2458.0,1
2458.5,0
2458.75,1
2462.25,0
2462.5,1
2463.75,0
2464.0,1
2465.0,0
2467.75,1
2468.0,0
2469.5,1
2469.75,0
2481.0,1
2484.75,0
2485.0,1
2488.5,0
2488.75,1
2489.5,0
2490.0,1
2490.25,0
2491.75,1
2492.0,0
2492.75,1
2493.0,0
2553.0,1
2561.25,0
2561.75,1
2562.0,0
2563.5,1
2563.75,0
2566.0,1
2566.25,0
2566.75,1
2567.0,0
2576.25,1
2576.5,0
2577.0,1
2577.75,0
2578.5,1
2580.0,0
2580.25,1
2581.0,0
2581.25,1
2582.25,0
2582.5,1
2583.25,0
2583.5,1
2585.0,0
2585.25,1
2585.5,0
2588.25,1
2588.5,0
2601.75,1
2604.25,0
2604.75,1
2605.5,0
2606.0,1
2609.25,0
2612.5,1
2612.75,0
2613.75,1
2614.0,0
2625.25,1
2625.75,0
2626.0,1
2628.0,0
2628.25,1
2629.25,0
2629.5,1
2630.25,0
2630.5,1
2630.75,0
2631.0,1
2633.5,0
2636.75,1
2637.25,0
2637.75,1
2638.0,0
2649.25,1
2649.5,0
2649.75,1
2650.5,0
2650.75,1
2652.75,0
2653.25,1
2656.0,0
2656.25,1
2657.25,0
2657.5,1
2657.75,0
2660.5,1
2660.75,0
2661.5,1
2661.75,0
2717.75,1
2718.0,0
2718.5,1
2718.75,0
2720.0,1
2720.25,0
2721.25,1
2722.0,0
2722.25,1
2723.25,0
2723.5,1
2724.0,0
2724.25,1
2724.5,0
2725.0,1
2728.75,0
2729.0,1
2729.25,0
2732.25,1
2732.5,0
2733.5,1
2733.75,0
2742.75,1
2743.0,0
2744.5,1
2748.75,0
2749.0,1
2749.25,0
2749.5,1
2751.25,0
2751.5,1
2753.25,0
2755.5,1
2755.75,0
2766.25,1
2766.5,0
2768.25,1
2768.5,0
2769.75,1
2770.0,0
2770.25,1
2771.5,0
2771.75,1
2773.25,0
2773.5,1
2773.75,0
2774.0,1
2774.25,0
2774.5,1
2774.75,0
2775.0,1
2777.25,0
2780.0,1
2780.25,0
2792.75,1
2793.25,0
2793.5,1
2795.25,0
2795.5,1
2795.75,0
2796.0,1
2797.25,0
2797.5,1
2799.5,0
2799.75,1
2800.0,0
2800.25,1
2801.25,0
2803.25,1
2803.5,0
2805.0,1
2805.25,0
2817.25,1
2817.75,0
2818.5,1
2821.25,0
2821.5,1
2821.75,0
2822.0,1
2822.5,0
2822.75,1
2824.75,0
2827.25,1
2827.5,0
2886.25,1
2886.5,0
2889.0,1
2889.25,0
2889.5,1
2893.25,0
2893.5,1
2896.75,0
2897.0,1
2897.25,0
2899.75,1
2900.0,0
2900.5,1
2900.75,0
2901.0,1
2901.25,0
2913.0,1
2914.5,0
2914.75,1
2917.0,0
2917.25,1
2917.75,0
2918.0,1
2919.5,0
2919.75,1
2921.5,0
2924.25,1
2925.0,0
2925.25,1
2925.5,0
2935.25,1
2935.5,0
2935.75,1
2936.0,0
2936.75,1
2937.0,0
2937.25,1
2937.75,0
2938.0,1
2939.75,0
2940.0,1
2941.5,0
2941.75,1
2942.5,0
2942.75,1
2944.25,0
2944.75,1
2945.5,0
2947.75,1
2948.0,0
2949.25,1
2949.75,0
2961.25,1
2963.0,0
2963.25,1
2964.25,0
2964.75,1
2966.0,0
2966.25,1
2966.5,0
2966.75,1
2968.25,0
2968.5,1
2969.25,0
2971.5,1
2971.75,0
2973.5,1
2973.75,0
2974.25,1
2974.5,0
2981.5,1
2982.0,0
2984.75,1
2985.0,0
2985.25,1
2985.5,0
2985.75,1
2988.25,0
2988.5,1
2993.0,0
2993.5,1
2993.75,0
2995.75,1
2996.25,0
2996.75,1
2997.0,0
3054.25,1
3054.5,0
3056.75,1
3059.25,0
3059.5,1
3065.5,0
3068.25,1
3068.5,0
3077.75,1
3078.0,0
3078.25,1
3078.5,0
3080.75,1
3081.0,0
3081.25,1
3082.5,0
3082.75,1
3084.5,0
3084.75,1
3085.25,0
3085.5,1
3085.75,0
3086.0,1
3086.5,0
3086.75,1
3087.5,0
3088.0,1
3088.25,0
3088.5,1
3089.5,0
3091.75,1
3092.0,0
3094.5,1
3094.75,0
3105.0,1
3108.75,0
3109.0,1
3110.25,0
3110.5,1
3113.5,0
3116.75,1
3117.0,0
3118.0,1
3118.25,0
3128.5,1
3128.75,0
3129.0,1
3131.5,0
3131.75,1
3132.0,0
3132.5,1
3134.75,0
3135.0,1
3137.0,0
3137.5,1
3137.75,0
3139.75,1
3140.0,0
3140.5,1
3140.75,0
3150.0,1
3150.25,0
3153.75,1
3154.0,0
3154.25,1
3154.75,0
3155.0,1
3156.75,0
3157.0,1
3157.25,0
3158.0,1
3160.75,0
3161.0,1
3161.5,0
3164.5,1
3164.75,0
3165.0,1
3165.25,0
3222.0,1
3222.25,0
3224.75,1
3226.5,0
3226.75,1
3227.0,0
3227.25,1
3228.5,0
3228.75,1
3231.25,0
3231.5,1
3233.25,0
3233.75,1
3234.0,0
3235.5,1
3235.75,0
3236.25,1
3236.5,0
3237.75,1
3238.0,0
3247.75,1
3248.0,0
3249.0,1
3249.25,0
3249.75,1
3252.5,0
3252.75,1
3255.75,0
3256.0,1
3257.0,0
3260.0,1
3260.25,0
3260.5,1
3261.0,0
3272.75,1
3275.5,0
3275.75,1
3276.0,0
3276.25,1
3277.5,0
3278.0,1
3281.5,0
3283.75,1
3284.0,0
3295.0,1
3295.25,0
3296.5,1
3296.75,0
3297.0,1
3300.75,0
3301.0,1
3302.75,0
3303.0,1
3303.5,0
3303.75,1
3304.0,0
3304.25,1
3305.25,0
3308.25,1
3308.5,0
3320.25,1
3320.75,0
3321.25,1
3321.75,0
3322.0,1
3323.75,0
3324.0,1
3324.25,0
3324.5,1
3326.0,0
3326.25,1
3328.25,0
3328.75,1
3329.25,0
3329.75,1
3330.0,0
3331.75,1
3332.0,0
3332.5,1
3333.25,0
3393.25,1
3395.25,0
3395.5,1
3395.75,0
3396.0,1
3398.25,0
3398.5,1
3400.75,0
3401.0,1
3401.25,0
3404.0,1
3404.5,0
3405.25,1
3405.5,0
3405.75,1
3406.0,0
3414.0,1
3414.25,0
3414.75,1
3415.0,0
3416.25,1
3416.5,0
3417.25,1
3419.5,0
3419.75,1
3420.5,0
3420.75,1
3425.0,0
3425.5,1
3425.75,0
3428.5,1
3429.25,0
3438.25,1
3438.5,0
3441.25,1
3444.5,0
3444.75,1
3445.0,0
3445.5,1
3448.75,0
3452.0,1
3452.5,0
3454.0,1
3454.25,0
3462.0,1
3462.25,0
3463.75,1
3464.0,0
3465.25,1
3465.75,0
3466.25,1
3467.0,0
3467.25,1
3470.5,0
3471.0,1
3473.0,0
3476.0,1
3476.25,0
3476.75,1
3477.0,0
3477.25,1
3477.5,0
3488.0,1
3488.25,0
3488.75,1
3492.5,0
3493.0,1
3494.25,0
3494.5,1
3497.0,0
3497.5,1
3497.75,0
3499.0,1
3499.25,0
3500.25,1
3500.5,0
3500.75,1
3501.0,0
3502.25,1
3502.5,0
3558.0,1
3558.25,0
3561.0,1
3563.25,0
3563.5,1
3568.0,0
3568.25,1
3569.25,0
3571.5,1
3571.75,0
3572.0,1
3572.25,0
3573.0,1
3573.25,0
3574.0,1
3574.5,0
3609.0,1
3611.25,0
3611.5,1
3612.5,0
3612.75,1
3614.75,0
3615.0,1
3617.25,0
3620.75,1
3621.0,0
3621.25,1
3621.5,0
3622.0,1
3622.25,0
3630.0,1
3630.25,0
3633.25,1
3634.5,0
3634.75,1
3635.75,0
3636.0,1
3637.5,0
3637.75,1
3640.25,0
3640.5,1
3641.25,0
3644.5,1
3644.75,0
3645.75,1
3646.0,0
3657.25,1
3657.5,0
3658.0,1
3660.5,0
3660.75,1
3661.25,0
3661.5,1
3661.75,0
3662.0,1
3664.75,0
3665.0,1
3665.25,0
3667.25,1
3667.75,0
3668.75,1
3669.0,0
3729.5,1
3730.0,0
3730.25,1
3733.5,0
3733.75,1
3734.25,0
3734.5,1
3737.25,0
3739.25,1
3739.5,0
3749.5,1
3749.75,0
3753.25,1
3753.5,0
3753.75,1
3754.25,0
3754.5,1
3755.5,0
3755.75,1
3757.75,0
3758.25,1
3758.5,0
3758.75,1
3760.25,0
3760.5,1
3760.75,0
3761.0,1
3761.25,0
3764.25,1
3764.5,0
3777.5,1
3780.25,0
3780.5,1
3781.5,0
3782.0,1
3782.25,0
3782.75,1
3785.0,0
3785.25,1
3785.75,0
3787.75,1
3788.25,0
3788.5,1
3789.0,0
3790.0,1
3790.25,0
3800.75,1
3803.75,0
3804.0,1
3804.5,0
3805.0,1
3806.0,0
3806.25,1
3806.5,0
3806.75,1
3809.25,0
3809.5,1
3809.75,0
3812.5,1
3813.0,0
3813.25,1
3813.5,0
3824.5,1
3825.25,0
3825.5,1
3828.5,0
3828.75,1
3833.0,0
3833.25,1
3833.5,0
3835.25,1
3836.0,0
3838.25,1
3838.5,0
3894.25,1
3894.5,0
3897.0,1
3897.75,0
3898.0,1
3902.0,0
3902.25,1
3904.0,0
3904.25,1
3905.25,0
3905.5,1
3905.75,0
3907.0,1
3907.25,0
3907.5,1
3907.75,0
3920.75,1
3921.0,0
3921.25,1
3923.5,0
3923.75,1
3924.0,0
3924.25,1
3925.0,0
3925.25,1
3925.5,0
3925.75,1
3928.75,0
3929.0,1
3929.25,0
3931.5,1
3931.75,0
3933.0,1
3933.5,0
3943.25,1
3943.5,0
3945.25,1
3946.75,0
3947.0,1
3950.0,0
3950.25,1
3950.5,0
3950.75,1
3952.0,0
3952.5,1
3953.25,0
3955.75,1
3956.0,0
3967.75,1
3968.0,0
3969.0,1
3969.5,0
3969.75,1
3970.0,0
3970.25,1
3973.25,0
3973.5,1
3974.5,0
3974.75,1
3977.0,0
3980.75,1
3981.0,0
3993.25,1
3995.25,0
3995.75,1
3996.25,0
3996.5,1
3998.5,0
3998.75,1
4001.0,0
4001.5,1
4001.75,0
4004.0,1
4004.25,0
4005.0,1
4005.25,0
4064.5,1
4064.75,0
4065.5,1
4068.0,0
4068.25,1
4070.25,0
4070.5,1
4072.25,0
4072.5,1
4073.0,0
4075.0,1
4075.25,0
4075.75,1
4076.25,0
4078.0,1
4078.25,0
4078.5,1
4078.75,0
4089.25,1
4092.0,0
4092.25,1
4093.25,0
4093.5,1
4094.5,0
4095.25,1
4096.5,0
4096.75,1
4097.25,0
4097.5,1
4097.75,0
4099.5,1
4099.75,0
4102.5,1
4102.75,0
4112.75,1
4113.0,0
4113.25,1
4116.5,0
4117.25,1
4118.0,0
4118.25,1
4119.0,0
4119.25,1
4120.75,0
4121.0,1
4121.25,0
4123.25,1
4123.5,0
4137.5,1
4140.0,0
4140.25,1
4140.5,0
4141.0,1
4141.75,0
4142.0,1
4142.5,0
4142.75,1
4143.5,0
4143.75,1
4145.5,0
4146.75,1
4147.0,0
4149.25,1
4149.5,0
4158.0,1
4158.25,0
4161.0,1
4162.5,0
4162.75,1
4165.0,0
4165.25,1
4165.75,0
4166.25,1
4169.75,0
4172.75,1
4173.0,0
4173.75,1
4174.0,0
4233.25,1
4234.0,0
4234.25,1
4237.0,0
4237.25,1
4238.0,0
4238.5,1
4240.75,0
4241.0,1
4241.25,0
4243.5,1
4243.75,0
4257.0,1
4260.0,0
4260.25,1
4260.75,0
4261.0,1
4262.25,0
4262.5,1
4265.0,0
4267.5,1
4267.75,0
4268.0,1
4268.25,0
4268.75,1
4269.0,0
4281.0,1
4281.25,0
4281.5,1
4282.0,0
4282.5,1
4283.25,0
4283.5,1
4286.0,0
4286.25,1
4288.25,0
4288.5,1
4289.25,0
4291.75,1
4292.25,0
4292.5,1
4292.75,0
4293.5,1
4293.75,0
4294.0,1
4294.25,0
4304.5,1
4304.75,0
4305.5,1
4307.75,0
4308.0,1
4308.75,0
4309.0,1
4310.75,0
4311.0,1
4311.75,0
4312.0,1
4313.25,0
4316.75,1
4317.0,0
4326.5,1
4326.75,0
4329.5,1
4330.0,0
4330.25,1
4332.5,0
4332.75,1
4333.5,0
4334.0,1
4335.0,0
4335.25,1
4336.75,0
4337.0,1
4337.5,0
4342.25,1
4342.5,0
4400.75,1
4401.0,0
4401.25,1
4402.0,0
4402.25,1
4403.0,0
4403.25,1
4404.25,0
4404.5,1
4405.5,0
4405.75,1
4406.75,0
4407.25,1
4408.0,0
4412.0,1
4412.25,0
4413.75,1
4414.0,0
4449.0,1
4449.5,0
4450.0,1
4451.5,0
4451.75,1
4456.25,0
4456.75,1
4457.0,0
4459.75,1
4460.0,0
4462.0,1
4462.75,0
4470.0,1
4470.25,0
4470.75,1
4471.0,0
4472.0,1
4472.25,0
4473.25,1
4473.5,0
4474.0,1
4475.25,0
4475.5,1
4475.75,0
4476.25,1
4476.5,0
4476.75,1
4477.0,0
4477.25,1
4477.75,0
4478.0,1
4480.75,0
4481.25,1
4481.5,0
4483.0,1
4483.25,0
4497.0,1
4497.75,0
4498.0,1
4500.75,0
4501.25,1
4505.25,0
4508.5,1
4508.75,0
4509.0,1
4509.25,0
4566.5,1
4566.75,0
4569.0,1
4571.25,0
4571.5,1
4572.5,0
4572.75,1
4573.0,0
4573.25,1
4573.75,0
4574.25,1
4577.0,0
4577.5,1
4577.75,0
4578.0,1
4578.25,0
4580.25,1
4580.5,0
4582.0,1
4582.25,0
4592.25,1
4592.5,0
4593.0,1
4593.25,0
4593.5,1
4594.25,0
4594.5,1
4596.75,0
4597.0,1
4599.0,0
4599.25,1
4600.75,0
4601.0,1
4601.25,0
4603.75,1
4604.0,0
4615.75,1
4616.0,0
4617.25,1
4618.0,0
4618.25,1
4620.5,0
4620.75,1
4621.5,0
4621.75,1
4622.5,0
4622.75,1
4623.75,0
4624.0,1
4624.75,0
4625.0,1
4625.5,0
4627.75,1
4628.0,0
4628.25,1
4628.5,0
4628.75,1
4629.25,0
4629.5,1
4629.75,0
4640.25,1
4640.5,0
4641.75,1
4642.25,0
4642.5,1
4643.5,0
4643.75,1
4649.0,0
4649.75,1
4650.0,0
4652.0,1
4652.5,0
4665.25,1
4665.75,0
4666.0,1
4666.5,0
4667.0,1
4669.75,0
4670.0,1
4670.25,0
4670.5,1
4673.0,0
4673.25,1
4673.75,0
4677.0,1
4677.75,0
4736.0,1
4736.25,0
4737.0,1
4739.0,0
4739.25,1
4742.75,0
4743.0,1
4744.25,0
4744.5,1
4745.5,0
4748.75,1
4749.0,0
4761.0,1
4761.5,0
4761.75,1
4762.25,0
4762.5,1
4762.75,0
4763.0,1
4764.75,0
4765.0,1
4767.0,0
4767.5,1
4768.5,0
4768.75,1
4769.75,0
4771.0,1
4771.25,0
4772.25,1
4772.5,0
4772.75,1
4773.0,0
4785.0,1
4786.0,0
4786.25,1
4788.25,0
4788.75,1
4792.25,0
4792.5,1
4793.0,0
4793.25,1
4793.75,0
4796.0,1
4796.25,0
4797.25,1
4797.5,0
4808.5,1
4808.75,0
4809.25,1
4809.5,0
4809.75,1
4812.25,0
4812.5,1
4813.25,0
4813.75,1
4814.0,0
4814.25,1
4814.75,0
4815.0,1
4815.25,0
4815.5,1
4817.0,0
4819.5,1
4819.75,0
4820.25,1
4820.75,0
4833.0,1
4833.25,0
4833.75,1
4836.25,0
4836.5,1
4840.5,0
4840.75,1
4841.5,0
4844.25,1
4844.5,0
4905.5,1
4908.75,0
4909.0,1
4909.25,0
4909.5,1
4910.0,0
4910.25,1
4912.75,0
4913.5,1
4913.75,0
4916.0,1
4916.25,0
4916.75,1
4917.0,0
4917.25,1
4917.75,0
4926.5,1
4926.75,0
4929.0,1
4929.5,0
4929.75,1
4931.0,0
4931.25,1
4932.0,0
4932.25,1
4933.75,0
4934.0,1
4936.0,0
4936.25,1
4937.0,0
4939.75,1
4940.0,0
4940.25,1
4940.5,0
4940.75,1
4941.0,0
4941.25,1
4941.5,0
4952.25,1
4952.5,0
4953.5,1
4953.75,0
4954.0,1
4954.75,0
4955.25,1
4956.0,0
4956.25,1
4956.5,0
4956.75,1
4958.0,0
4958.25,1
4958.75,0
4959.0,1
4961.0,0
4961.25,1
4961.75,0
4964.25,1
4964.5,0
4976.0,1
4976.5,0
4977.5,1
4977.75,0
4978.25,1
4978.5,0
4978.75,1
4980.5,0
4980.75,1
4983.5,0
4983.75,1
4985.0,0
4985.5,1
4986.0,0
4988.25,1
4988.5,0
4999.75,1
5000.0,0
5001.0,1
5001.75,0
5002.0,1
5006.5,0
5007.0,1
5007.75,0
5008.0,1
5009.5,0
5012.0,1
5012.25,0
5013.0,1
5013.25,0
5070.5,1
5070.75,0
5071.0,1
5071.25,0
5072.5,1
5072.75,0
5073.0,1
5073.25,0
5073.5,1
5074.0,0
5074.25,1
5074.5,0
5075.25,1
5076.0,0
5076.25,1
5076.5,0
5077.0,1
5081.5,0
5084.75,1
5085.0,0
5085.75,1
5086.0,0
5097.0,1
5099.25,0
5099.5,1
5100.0,0
5100.25,1
5100.5,0
5100.75,1
5105.5,0
5105.75,1
5106.0,0
5107.75,1
5108.0,0
5108.5,1
5108.75,0
5109.0,1
5109.25,0
5118.75,1
5119.0,0
5120.25,1
5120.5,0
5121.25,1
5122.25,0
5122.5,1
5123.5,0
5123.75,1
5126.5,0
5127.0,1
5128.25,0
5128.5,1
5129.25,0
5132.0,1
5132.25,0
5133.5,1
5133.75,0
5143.0,1
5143.5,0
5144.0,1
5144.25,0
5144.75,1
5145.5,0
5145.75,1
5148.25,0
5148.5,1
5150.0,0
5150.25,1
5152.0,0
5152.25,1
5152.5,0
5152.75,1
5153.0,0
5155.75,1
5156.0,0
5170.0,1
5170.25,0
5170.5,1
5171.5,0
5171.75,1
5173.25,0
5173.75,1
5177.25,0
5179.25,1
5179.5,0
5240.75,1
5241.25,0
5241.5,1
5244.25,0
5244.5,1
5247.5,0
5247.75,1
5249.0,0
5251.5,1
5251.75,0
5264.75,1
5265.0,0
5265.25,1
5268.0,0
5268.25,1
5270.0,0
5270.25,1
5272.75,0
5273.25,1
5273.5,0
5275.0,1
5275.25,0
5275.75,1
5276.0,0
5277.25,1
5277.5,0
5287.0,1
5287.25,0
5288.75,1
5289.0,0
5289.25,1
5292.75,0
5293.25,1
5297.0,0
5297.5,1
5297.75,0
5300.0,1
5300.25,0
5301.5,1
5301.75,0
5312.5,1
5312.75,0
5313.25,1
5315.75,0
5316.25,1
5317.75,0
5318.25,1
5321.25,0
5321.75,1
5322.0,0
5323.75,1
5324.0,0
5335.5,1
5335.75,0
5336.25,1
5336.5,0
5337.0,1
5339.75,0
5340.5,1
5342.25,0
5342.75,1
5345.5,0
5348.5,1
5348.75,0
5407.75,1
5408.0,0
5409.25,1
5412.75,0
5413.25,1
5414.5,0
5415.0,1
5417.25,0
5420.25,1
5420.5,0
5431.75,1
5432.0,0
5433.0,1
5433.25,0
5433.5,1
5434.0,0
5434.25,1
5435.0,0
5435.25,1
5437.25,0
5437.5,1
5438.0,0
5438.25,1
5441.25,0
5441.5,1
5441.75,0
5444.0,1
5444.25,0
5445.0,1
5445.25,0
5445.5,1
5445.75,0
5446.0,1
5446.25,0
5457.25,1
5457.75,0
5458.0,1
5459.75,0
5460.0,1
5460.5,0
5461.0,1
5461.25,0
5461.75,1
5465.5,0
5467.5,1
5467.75,0
5468.5,1
5468.75,0
5469.5,1
5469.75,0
5478.5,1
5478.75,0
5480.25,1
5480.5,0
5482.0,1
5483.75,0
5484.0,1
5484.5,0
5484.75,1
5488.0,0
5488.25,1
5489.5,0
5493.0,1
5493.25,0
5494.0,1
5494.25,0
5502.5,1
5502.75,0
5504.0,1
5504.25,0
5505.0,1
5506.5,0
5506.75,1
5508.5,0
5508.75,1
5513.25,0
5513.5,1
5513.75,0
5515.75,1
5516.0,0
5516.25,1
5516.5,0
5574.75,1
5575.0,0
5577.25,1
5579.5,0
5579.75,1
5580.0,0
5580.5,1
5580.75,0
5581.25,1
5585.0,0
5585.5,1
5585.75,0
5588.25,1
5588.5,0
5600.25,1
5600.5,0
5600.75,1
5601.0,0
5601.25,1
5602.75,0
5603.75,1
5604.0,0
5604.25,1
5605.0,0
5605.5,1
5605.75,0
5606.0,1
5609.25,0
5612.25,1
5612.5,0
5614.0,1
5614.5,0
5622.25,1
5622.5,0
5624.75,1
5625.25,0
5625.75,1
5630.25,0
5630.5,1
5630.75,0
5631.0,1
5631.25,0
5631.5,1
5632.0,0
5632.25,1
5633.0,0
5633.25,1
5633.5,0
5635.75,1
5636.25,0
5636.75,1
5637.0,0
5638.25,1
5638.5,0
5649.25,1
5651.5,0
5652.0,1
5653.5,0
5653.75,1
5657.5,0
5659.75,1
5660.0,0
5660.5,1
5660.75,0
5669.5,1
5669.75,0
5673.5,1
5673.75,0
5674.0,1
5675.0,0
5675.25,1
5676.25,0
5676.5,1
5676.75,0
5677.0,1
5678.0,0
5678.25,1
5679.5,0
5679.75,1
5680.25,0
5680.5,1
5680.75,0
5681.0,1
5681.25,0
5684.0,1
5684.25,0
5744.25,1
5744.5,0
5745.25,1
5745.75,0
5746.0,1
5747.75,0
5748.25,1
5748.5,0
5748.75,1
5753.0,0
5753.25,1
5753.5,0
5755.25,1
5755.75,0
5756.5,1
5756.75,0
5757.75,1
5758.0,0
5768.5,1
5768.75,0
5769.0,1
5772.25,0
5772.5,1
5773.75,0
5774.0,1
5776.0,0
5776.25,1
5776.5,0
5776.75,1
5777.25,0
5779.5,1
5779.75,0
5780.0,1
5780.25,0
5793.25,1
5793.5,0
5793.75,1
5794.25,0
5794.5,1
5796.0,0
5796.25,1
5800.75,0
5803.5,1
5803.75,0
5804.5,1
5804.75,0
5805.5,1
5805.75,0
5816.25,1
5816.5,0
5817.0,1
5817.5,0
5817.75,1
5818.5,0
5818.75,1
5820.25,0
5820.5,1
5824.0,0
5824.25,1
5825.25,0
5828.25,1
5828.5,0
5829.5,1
5829.75,0
5840.5,1
5840.75,0
5841.0,1
5843.0,0
5843.25,1
5846.75,0
5847.0,1
5848.5,0
5848.75,1
5849.0,0
5852.5,1
5853.0,0
5906.75,1
5907.0,0
5910.5,1
5910.75,0
5912.75,1
5913.25,0
5913.5,1
5913.75,0
5914.0,1
5914.5,0
5914.75,1
5921.25,0
5923.5,1
5923.75,0
5925.25,1
5925.5,0
5957.5,1
5957.75,0
5960.5,1
5960.75,0
5961.5,1
5961.75,0
5962.0,1
5965.75,0
5966.0,1
5968.75,0
5969.0,1
5969.25,0
5969.75,1
5970.0,0
5972.0,1
5972.25,0
5973.5,1
5973.75,0
5982.75,1
5983.0,0
5983.5,1
5983.75,0
5985.25,1
5987.75,0
5988.0,1
5988.25,0
5988.5,1
5988.75,0
5989.0,1
5991.0,0
5991.25,1
5993.25,0
5993.5,1
5993.75,0
5996.0,1
5996.25,0
5996.75,1
5997.25,0
5998.25,1
5998.5,0
6007.25,1
6007.5,0
6009.25,1
6010.75,0
6011.0,1
6012.5,0
6013.0,1
6013.5,0
6013.75,1
6016.0,0
6016.25,1
6016.75,0
6017.0,1
6017.25,0
6018.75,1
6019.0,0
6019.25,1
6019.5,0
6020.5,1
6020.75,0
6080.0,1
6080.25,0
6080.5,1
6080.75,0
6081.5,1
6082.5,0
6082.75,1
6084.0,0
6084.25,1
6085.5,0
6085.75,1
6088.25,0
6088.5,1
6088.75,0
6089.0,1
6089.5,0
6092.75,1
6093.0,0
6102.0,1
6102.25,0
6105.5,1
6107.75,0
6108.0,1
6108.25,0
6108.75,1
6111.0,0
6111.25,1
6113.25,0
6113.75,1
6114.0,0
6127.0,1
6127.25,0
6128.75,1
6129.25,0
6129.5,1
6131.5,0
6131.75,1
6132.25,0
6132.5,1
6132.75,0
6133.0,1
6136.5,0
6136.75,1
6137.25,0
6139.5,1
6139.75,0
6153.25,1
6153.75,0
6154.0,1
6156.0,0
6156.25,1
6156.5,0
6156.75,1
6157.25,0
6157.5,1
6161.5,0
6163.75,1
6164.0,0
6164.5,1
6164.75,0
6173.25,1
6173.5,0
6176.75,1
6177.0,0
6177.25,1
6179.0,0
6179.25,1
6179.5,0
6179.75,1
6180.75,0
6181.0,1
6185.0,0
6185.25,1
6185.5,0
6188.25,1
6188.5,0
6188.75,1
6189.0,0
6189.5,1
6189.75,0
6249.5,1
6252.75,0
6253.75,1
6257.25,0
6259.75,1
6260.0,0
6260.25,1
6260.5,0
6272.75,1
6273.5,0
6273.75,1
6275.75,0
6276.0,1
6281.5,0
6284.5,1
6285.25,0
6297.25,1
6297.5,0
6297.75,1
6300.25,0
6300.5,1
6301.0,0
6301.25,1
6303.0,0
6303.25,1
6304.75,0
6305.0,1
6305.75,0
6306.75,1
6307.0,0
6307.25,1
6307.5,0
6308.0,1
6308.25,0
6321.0,1
6321.5,0
6321.75,1
6324.25,0
6324.5,1
6324.75,0
6325.0,1
6327.0,0
6327.75,1
6328.0,0
6328.25,1
6328.5,0
6328.75,1
6329.25,0
6331.75,1
6332.0,0
6332.25,1
6332.5,0
6333.0,1
6333.25,0
6342.5,1
6342.75,0
6344.75,1
6345.0,0
6345.25,1
6346.0,0
6346.25,1
6348.5,0
6348.75,1
6350.75,0
6351.0,1
6351.5,0
6351.75,1
6353.25,0
6355.75,1
6356.0,0
6356.25,1
6356.5,0
6356.75,1
6357.0,0
6357.25,1
6357.5,0
6416.75,1
6417.0,0
6417.25,1
6420.5,0
6420.75,1
6424.25,0
6424.5,1
6425.25,0
6428.75,1
6429.0,0
6441.0,1
6441.25,0
6441.5,1
6448.0,0
6448.25,1
6448.75,0
6449.0,1
6449.5,0
6452.0,1
6452.25,0
6453.0,1
6453.25,0
6464.5,1
6465.25,0
6465.5,1
6466.25,0
6466.5,1
6468.0,0
6468.25,1
6468.75,0
6469.25,1
6473.5,0
6475.75,1
6476.25,0
6477.5,1
6477.75,0
6478.5,1
6478.75,0
6487.0,1
6487.75,0
6489.25,1
6490.0,0
6490.25,1
6491.75,0
6492.0,1
6494.0,0
6494.25,1
6496.25,0
6496.5,1
6497.25,0
6499.25,1
6499.5,0
6500.25,1
6500.5,0
6502.25,1
6502.5,0
6512.75,1
6513.25,0
6513.5,1
6515.0,0
6515.25,1
6515.5,0
6515.75,1
6516.25,0
6516.75,1
6520.5,0
6520.75,1
6521.0,0
6524.0,1
6524.25,0
6583.75,1
6584.0,0
6584.5,1
6584.75,0
6585.25,1
6589.5,0
6590.0,1
6593.0,0
6593.25,1
6593.5,0
6594.0,1
6594.25,0
6595.25,1
6595.75,0
6597.75,1
6598.25,0
6609.25,1
6611.0,0
6611.25,1
6612.0,0
6612.25,1
6613.75,0
6614.5,1
6616.25,0
6616.5,1
6617.25,0
6619.25,1
6619.5,0
6620.0,1
6620.25,0
6621.0,1
6621.25,0
6633.5,1
6634.0,0
6634.25,1
6634.5,0
6634.75,1
6637.0,0
6637.25,1
6640.25,0
6640.5,1
6641.0,0
6641.25,1
6641.5,0
6643.5,1
6643.75,0
6644.0,1
6644.25,0
6654.0,1
6654.25,0
6657.5,1
6659.75,0
6660.0,1
6660.25,0
6660.75,1
6661.5,0
6661.75,1
6663.25,0
6663.5,1
6665.25,0
6665.5,1
6665.75,0
6668.0,1
6668.25,0
6678.5,1
6678.75,0
6679.75,1
6680.0,0
6681.5,1
6682.25,0
6682.5,1
6683.75,0
6685.0,1
6685.25,0
6685.5,1
6689.25,0
6691.5,1
6691.75,0
6692.25,1
6692.5,0
6693.0,1
6693.25,0
6750.5,1
6750.75,0
6753.25,1
6758.0,0
6758.5,1
6760.0,0
6760.25,1
6760.75,0
6761.0,1
6761.25,0
6764.25,1
6764.5,0
6764.75,1
6765.25,0
6801.0,1
6801.25,0
6801.5,1
6805.5,0
6805.75,1
6809.5,0
6811.75,1
6812.0,0
6813.25,1
6813.5,0
6825.0,1
6826.5,0
6827.0,1
6827.5,0
6827.75,1
6828.0,0
6828.25,1
6830.75,0
6831.0,1
6833.5,0
6836.75,1
6837.0,0
6848.75,1
6849.0,0
6849.25,1
6849.5,0
6850.0,1
6852.25,0
6852.75,1
6853.75,0
6854.0,1
6854.75,0
6855.0,1
6857.25,0
6857.5,1
6857.75,0
6860.0,1
6860.25,0
6919.75,1
6920.0,0
6920.75,1
6921.0,0
6921.25,1
6921.5,0
6921.75,1
6922.0,0
6922.25,1
6925.0,0
6925.25,1
6926.25,0
6926.5,1
6928.5,0
6928.75,1
6929.25,0
6932.0,1
6932.25,0
6932.75,1
6933.0,0
6944.75,1
6945.0,0
6945.25,1
6945.5,0
6945.75,1
6947.5,0
6947.75,1
6948.5,0
6948.75,1
6949.25,0
6949.75,1
6950.25,0
6950.5,1
6953.25,0
6956.25,1
6956.5,0
6968.0,1
6968.25,0
6968.5,1
6968.75,0
6969.0,1
6969.5,0
6969.75,1
6970.5,0
6970.75,1
6971.75,0
6972.0,1
6972.5,0
6972.75,1
6974.5,0
6975.0,1
6976.25,0
6976.5,1
6977.25,0
6979.5,1
6980.0,0
6990.25,1
6990.5,0
6992.5,1
6998.0,0
6998.25,1
7000.75,0
7003.5,1
7003.75,0
7004.0,1
7004.25,0
7004.75,1
7005.0,0
7015.25,1
7015.75,0
7017.0,1
7017.25,0
7017.5,1
7021.25,0
7021.5,1
7022.75,0
7023.0,1
7025.25,0
7025.75,1
7026.0,0
7028.5,1
7028.75,0
7029.25,1
7029.5,0
7029.75,1
7030.0,0
7089.25,1
7089.75,0
7090.0,1
7091.75,0
7092.0,1
7093.0,0
7093.25,1
7097.25,0
7099.5,1
7099.75,0
7100.5,1
7100.75,0
7101.5,1
7101.75,0
7113.25,1
7115.25,0
7115.5,1
7116.5,0
7117.0,1
7118.75,0
7119.0,1
7121.5,0
7123.75,1
7124.0,0
7124.5,1
7124.75,0
7125.5,1
7125.75,0
7133.75,1
7134.0,0
7135.75,1
7136.0,0
7136.5,1
7136.75,0
7137.5,1
7138.75,0
7139.0,1
7139.75,0
7140.0,1
7141.5,0
7142.0,1
7143.25,0
7143.75,1
7144.25,0
7144.5,1
7145.25,0
7145.5,1
7145.75,0
7148.0,1
7148.25,0
7148.5,1
7148.75,0
7160.5,1
7163.5,0
7163.75,1
7164.5,0
7165.25,1
7167.75,0
7168.0,1
7169.5,0
7171.25,1
7171.5,0
7171.75,1
7172.0,0
7185.0,1
7186.0,0
7186.25,1
7188.5,0
7188.75,1
7189.0,0
7190.25,1
7191.25,0
7191.5,1
7192.75,0
7195.5,1
7195.75,0
7196.25,1
7196.5,0
7254.5,1
7255.0,0
7255.75,1
7256.0,0
7257.5,1
7262.0,0
7262.25,1
7265.0,0
7267.5,1
7267.75,0
7270.0,1
7270.25,0
7280.5,1
7280.75,0
7281.25,1
7284.25,0
7284.5,1
7284.75,0
7285.0,1
7285.25,0
7285.5,1
7285.75,0
7286.0,1
7288.5,0
7288.75,1
7289.25,0
7289.5,1
7289.75,0
7292.25,1
7292.5,0
7293.25,1
7293.5,0
7294.0,1
7294.25,0
7302.5,1
7302.75,0
7304.25,1
7304.5,0
7304.75,1
7305.0,0
7305.5,1
7307.0,0
7307.25,1
7307.75,0
7308.0,1
7308.75,0
7309.25,1
7309.75,0
7310.0,1
7311.0,0
7311.25,1
7311.75,0
7312.0,1
7313.75,0
7315.25,1
7315.5,0
7316.0,1
7316.25,0
7329.0,1
7332.5,0
7332.75,1
7333.0,0
7333.25,1
7336.75,0
7337.5,1
7337.75,0
7340.5,1
7341.0,0
7350.25,1
7350.5,0
7353.25,1
7353.5,0
7353.75,1
7356.0,0
7356.25,1
7357.0,0
7357.25,1
7361.0,0
7363.0,1
7363.25,0
7421.75,1
7422.0,0
7422.25,1
7422.5,0
7425.25,1
7428.5,0
7428.75,1
7430.75,0
7431.0,1
7432.5,0
7435.75,1
7436.25,0
7436.5,1
7437.0,0
7446.0,1
7446.25,0
7448.25,1
7453.25,0
7453.5,1
7454.0,0
7454.75,1
7456.75,0
7457.25,1
7457.5,0
7460.25,1
7460.5,0
7461.5,1
7462.0,0
7462.25,1
7462.75,0
7470.0,1
7470.25,0
7473.25,1
7475.75,0
7476.0,1
7476.75,0
7477.0,1
7477.5,0
7477.75,1
7478.75,0
7479.0,1
7480.0,0
7480.25,1
7481.0,0
7481.25,1
7481.75,0
7484.75,1
7485.0,0
7485.5,1
7485.75,0
7494.25,1
7494.5,0
7497.25,1
7497.75,0
7498.0,1
7499.75,0
7500.0,1
7500.5,0
7501.0,1
7501.5,0
7501.75,1
7505.0,0
7507.75,1
7508.0,0
7521.5,1
7522.5,0
7522.75,1
7526.0,0
7526.25,1
7529.5,0
7529.75,1
7530.0,0
7530.75,1
7531.25,0
7532.75,1
7533.0,0
7593.25,1
7595.25,0
7595.75,1
7597.5,0
7597.75,1
7598.0,0
7598.25,1
7598.5,0
7598.75,1
7600.25,0
7600.5,1
7601.5,0
7601.75,1
7602.0,0
7603.75,1
7604.0,0
7604.75,1
7605.0,0
7606.25,1
7606.5,0
7614.75,1
7615.0,0
7616.5,1
7616.75,0
7617.5,1
7619.25,0
7619.5,1
7620.5,0
7620.75,1
7624.5,0
7624.75,1
7625.25,0
7627.75,1
7628.0,0
7630.0,1
7630.25,0
7630.5,1
7630.75,0
7638.25,1
7638.5,0
7641.25,1
7641.75,0
7642.0,1
7643.0,0
7643.25,1
7643.5,0
7643.75,1
7644.75,0
7645.25,1
7645.75,0
7646.0,1
7646.5,0
7646.75,1
7649.25,0
7651.5,1
7651.75,0
7661.0,1
7661.25,0
7664.5,1
7665.25,0
7665.5,1
7668.25,0
7668.5,1
7668.75,0
7669.25,1
7670.0,0
7670.25,1
7673.5,0
7675.25,1
7675.5,0
7675.75,1
7676.0,0
7685.75,1
7686.0,0
7688.75,1
7689.0,0
7689.25,1
7690.25,0
7690.5,1
7695.5,0
7696.0,1
7696.5,0
7696.75,1
7697.0,0
7697.25,1
7697.5,0
7700.75,1
7701.0,0
7759.5,1
7759.75,0
7760.75,1
7764.5,0
7765.75,1
7768.0,0
7768.5,1
7769.5,0
7771.75,1
7772.0,0
7774.25,1
7774.5,0
7783.5,1
7783.75,0
7784.75,1
7785.0,0
7785.5,1
7786.5,0
7786.75,1
7787.5,0
7787.75,1
7788.0,0
7788.25,1
7788.75,0
7789.0,1
7793.0,0
7795.75,1
7796.0,0
7796.5,1
7796.75,0
7809.0,1
7809.75,0
7810.0,1
7810.25,0
7810.5,1
7811.0,0
7811.25,1
7813.0,0
7813.25,1
7815.75,0
7816.0,1
7817.25,0
7820.25,1
7820.5,0
7821.5,1
7821.75,0
7822.0,1
7822.25,0
7830.75,1
7831.0,0
7831.75,1
7832.0,0
7832.75,1
7834.25,0
7834.5,1
7836.0,0
7836.25,1
7836.5,0
7836.75,1
7837.0,0
7837.25,1
7838.0,0
7838.5,1
7840.5,0
7841.0,1
7841.25,0
7843.75,1
7844.0,0
7845.75,1
7846.0,0
7926.75,1
7927.0,0
7928.75,1
7929.0,0
7929.25,1
7933.25,0
7933.5,1
7936.5,0
7936.75,1
7937.25,0
7939.75,1
7940.0,0
7940.75,1
7941.0,0
7950.75,1
7951.0,0
7952.25,1
7952.75,0
7953.25,1
7954.25,0
7954.5,1
7955.0,0
7955.25,1
7956.5,0
7957.0,1
7957.25,0
7957.5,1
7961.25,0
7963.5,1
7964.25,0
7964.5,1
7964.75,0
7965.5,1
7965.75,0
7976.75,1
7977.0,0
7977.25,1
7979.25,0
7979.5,1
7980.25,0
7980.5,1
7985.5,0
7988.5,1
7988.75,0
8001.25,1
8001.75,0
8002.25,1
8003.75,0
8004.0,1
8004.5,0
8004.75,1
8008.5,0
8008.75,1
8009.25,0
8009.75,1
8010.0,0
8012.0,1
8012.5,0
8013.0,1
8013.75,0
8024.75,1
8025.25,0
8025.75,1
8026.0,0
8026.75,1
8027.5,0
8027.75,1
8028.5,0
8029.0,1
8029.5,0
8029.75,1
8030.0,0
8030.25,1
8033.0,0
8034.0,1
8034.25,0
8035.25,1
8035.5,0
8036.75,1
8037.0,0
8097.25,1
8099.5,0
8099.75,1
8100.5,0
8100.75,1
8102.5,0
8102.75,1
8103.0,0
8103.25,1
8103.5,0
8103.75,1
8104.5,0
8104.75,1
8105.0,0
8105.25,1
8105.5,0
8108.0,1
8108.25,0
8108.5,1
8108.75,0
8109.25,1
8109.5,0
8118.5,1
8118.75,0
8121.5,1
8128.75,0
8129.0,1
8129.25,0
8129.75,1
8130.0,0
8132.25,1
8132.5,0
8133.25,1
8133.5,0
8134.25,1
8134.5,0
8145.5,1
8145.75,0
8146.0,1
8149.75,0
8150.0,1
8150.5,0
8150.75,1
8152.0,0
8152.25,1
8152.75,0
8156.25,1
8156.5,0
8157.5,1
8158.0,0
8166.5,1
8166.75,0
8169.0,1
8169.75,0
8170.0,1
8171.5,0
8171.75,1
8172.0,0
8172.25,1
8173.0,0
8173.25,1
8176.5,0
8177.5,1
8177.75,0
8180.25,1
8180.75,0
8193.25,1
8199.0,0
8199.25,1
8199.75,0
8200.0,1
8201.0,0
8205.25,1
8205.5,0
8207.25,1
8207.75,0
8256.0,1
8256.25,0
8256.5,1
8256.75,0
8258.75,1
8259.0,0
8261.75,1
8262.0,0
8263.0,1
8263.5,0
8264.75,1
8265.0,0
8265.25,1
8266.5,0
8266.75,1
8268.25,0
8268.5,1
8269.5,0
8269.75,1
8271.5,0
8271.75,1
8272.5,0
8272.75,1
8273.25,0
8273.5,1
8273.75,0
8274.25,1
8274.5,0
8276.75,1
8277.25,0
8288.0,1
8288.25,0
8288.75,1
8289.0,0
8289.5,1
8291.75,0
8292.25,1
8292.5,0
8292.75,1
8295.75,0
8296.0,1
8297.0,0
8297.25,1
8297.75,0
8299.75,1
8300.0,0
8300.75,1
8301.0,0
8301.25,1
8301.5,0
8311.25,1
8311.5,0
8313.25,1
8313.5,0
8313.75,1
8315.25,0
8315.5,1
8316.25,0
8316.5,1
8318.75,0
8319.25,1
8319.5,0
8319.75,1
8320.5,0
8320.75,1
8321.0,0
8321.25,1
8321.5,0
8324.5,1
8324.75,0
8336.25,1
8336.5,0
8337.0,1
8337.75,0
8338.0,1
8341.75,0
8342.0,1
8342.25,0
8342.5,1
8343.5,0
8343.75,1
8345.0,0
8347.0,1
8347.5,0
8348.75,1
8349.0,0
8349.25,1
8349.5,0
8357.5,1
8357.75,0
8359.75,1
8360.0,0
8361.0,1
8361.75,0
8362.0,1
8362.25,0
8362.5,1
8363.25,0
8364.0,1
8364.25,0
8364.75,1
8365.5,0
8366.0,1
8368.5,0
8368.75,1
8369.75,0
8372.25,1
8372.75,0
8373.0,1
8373.25,0
8432.75,1
8433.0,0
8433.5,1
8433.75,0
8434.25,1
8434.5,0
8434.75,1
8435.75,0
8436.0,1
8437.75,0
8438.0,1
8440.25,0
8440.5,1
8440.75,0
8441.0,1
8441.25,0
8441.5,1
8441.75,0
8443.75,1
8444.5,0
8445.5,1
8445.75,0
8457.0,1
8458.0,0
8458.25,1
8460.0,0
8460.5,1
8460.75,0
8461.0,1
8463.5,0
8463.75,1
8464.5,0
8465.0,1
8465.5,0
8468.25,1
8468.5,0
8481.75,1
8483.25,0
8483.5,1
8484.25,0
8484.5,1
8485.75,0
8486.0,1
8487.5,0
8487.75,1
8488.75,0
8489.0,1
8489.5,0
8491.25,1
8491.5,0
8492.75,1
8493.0,0
8505.25,1
8508.0,0
8508.25,1
8512.0,0
8512.25,1
8512.75,0
8513.0,1
8513.25,0
8516.25,1
8516.5,0
8526.75,1
8527.0,0
8528.0,1
8528.5,0
8528.75,1
8529.75,0
8530.0,1
8531.75,0
8532.0,1
8532.5,0
8532.75,1
8533.75,0
8534.0,1
8535.25,0
8535.5,1
8535.75,0
8536.0,1
8537.0,0
8540.25,1
8540.75,0
8625.75,1
8629.0,0
8629.25,1
8631.25,0
8631.5,1
8632.75,0
8633.0,1
8633.25,0
8636.0,1
8636.25,0
8636.75,1
8637.0,0
8637.5,1
8637.75,0
8638.0,1
8638.25,0
8646.0,1
8646.25,0
8649.25,1
8650.5,0
8650.75,1
8651.25,0
8651.5,1
8651.75,0
8652.0,1
8652.25,0
8652.5,1
8653.25,0
8653.5,1
8654.5,0
8654.75,1
8656.75,0
8657.25,1
8657.75,0
8660.5,1
8660.75,0
8661.0,1
8661.25,0
8661.75,1
8662.0,0
8672.25,1
8672.5,0
8673.0,1
8673.25,0
8673.75,1
8676.5,0
8676.75,1
8678.5,0
8678.75,1
8679.25,0
8679.5,1
8680.25,0
8680.5,1
8680.75,0
8681.0,1
8681.5,0
8683.0,1
8683.25,0
8683.5,1
8683.75,0
8684.5,1
8685.25,0
8685.5,1
8685.75,0
8697.5,1
8698.5,0
8698.75,1
8699.5,0
8699.75,1
8700.25,0
8700.5,1
8701.75,0
8702.0,1
8704.5,0
8704.75,1
8705.5,0
8707.75,1
8708.0,0
8709.5,1
8709.75,0

float Room-223 (2161,2)
0.0,0
30.75,1
31.0,0
31.75,1
32.0,0
33.0,1
33.75,0
34.5,1
36.25,0
36.75,1
41.25,0
57.0,1
63.25,0
63.5,1
65.25,0
80.5,1
81.0,0
81.25,1
81.5,0
81.75,1
89.5,0
91.75,1
92.0,0
104.5,1
107.75,0
108.0,1
112.5,0
112.75,1
113.0,0
113.5,1
113.75,0
116.25,1
116.75,0
129.0,1
132.25,0
132.5,1
133.5,0
133.75,1
137.0,0
137.25,1
137.5,0
198.0,1
198.25,0
199.0,1
199.25,0
200.75,1
209.25,0
211.25,1
211.5,0
225.0,1
226.25,0
226.75,1
232.75,0
233.0,1
233.25,0
236.25,1
236.5,0
236.75,1
237.25,0
247.5,1
247.75,0
249.0,1
252.0,0
252.25,1
257.25,0
272.0,1
272.25,0
272.5,1
272.75,0
273.25,1
279.0,0
280.0,1
281.0,0
281.25,1
281.5,0
281.75,1
282.0,0
287.0,1
287.25,0
295.75,1
296.0,0
296.25,1
299.75,0
300.0,1
304.0,0
304.25,1
304.75,0
305.0,1
305.25,0
368.5,1
377.75,0
389.75,1
390.0,0
393.0,1
393.75,0
394.0,1
396.0,0
396.25,1
401.5,0
440.75,1
449.0,0
449.25,1
449.5,0
449.75,1
450.25,0
465.25,1
469.0,0
469.25,1
472.75,0
473.0,1
473.5,0
534.75,1
535.0,0
536.75,1
539.75,0
540.0,1
541.25,0
541.5,1
545.25,0
545.5,1
545.75,0
560.75,1
562.5,0
562.75,1
569.0,0
583.5,1
583.75,0
584.5,1
585.0,0
585.25,1
590.75,0
591.0,1
593.0,0
608.5,1
609.0,0
609.25,1
610.75,0
611.0,1
617.0,0
617.5,1
617.75,0
621.0,1
621.5,0
633.0,1
636.25,0
636.5,1
638.0,0
638.25,1
641.0,0
703.5,1
703.75,0
705.0,1
706.0,0
706.25,1
713.25,0
729.25,1
733.75,0
734.0,1
735.0,0
735.25,1
737.75,0
751.75,1
752.0,0
752.75,1
753.75,0
754.0,1
761.5,0
765.25,1
765.5,0
775.0,1
775.25,0
776.5,1
780.75,0
781.0,1
785.25,0
798.75,1
799.0,0
800.75,1
809.0,0
812.25,1
812.5,0
870.25,1
870.5,0
873.0,1
876.25,0
876.5,1
877.5,0
877.75,1
881.25,0
884.75,1
885.0,0
885.75,1
886.0,0
897.0,1
897.75,0
898.0,1
899.5,0
899.75,1
905.0,0
909.75,1
910.0,0
921.0,1
923.5,0
923.75,1
924.25,0
924.5,1
927.25,0
927.5,1
929.25,0
933.5,1
933.75,0
943.0,1
943.25,0
944.75,1
953.25,0
956.0,1
956.5,0
957.5,1
957.75,0
965.75,1
966.0,0
968.75,1
969.0,0
969.75,1
976.0,0
976.25,1
977.25,0
977.5,1
977.75,0
1041.0,1
1044.25,0
1044.5,1
1048.25,0
1048.5,1
1049.75,0
1052.75,1
1053.0,0
1054.0,1
1054.25,0
1062.0,1
1062.25,0
1064.5,1
1067.25,0
1067.5,1
1073.0,0
1113.0,1
1118.5,0
1118.75,1
1121.25,0
1136.75,1
1137.0,0
1137.25,1
1141.25,0
1141.75,1
1143.5,0
1143.75,1
1145.0,0
1208.75,1
1217.25,0
1219.75,1
1220.0,0
1220.75,1
1221.25,0
1232.25,1
1232.5,0
1233.0,1
1236.0,0
1236.5,1
1237.75,0
1238.0,1
1241.25,0
1256.75,1
1263.25,0
1263.5,1
1264.5,0
1264.75,1
1265.25,0
1279.25,1
1279.5,0
1280.5,1
1280.75,0
1281.0,1
1289.5,0
1304.5,1
1306.5,0
1306.75,1
1308.5,0
1308.75,1
1312.75,0
1313.25,1
1313.5,0
1376.75,1
1379.75,0
1380.0,1
1380.75,0
1381.0,1
1385.0,0
1385.5,1
1385.75,0
1389.75,1
1390.0,0
1400.75,1
1405.75,0
1406.0,1
1409.25,0
1409.5,1
1409.75,0
1424.75,1
1428.0,0
1428.25,1
1433.25,0
1436.5,1
1436.75,0
1447.0,1
1447.25,0
1447.5,1
1447.75,0
1448.5,1
1448.75,0
1449.25,1
1451.25,0
1451.5,1
1451.75,0
1452.0,1
1452.25,0
1453.0,1
1453.75,0
1454.0,1
1454.5,0
1455.0,1
1457.0,0
1457.25,1
1457.5,0
1472.75,1
1475.0,0
1475.5,1
1476.25,0
1476.5,1
1477.0,0
1477.25,1
1481.0,0
1542.0,1
1542.25,0
1545.25,1
1548.25,0
1548.5,1
1553.25,0
1553.5,1
1553.75,0
1556.75,1
1557.0,0
1558.75,1
1559.0,0
1568.5,1
1573.25,0
1573.5,1
1577.75,0
1593.0,1
1595.25,0
1595.5,1
1598.0,0
1598.25,1
1599.25,0
1599.5,1
1600.0,0
1600.25,1
1600.5,0
1601.25,1
1601.5,0
1603.75,1
1604.0,0
1604.75,1
1605.0,0
1606.25,1
1606.5,0
1615.5,1
1615.75,0
1616.75,1
1624.75,0
1625.0,1
1625.25,0
1629.0,1
1629.25,0
1641.0,1
1641.75,0
1642.0,1
1649.25,0
1649.75,1
1650.0,0
1713.0,1
1715.5,0
1715.75,1
1721.5,0
1734.75,1
1735.0,0
1736.5,1
1736.75,0
1737.0,1
1739.0,0
1739.25,1
1741.0,0
1741.25,1
1741.5,0
1741.75,1
1745.5,0
1750.0,1
1750.25,0
1760.5,1
1760.75,0
1761.0,1
1769.5,0
1773.0,1
1773.25,0
1785.25,1
1793.0,0
1809.0,1
1809.5,0
1809.75,1
1817.25,0
1878.0,1
1878.25,0
1880.5,1
1880.75,0
1881.25,1
1881.75,0
1882.0,1
1884.25,0
1884.5,1
1884.75,0
1885.25,1
1889.0,0
1889.25,1
1889.5,0
1893.75,1
1894.0,0
1894.25,1
1894.5,0
1903.0,1
1903.25,0
1905.0,1
1908.25,0
1908.5,1
1913.5,0
1917.25,1
1917.5,0
1929.25,1
1930.75,0
1931.0,1
1932.75,0
1933.25,1
1936.75,0
1952.5,1
1957.5,0
1957.75,1
1959.25,0
1959.5,1
1961.0,0
1961.25,1
1961.5,0
1976.25,1
1976.75,0
1977.0,1
1980.75,0
1981.0,1
1985.25,0
2048.5,1
2049.25,0
2049.75,1
2050.0,0
2050.25,1
2052.25,0
2052.5,1
2057.5,0
2061.25,1
2061.5,0
2072.5,1
2075.25,0
2075.5,1
2081.5,0
2083.75,1
2084.0,0
2085.25,1
2085.5,0
2096.75,1
2098.0,0
2098.25,1
2103.0,0
2103.5,1
2105.75,0
2109.5,1
2109.75,0
2120.75,1
2121.5,0
2121.75,1
2125.25,0
2125.5,1
2129.5,0
2144.0,1
2144.25,0
2144.75,1
2153.25,0
2216.0,1
2221.5,0
2221.75,1
2222.0,0
2222.25,1
2225.25,0
2229.75,1
2230.0,0
2240.0,1
2240.25,0
2240.75,1
2248.25,0
2248.5,1
2249.5,0
2264.5,1
2268.25,0
2268.75,1
2273.5,0
2289.0,1
2292.0,0
2292.75,1
2293.75,0
2294.0,1
2297.25,0
2309.25,1
2309.5,0
2312.25,1
2312.5,0
2313.0,1
2317.0,0
2317.25,1
2321.25,0
2321.5,1
2321.75,0
2385.0,1
2388.0,0
2388.25,1
2388.75,0
2389.0,1
2392.75,0
2393.0,1
2393.25,0
2399.5,1
2399.75,0
2406.75,1
2407.0,0
2408.75,1
2411.5,0
2411.75,1
2412.25,0
2412.5,1
2417.5,0
2431.0,1
2431.25,0
2433.25,1
2440.25,0
2440.5,1
2440.75,0
2441.0,1
2441.25,0
2457.0,1
2460.0,0
2460.25,1
2465.0,0
2465.25,1
2465.5,0
2480.5,1
2485.5,0
2485.75,1
2489.5,0
2552.75,1
2555.5,0
2555.75,1
2561.25,0
2574.5,1
2574.75,0
2575.5,1
2575.75,0
2577.25,1
2580.75,0
2581.0,1
2582.5,0
2582.75,1
2584.5,0
2584.75,1
2585.75,0
2598.5,1
2598.75,0
2599.25,1
2599.5,0
2601.0,1
2604.75,0
2605.0,1
2605.5,0
2605.75,1
2608.75,0
2609.0,1
2609.25,0
2612.75,1
2613.25,0
2624.0,1
2624.25,0
2625.25,1
2625.5,0
2626.0,1
2626.25,0
2626.5,1
2629.5,0
2629.75,1
2632.5,0
2632.75,1
2633.5,0
2636.75,1
2637.0,0
2648.75,1
2651.0,0
2651.25,1
2653.0,0
2653.5,1
2656.75,0
2657.25,1
2657.5,0
2717.75,1
2718.0,0
2720.75,1
2724.0,0
2724.5,1
2729.25,0
2744.5,1
2745.5,0
2745.75,1
2746.0,0
2746.25,1
2753.25,0
2768.75,1
2769.0,0
2769.25,1
2771.75,0
2772.25,1
2772.5,0
2772.75,1
2773.5,0
2773.75,1
2775.25,0
2775.5,1
2776.75,0
2777.5,1
2777.75,0
2780.75,1
2781.0,0
2792.5,1
2792.75,0
2793.0,1
2796.75,0
2797.25,1
2797.5,0
2797.75,1
2801.0,0
2801.25,1
2801.5,0
2801.75,1
2802.0,0
2803.5,1
2804.0,0
2804.75,1
2805.0,0
2816.25,1
2819.75,0
2820.5,1
2825.0,0
2828.0,1
2828.25,0
2829.25,1
2829.5,0
2888.5,1
2892.75,0
2893.0,1
2894.0,0
2894.25,1
2895.75,0
2896.0,1
2897.0,0
2897.25,1
2897.5,0
2901.75,1
2902.0,0
2903.0,1
2903.25,0
2910.75,1
2911.0,0
2913.0,1
2920.75,0
2921.0,1
2921.25,0
2921.75,1
2922.0,0
2936.0,1
2936.25,0
2937.0,1
2937.5,0
2937.75,1
2940.25,0
2940.75,1
2941.25,0
2941.5,1
2943.5,0
2943.75,1
2944.0,0
2944.25,1
2945.25,0
2960.5,1
2961.0,0
2961.25,1
2962.5,0
2962.75,1
2969.5,0
2972.5,1
2972.75,0
2983.0,1
2983.25,0
2984.75,1
2985.25,0
2985.75,1
2993.5,0
2996.5,1
2996.75,0
3054.75,1
3055.0,0
3056.5,1
3061.0,0
3061.25,1
3061.5,0
3061.75,1
3064.75,0
3065.0,1
3065.25,0
3066.25,1
3066.5,0
3070.25,1
3070.5,0
3070.75,1
3071.0,0
3080.25,1
3080.5,0
3080.75,1
3089.5,0
3094.25,1
3094.5,0
3103.0,1
3103.25,0
3103.75,1
3104.0,0
3104.75,1
3105.5,0
3105.75,1
3108.25,0
3108.5,1
3113.75,0
3115.75,1
3116.0,0
3128.5,1
3132.25,0
3132.5,1
3136.25,0
3136.5,1
3136.75,0
3137.25,1
3137.75,0
3152.25,1
3153.5,0
3153.75,1
3157.5,0
3157.75,1
3161.0,0
3161.25,1
3161.5,0
3224.25,1
3224.5,0
3225.0,1
3233.0,0
3236.25,1
3236.5,0
3246.5,1
3246.75,0
3247.5,1
3247.75,0
3248.75,1
3250.0,0
3250.25,1
3252.5,0
3253.0,1
3256.5,0
3256.75,1
3257.25,0
3270.0,1
3270.25,0
3273.0,1
3281.25,0
3296.75,1
3304.75,0
3305.0,1
3305.25,0
3320.75,1
3321.5,0
3321.75,1
3322.0,0
3322.25,1
3324.25,0
3324.75,1
3326.0,0
3326.25,1
3327.0,0
3327.25,1
3329.0,0
3329.25,1
3329.5,0
3391.25,1
3391.5,0
3392.75,1
3396.5,0
3396.75,1
3399.5,0
3399.75,1
3401.5,0
3414.0,1
3414.25,0
3416.75,1
3421.25,0
3421.5,1
3425.0,0
3429.0,1
3429.25,0
3440.75,1
3446.0,0
3446.25,1
3449.5,0
3451.75,1
3452.0,0
3464.75,1
3473.25,0
3488.25,1
3488.5,0
3488.75,1
3497.5,0
3559.5,1
3559.75,0
3560.5,1
3560.75,0
3561.25,1
3569.5,0
3569.75,1
3570.0,0
3572.75,1
3573.0,0
3573.5,1
3574.0,0
3608.5,1
3608.75,0
3609.25,1
3613.0,0
3613.5,1
3617.25,0
3632.25,1
3632.75,0
3633.0,1
3635.75,0
3636.0,1
3636.25,0
3636.5,1
3637.0,0
3637.5,1
3639.25,0
3639.5,1
3640.75,0
3645.5,1
3645.75,0
3654.25,1
3654.5,0
3656.5,1
3657.0,0
3657.25,1
3662.5,0
3662.75,1
3663.25,0
3663.5,1
3665.0,0
3665.25,1
3665.5,0
3727.0,1
3727.25,0
3727.5,1
3727.75,0
3728.25,1
3729.25,0
3730.0,1
3730.5,0
3730.75,1
3731.0,0
3731.25,1
3732.25,0
3732.5,1
3736.25,0
3736.5,1
3737.25,0
3737.5,1
3737.75,0
3740.25,1
3740.5,0
3740.75,1
3741.25,0
3753.0,1
3761.25,0
3764.5,1
3764.75,0
3773.25,1
3773.5,0
3774.25,1
3774.5,0
3776.75,1
3777.25,0
3777.5,1
3780.0,0
3780.25,1
3785.0,0
3785.25,1
3785.5,0
3800.25,1
3804.5,0
3804.75,1
3809.5,0
3824.5,1
3824.75,0
3825.0,1
3833.25,0
3835.75,1
3836.0,0
3837.5,1
3837.75,0
3894.25,1
3894.5,0
3895.5,1
3895.75,0
3896.5,1
3897.25,0
3897.5,1
3905.5,0
3908.0,1
3908.25,0
3909.0,1
3909.25,0
3918.0,1
3918.25,0
3920.75,1
3929.25,0
3932.75,1
3933.0,0
3945.0,1
3948.25,0
3948.5,1
3953.25,0
3957.0,1
3957.25,0
3965.5,1
3965.75,0
3968.75,1
3972.25,0
3972.5,1
3972.75,0
3973.0,1
3977.0,0
3977.25,1
3977.5,0
3979.75,1
3980.0,0
3992.75,1
3993.25,0
3993.5,1
3997.0,0
3997.25,1
4001.5,0
4004.5,1
4004.75,0
4064.75,1
4071.25,0
4071.5,1
4072.0,0
4072.25,1
4073.5,0
4086.5,1
4086.75,0
4089.0,1
4092.0,0
4092.25,1
4095.25,0
4095.5,1
4097.25,0
4097.5,1
4097.75,0
4101.25,1
4101.5,0
4113.0,1
4121.25,0
4134.5,1
4134.75,0
4137.25,1
4145.5,0
4146.0,1
4146.25,0
4161.0,1
4161.25,0
4161.5,1
4169.25,0
4232.5,1
4240.75,0
4241.0,1
4241.75,0
4244.0,1
4244.25,0
4256.5,1
4256.75,0
4257.0,1
4265.25,0
4278.25,1
4278.5,0
4279.0,1
4279.25,0
4280.75,1
4281.25,0
4281.5,1
4289.25,0
4289.5,1
4290.0,0
4292.5,1
4292.75,0
4302.5,1
4302.75,0
4305.25,1
4313.5,0
4329.0,1
4337.0,0
4341.5,1
4341.75,0
4400.25,1
4403.75,0
4404.0,1
4405.0,0
4405.25,1
4406.25,0
4406.75,1
4409.25,0
4409.75,1
4410.0,0
4448.75,1
4457.25,0
4472.75,1
4477.75,0
4478.0,1
4479.5,0
4479.75,1
4481.0,0
4481.5,1
4481.75,0
4494.25,1
4494.5,0
4496.75,1
4497.25,0
4497.5,1
4498.0,0
4498.25,1
4499.75,0
4500.25,1
4502.0,0
4502.25,1
4505.25,0
4568.5,1
4577.0,0
4592.25,1
4594.5,0
4594.75,1
4601.0,0
4601.25,1
4601.5,0
4604.0,1
4604.25,0
4617.0,1
4622.75,0
4623.0,1
4625.25,0
4629.75,1
4630.0,0
4640.5,1
4640.75,0
4641.0,1
4645.5,0
4645.75,1
4649.0,0
4651.25,1
4651.5,0
4653.25,1
4653.5,0
4662.5,1
4662.75,0
4664.75,1
4670.5,0
4670.75,1
4673.0,0
4673.25,1
4673.5,0
4677.5,1
4677.75,0
4737.25,1
4741.5,0
4741.75,1
4745.5,0
4748.75,1
4749.0,0
4749.5,1
4749.75,0
4760.25,1
4760.5,0
4760.75,1
4765.0,0
4765.25,1
4767.0,0
4767.25,1
4769.25,0
4784.5,1
4784.75,0
4785.0,1
4785.5,0
4785.75,1
4793.25,0
4807.25,1
4807.5,0
4808.0,1
4808.25,0
4808.5,1
4808.75,0
4809.0,1
4815.5,0
4815.75,1
4817.25,0
4819.75,1
4820.0,0
4821.25,1
4821.5,0
4833.5,1
4836.0,0
4836.25,1
4841.5,0
4841.75,1
4842.0,0
4905.0,1
4913.0,0
4927.75,1
4928.0,0
4928.25,1
4928.75,0
4929.0,1
4929.5,0
4929.75,1
4932.75,0
4933.0,1
4937.25,0
4941.0,1
4941.25,0
4952.75,1
4953.5,0
4954.0,1
4955.25,0
4956.0,1
4956.75,0
4957.0,1
4958.0,0
4958.25,1
4961.0,0
4966.25,1
4966.5,0
4976.5,1
4976.75,0
4977.0,1
4980.5,0
4980.75,1
4984.75,0
4985.0,1
4985.5,0
4990.25,1
4990.5,0
5000.5,1
5002.5,0
5002.75,1
5004.0,0
5004.25,1
5006.0,0
5006.25,1
5009.5,0
5014.75,1
5015.0,0
5071.25,1
5071.5,0
5073.0,1
5074.75,0
5075.0,1
5080.0,0
5080.25,1
5081.25,0
5086.25,1
5086.5,0
5094.75,1
5095.0,0
5096.5,1
5096.75,0
5097.0,1
5102.75,0
5103.0,1
5105.0,0
5118.0,1
5118.5,0
5119.5,1
5119.75,0
5120.5,1
5121.5,0
5122.0,1
5126.5,0
5126.75,1
5128.5,0
5128.75,1
5129.0,0
5129.25,1
5129.75,0
5143.25,1
5143.5,0
5144.5,1
5146.0,0
5146.5,1
5149.75,0
5150.0,1
5153.25,0
5168.0,1
5168.25,0
5168.5,1
5172.0,0
5172.25,1
5172.5,0
5172.75,1
5173.25,0
5173.5,1
5173.75,0
5174.0,1
5177.5,0
5241.0,1
5243.5,0
5244.0,1
5245.0,0
5245.25,1
5246.0,0
5246.25,1
5249.25,0
5252.25,1
5252.5,0
5264.25,1
5264.5,0
5264.75,1
5273.25,0
5288.5,1
5294.75,0
5295.0,1
5297.5,0
5313.0,1
5317.5,0
5317.75,1
5319.0,0
5319.5,1
5321.25,0
5334.25,1
5334.75,0
5336.5,1
5339.0,0
5339.25,1
5340.25,0
5340.75,1
5341.25,0
5341.5,1
5343.5,0
5343.75,1
5345.0,0
5409.25,1
5417.25,0
5417.5,1
5417.75,0
5418.0,1
5418.25,0
5432.5,1
5436.75,0
5437.0,1
5437.5,0
5437.75,1
5441.25,0
5444.5,1
5444.75,0
5445.25,1
5445.5,0
5454.75,1
5455.0,0
5456.5,1
5465.75,0
5481.25,1
5489.5,0
5502.75,1
5503.0,0
5504.0,1
5504.25,0
5504.5,1
5506.5,0
5507.0,1
5508.5,0
5508.75,1
5511.0,0
5511.25,1
5513.0,0
5513.25,1
5513.75,0
5517.5,1
5517.75,0
5575.0,1
5575.25,0
5577.0,1
5581.75,0
5582.0,1
5584.25,0
5584.5,1
5585.0,0
5598.25,1
5598.5,0
5598.75,1
5599.0,0
5599.25,1
5599.5,0
5599.75,1
5600.0,0
5600.75,1
5601.5,0
5602.0,1
5609.75,0
5612.5,1
5612.75,0
5614.75,1
5615.0,0
5621.75,1
5622.0,0
5624.5,1
5624.75,0
5625.0,1
5627.75,0
5628.25,1
5628.75,0
5629.0,1
5633.0,0
5633.5,1
5633.75,0
5637.5,1
5637.75,0
5649.25,1
5652.5,0
5652.75,1
5657.5,0
5657.75,1
5658.0,0
5673.0,1
5673.25,0
5673.5,1
5674.0,0
5674.5,1
5679.25,0
5679.5,1
5680.0,0
5680.25,1
5681.0,0
5742.0,1
5742.25,0
5744.5,1
5753.0,0
5753.25,1
5753.75,0
5767.75,1
5768.0,0
5768.75,1
5773.5,0
5773.75,1
5777.25,0
5780.75,1
5781.0,0
5792.0,1
5792.25,0
5793.25,1
5796.75,0
5797.0,1
5801.25,0
5814.25,1
5814.5,0
5817.0,1
5822.0,0
5822.25,1
5825.5,0
5829.0,1
5829.25,0
5830.25,1
5830.5,0
5840.5,1
5841.0,0
5841.25,1
5841.75,0
5842.0,1
5844.0,0
5844.5,1
5849.5,0
5908.5,1
5908.75,0
5909.75,1
5910.0,0
5913.25,1
5916.5,0
5916.75,1
5917.75,0
5918.0,1
5920.5,0
5920.75,1
5921.0,0
5957.5,1
5957.75,0
5958.0,1
5958.25,0
5961.0,1
5962.25,0
5962.5,1
5964.0,0
5964.5,1
5969.5,0
5983.25,1
5983.5,0
5985.5,1
5989.25,0
5989.5,1
5993.0,0
5993.25,1
5993.5,0
6007.5,1
6007.75,0
6008.75,1
6010.25,0
6010.5,1
6012.75,0
6013.25,1
6017.25,0
6022.25,1
6022.5,0
6080.5,1
6080.75,0
6081.25,1
6085.75,0
6086.0,1
6089.5,0
6103.75,1
6104.0,0
6104.75,1
6109.75,0
6110.0,1
6111.25,0
6111.5,1
6113.5,0
6129.0,1
6136.75,0
6137.0,1
6137.5,0
6140.25,1
6140.5,0
6153.25,1
6157.25,0
6157.5,1
6160.75,0
6175.0,1
6175.25,0
6176.75,1
6183.5,0
6183.75,1
6185.0,0
6185.25,1
6185.75,0
6245.5,1
6245.75,0
6246.25,1
6246.5,0
6248.5,1
6249.0,0
6249.25,1
6253.25,0
6253.5,1
6254.0,0
6254.25,1
6256.75,0
6257.0,1
6257.25,0
6257.5,1
6257.75,0
6261.0,1
6261.5,0
6273.0,1
6273.25,0
6273.5,1
6281.5,0
6284.75,1
6285.0,0
6285.5,1
6285.75,0
6296.75,1
6297.0,0
6297.5,1
6301.0,0
6301.25,1
6305.25,0
6305.5,1
6305.75,0
6320.25,1
6327.25,0
6327.5,1
6329.5,0
6333.0,1
6333.25,0
6345.0,1
6348.25,0
6348.5,1
6348.75,0
6349.0,1
6353.5,0
6416.75,1
6417.5,0
6417.75,1
6419.0,0
6419.25,1
6419.75,0
6420.0,1
6425.0,0
6440.75,1
6443.5,0
6443.75,1
6449.0,0
6449.25,1
6449.5,0
6450.75,1
6451.0,0
6462.25,1
6462.5,0
6465.0,1
6473.5,0
6474.0,1
6474.25,0
6488.5,1
6492.0,0
6492.5,1
6495.75,0
6496.0,1
6496.75,0
6499.5,1
6499.75,0
6501.0,1
6501.25,0
6512.75,1
6513.0,0
6513.25,1
6516.25,0
6516.75,1
6521.5,0
6584.5,1
6585.25,0
6585.5,1
6593.5,0
6593.75,1
6594.0,0
6596.75,1
6597.0,0
6597.5,1
6598.0,0
6598.25,1
6598.5,0
6608.0,1
6608.25,0
6608.75,1
6612.75,0
6613.0,1
6615.75,0
6616.0,1
6617.25,0
6632.5,1
6632.75,0
6633.0,1
6635.75,0
6636.0,1
6638.75,0
6639.0,1
6641.25,0
6656.75,1
6657.0,0
6657.5,1
6659.75,0
6660.0,1
6664.5,0
6664.75,1
6665.0,0
6666.75,1
6667.0,0
6674.5,1
6674.75,0
6681.25,1
6683.0,0
6683.25,1
6689.25,0
6689.5,1
6690.0,0
6690.75,1
6691.0,0
6692.5,1
6692.75,0
6752.75,1
6756.0,0
6756.5,1
6757.5,0
6757.75,1
6761.25,0
6800.75,1
6803.75,0
6804.0,1
6809.0,0
6822.25,1
6822.5,0
6825.0,1
6825.75,0
6826.0,1
6827.0,0
6827.5,1
6833.5,0
6845.75,1
6846.0,0
6848.0,1
6848.25,0
6848.5,1
6849.75,0
6850.0,1
6853.5,0
6853.75,1
6856.0,0
6856.25,1
6857.0,0
6919.75,1
6920.0,0
6920.75,1
6924.75,0
6925.0,1
6929.25,0
6944.5,1
6949.0,0
6949.25,1
6952.5,0
6952.75,1
6953.5,0
6955.5,1
6955.75,0
6967.75,1
6968.0,0
6968.75,1
6970.5,0
6970.75,1
6972.5,0
6972.75,1
6977.25,0
6992.25,1
6992.5,0
6992.75,1
6993.25,0
6993.5,1
6996.0,0
6996.25,1
6997.25,0
6997.75,1
7001.75,0
7017.0,1
7021.5,0
7021.75,1
7026.0,0
7029.5,1
7029.75,0
7030.0,1
7030.25,0
7089.25,1
7091.0,0
7091.25,1
7091.75,0
7092.0,1
7096.75,0
7097.0,1
7097.5,0
7099.0,1
7099.25,0
7109.25,1
7109.5,0
7110.0,1
7110.25,0
7112.5,1
7114.75,0
7115.25,1
7116.25,0
7116.75,1
7121.0,0
7121.5,1
7121.75,0
7134.75,1
7135.0,0
7136.75,1
7140.25,0
7140.5,1
7140.75,0
7141.0,1
7145.75,0
7148.25,1
7148.5,0
7160.75,1
7165.25,0
7165.5,1
7166.5,0
7166.75,1
7167.5,0
7167.75,1
7169.5,0
7184.5,1
7188.25,0
7188.5,1
7189.25,0
7189.75,1
7193.0,0
7195.75,1
7196.0,0
7197.75,1
7198.0,0
7254.0,1
7254.25,0
7257.0,1
7259.5,0
7259.75,1
7260.5,0
7260.75,1
7263.75,0
7264.0,1
7264.5,0
7265.25,1
7265.5,0
7277.5,1
7277.75,0
7281.25,1
7289.0,0
7292.75,1
7293.0,0
7303.5,1
7303.75,0
7305.25,1
7311.75,0
7312.25,1
7313.75,0
7315.25,1
7315.5,0
7326.5,1
7326.75,0
7328.5,1
7328.75,0
7329.25,1
7336.75,0
7353.25,1
7355.75,0
7356.0,1
7356.75,0
7357.0,1
7360.5,0
7360.75,1
7361.5,0
7365.5,1
7366.0,0
7423.25,1
7423.5,0
7425.25,1
7429.75,0
7430.0,1
7430.25,0
7430.5,1
7433.0,0
7433.25,1
7433.5,0
7448.5,1
7450.75,0
7451.0,1
7452.5,0
7452.75,1
7457.5,0
7471.75,1
7472.0,0
7472.75,1
7473.25,0
7473.5,1
7474.5,0
7474.75,1
7481.25,0
7482.0,1
7482.25,0
7497.25,1
7500.0,0
7500.25,1
7505.25,0
7508.75,1
7509.0,0
7510.0,1
7510.25,0
7518.5,1
7518.75,0
7520.0,1
7520.25,0
7521.25,1
7523.5,0
7523.75,1
7524.25,0
7524.5,1
7526.75,0
7527.25,1
7527.75,0
7528.0,1
7528.5,0
7528.75,1
7529.0,0
7529.25,1
7529.5,0
7531.5,1
7531.75,0
7532.0,1
7532.25,0
7592.75,1
7598.75,0
7599.0,1
7601.25,0
7601.5,1
7601.75,0
7605.25,1
7605.5,0
7616.25,1
7621.25,0
7621.5,1
7625.0,0
7628.5,1
7628.75,0
7629.25,1
7629.5,0
7634.5,1
7634.75,0
7637.25,1
7637.5,0
7641.25,1
7644.5,0
7644.75,1
7645.5,0
7645.75,1
7648.0,0
7648.25,1
7649.0,0
7649.5,1
7649.75,0
7652.75,1
7653.0,0
7664.25,1
7664.5,0
7664.75,1
7665.25,0
7665.75,1
7668.5,0
7668.75,1
7669.75,0
7670.5,1
7673.25,0
7676.75,1
7677.0,0
7688.75,1
7689.0,0
7689.25,1
7697.5,0
7702.25,1
7702.5,0
7760.25,1
7760.5,0
7761.25,1
7764.25,0
7764.5,1
7765.25,0
7765.5,1
7769.25,0
7772.5,1
7772.75,0
7783.75,1
7784.0,0
7784.75,1
7785.75,0
7786.0,1
7787.5,0
7787.75,1
7788.25,0
7788.5,1
7793.5,0
7808.5,1
7810.25,0
7810.5,1
7811.0,0
7811.25,1
7813.25,0
7813.5,1
7815.75,0
7816.0,1
7816.5,0
7816.75,1
7817.25,0
7820.5,1
7820.75,0
7831.5,1
7831.75,0
7832.5,1
7832.75,0
7833.25,1
7836.75,0
7837.25,1
7839.25,0
7839.5,1
7840.5,0
7840.75,1
7841.0,0
7841.5,1
7841.75,0
7844.75,1
7845.0,0
7928.75,1
7929.0,0
7929.25,1
7931.75,0
7932.0,1
7934.0,0
7934.25,1
7937.25,0
7937.75,1
7938.0,0
7941.75,1
7942.0,0
7952.75,1
7957.25,0
7957.5,1
7958.0,0
7958.25,1
7958.5,0
7958.75,1
7960.0,0
7960.25,1
7961.0,0
7973.5,1
7974.0,0
7976.75,1
7977.25,0
7977.5,1
7984.75,0
7985.75,1
7986.0,0
7989.75,1
7990.0,0
8001.0,1
8008.25,0
8008.5,1
8009.0,0
8009.5,1
8009.75,0
8010.0,1
8010.25,0
8012.5,1
8013.0,0
8024.75,1
8033.5,0
8037.0,1
8037.25,0
8037.75,1
8038.0,0
8096.75,1
8100.25,0
8100.5,1
8100.75,0
8101.0,1
8103.0,0
8103.5,1
8105.25,0
8105.5,1
8105.75,0
8118.25,1
8118.5,0
8120.5,1
8120.75,0
8121.0,1
8122.5,0
8122.75,1
8126.25,0
8126.5,1
8129.5,0
8129.75,1
8130.0,0
8133.75,1
8134.0,0
8145.0,1
8148.25,0
8148.5,1
8150.25,0
8150.5,1
8153.25,0
8155.75,1
8156.0,0
8169.25,1
8171.25,0
8171.5,1
8172.25,0
8172.5,1
8173.5,0
8173.75,1
8175.25,0
8175.5,1
8176.0,0
8176.25,1
8176.75,0
8192.75,1
8193.0,0
8193.25,1
8196.75,0
8197.25,1
8201.25,0
8201.5,1
8201.75,0
8259.75,1
8260.0,0
8262.25,1
8262.5,0
8264.25,1
8267.75,0
8268.0,1
8269.25,0
8269.75,1
8270.0,0
8270.25,1
8273.25,0
8285.75,1
8286.0,0
8288.75,1
8297.25,0
8310.0,1
8310.25,0
8313.25,1
8316.75,0
8317.0,1
8317.25,0
8317.5,1
8321.5,0
8334.0,1
8334.5,0
8335.5,1
8335.75,0
8336.5,1
8340.5,0
8340.75,1
8343.75,0
8344.0,1
8345.25,0
8359.5,1
8359.75,0
8361.0,1
8361.25,0
8361.75,1
8369.5,0
8432.5,1
8433.0,0
8433.25,1
8436.0,0
8436.25,1
8436.5,0
8436.75,1
8440.75,0
8441.0,1
8441.25,0
8453.5,1
8453.75,0
8456.75,1
8458.75,0
8459.0,1
8464.5,0
8464.75,1
8465.5,0
8468.75,1
8469.0,0
8469.25,1
8469.5,0
8480.75,1
8481.5,0
8481.75,1
8485.5,0
8486.0,1
8487.0,0
8487.25,1
8490.0,0
8505.25,1
8510.5,0
8510.75,1
8513.5,0
8516.75,1
8517.0,0
8528.25,1
8528.5,0
8528.75,1
8532.5,0
8533.0,1
8537.5,0
8538.25,1
8538.5,0
8622.0,1
8622.25,0
8625.0,1
8625.25,0
8625.5,1
8625.75,0
8626.0,1
8633.25,0
8648.75,1
8654.75,0
8655.0,1
8656.5,0
8656.75,1
8657.25,0
8661.5,1
8661.75,0
8672.75,1
8677.0,0
8677.5,1
8680.25,0
8680.5,1
8681.25,0
8683.25,1
8683.5,0
8694.0,1
8694.25,0
8695.75,1
8696.0,0
8696.25,1
8696.75,0
8697.25,1
8704.5,0
8704.75,1
8705.25,0
8709.75,1
8710.0,0

float Room-228A (1231,2)
0.0,0
31.25,1
31.5,0
32.25,1
42.25,0
56.25,1
56.5,0
57.5,1
65.5,0
68.75,1
69.0,0
69.25,1
69.5,0
79.0,1
79.25,0
79.75,1
89.75,0
94.5,1
94.75,0
104.0,1
104.25,0
104.5,1
113.25,0
113.5,1
113.75,0
114.5,1
114.75,0
128.5,1
137.25,0
200.25,1
209.5,0
211.0,1
211.25,0
213.25,1
213.5,0
224.25,1
233.5,0
246.25,1
246.5,0
246.75,1
247.0,0
247.5,1
247.75,0
249.0,1
258.0,0
261.25,1
261.5,0
272.5,1
281.25,0
292.75,1
293.0,0
297.0,1
305.25,0
305.5,1
305.75,0
368.5,1
377.25,0
392.25,1
401.25,0
401.5,1
401.75,0
439.5,1
439.75,0
440.75,1
449.75,0
464.5,1
473.5,0
536.25,1
545.5,0
549.0,1
549.25,0
560.0,1
569.5,0
572.5,1
572.75,0
582.75,1
583.0,0
584.75,1
593.25,0
593.75,1
594.0,0
597.25,1
597.5,0
597.75,1
598.0,0
608.75,1
617.5,0
617.75,1
618.0,0
631.75,1
641.75,0
704.25,1
713.75,0
728.5,1
729.0,0
729.25,1
737.25,0
737.5,1
737.75,0
752.0,1
752.25,0
752.75,1
761.5,0
773.5,1
773.75,0
775.5,1
775.75,0
776.5,1
786.0,0
788.5,1
788.75,0
798.25,1
798.5,0
800.5,1
809.75,0
812.75,1
813.0,0
872.75,1
881.5,0
884.0,1
884.25,0
885.25,1
885.5,0
896.25,1
897.25,0
897.5,1
906.0,0
920.5,1
929.0,0
932.75,1
933.0,0
944.25,1
953.25,0
957.0,1
957.25,0
968.5,1
977.25,0
979.75,1
980.0,0
1037.75,1
1038.0,0
1040.25,1
1040.5,0
1041.0,1
1049.75,0
1051.25,1
1051.5,0
1052.0,1
1052.25,0
1053.0,1
1053.25,0
1064.75,1
1073.25,0
1078.0,1
1078.25,0
1112.75,1
1121.25,0
1124.25,1
1124.5,0
1125.5,1
1125.75,0
1134.5,1
1134.75,0
1136.75,1
1145.0,0
1208.75,1
1217.75,0
1233.0,1
1241.25,0
1245.25,1
1245.5,0
1254.75,1
1255.0,0
1256.0,1
1265.75,0
1279.5,1
1280.0,0
1280.5,1
1289.25,0
1293.25,1
1293.5,0
1293.75,1
1294.0,0
1304.25,1
1313.5,0
1374.25,1
1374.5,0
1376.25,1
1385.25,0
1385.5,1
1385.75,0
1388.75,1
1389.0,0
1399.75,1
1400.0,0
1400.25,1
1400.5,0
1401.0,1
1409.5,0
1425.0,1
1433.5,0
1436.75,1
1437.25,0
1448.5,1
1457.5,0
1459.5,1
1459.75,0
1470.5,1
1471.0,0
1472.0,1
1481.5,0
1544.25,1
1553.75,0
1566.25,1
1566.5,0
1567.75,1
1568.0,0
1568.75,1
1577.25,0
1578.0,1
1578.25,0
1592.75,1
1601.75,0
1615.0,1
1615.25,0
1616.5,1
1625.5,0
1641.0,1
1649.75,0
1652.0,1
1652.25,0
1712.75,1
1721.5,0
1736.5,1
1745.5,0
1745.75,1
1746.25,0
1760.5,1
1770.0,0
1784.25,1
1793.5,0
1795.75,1
1796.0,0
1808.75,1
1818.25,0
1880.0,1
1880.5,0
1880.75,1
1889.5,0
1904.75,1
1913.0,0
1913.25,1
1913.75,0
1927.75,1
1928.0,0
1928.5,1
1937.75,0
1952.5,1
1961.75,0
1977.0,1
1985.0,0
2048.5,1
2057.25,0
2057.5,1
2057.75,0
2071.0,1
2071.25,0
2072.25,1
2081.75,0
2094.0,1
2094.25,0
2096.5,1
2105.0,0
2105.25,1
2105.75,0
2107.75,1
2108.0,0
2109.5,1
2109.75,0
2120.25,1
2130.0,0
2134.0,1
2134.25,0
2144.5,1
2153.25,0
2214.0,1
2214.25,0
2215.0,1
2215.25,0
2216.25,1
2225.5,0
2240.25,1
2240.5,0
2241.0,1
2249.0,0
2249.25,1
2249.75,0
2264.25,1
2264.5,0
2264.75,1
2273.25,0
2273.75,1
2274.25,0
2276.0,1
2276.25,0
2286.75,1
2287.0,0
2288.75,1
2298.0,0
2309.0,1
2309.25,0
2312.75,1
2313.0,0
2313.25,1
2322.0,0
2325.5,1
2325.75,0
2384.5,1
2392.75,0
2393.0,1
2394.0,0
2397.25,1
2397.5,0
2408.75,1
2418.0,0
2421.75,1
2422.0,0
2432.75,1
2441.75,0
2444.75,1
2445.0,0
2445.5,1
2445.75,0
2455.75,1
2465.75,0
2479.5,1
2479.75,0
2480.5,1
2489.5,0
2552.25,1
2561.75,0
2575.5,1
2575.75,0
2576.0,1
2576.25,0
2576.75,1
2585.25,0
2588.75,1
2589.0,0
2599.5,1
2599.75,0
2600.75,1
2609.5,0
2623.75,1
2633.75,0
2637.5,1
2637.75,0
2647.75,1
2648.0,0
2648.5,1
2657.25,0
2657.5,1
2657.75,0
2661.25,1
2661.5,0
2662.75,1
2663.0,0
2663.25,1
2663.5,0
2720.5,1
2729.5,0
2733.5,1
2733.75,0
2744.0,1
2753.5,0
2756.75,1
2757.0,0
2758.25,1
2758.5,0
2768.75,1
2777.0,0
2777.25,1
2777.5,0
2781.0,1
2781.25,0
2790.25,1
2790.5,0
2792.25,1
2802.25,0
2804.25,1
2804.5,0
2805.75,1
2806.0,0
2815.75,1
2825.25,0
2829.5,1
2829.75,0
2888.25,1
2897.25,0
2897.5,1
2897.75,0
2912.25,1
2912.5,0
2912.75,1
2920.75,0
2921.0,1
2921.25,0
2936.5,1
2945.5,0
2960.5,1
2969.75,0
2983.0,1
2983.25,0
2984.25,1
2993.5,0
2996.5,1
2996.75,0
3056.5,1
3065.25,0
3067.25,1
3067.5,0
3070.5,1
3070.75,0
3074.75,1
3075.0,0
3078.25,1
3078.5,0
3080.5,1
3089.75,0
3090.0,1
3090.25,0
3092.25,1
3092.5,0
3094.5,1
3094.75,0
3104.0,1
3113.5,0
3128.5,1
3128.75,0
3129.0,1
3137.25,0
3152.0,1
3152.25,0
3153.0,1
3161.5,0
3224.5,1
3233.75,0
3247.0,1
3247.25,0
3248.5,1
3257.25,0
3257.5,1
3257.75,0
3272.75,1
3281.75,0
3285.25,1
3285.5,0
3295.75,1
3296.0,0
3296.25,1
3305.25,0
3318.25,1
3318.5,0
3319.5,1
3319.75,0
3320.25,1
3330.0,0
3389.5,1
3389.75,0
3392.75,1
3401.5,0
3416.25,1
3425.5,0
3428.0,1
3428.25,0
3440.5,1
3448.75,0
3454.25,1
3454.5,0
3464.25,1
3464.5,0
3464.75,1
3473.5,0
3489.25,1
3497.75,0
3500.5,1
3500.75,0
3501.5,1
3502.0,0
3559.0,1
3559.25,0
3560.25,1
3569.5,0
3572.25,1
3572.5,0
3608.75,1
3617.25,0
3632.5,1
3641.75,0
3644.5,1
3644.75,0
3653.75,1
3654.0,0
3657.0,1
3665.75,0
3670.5,1
3670.75,0
3728.75,1
3737.75,0
3738.25,1
3738.5,0
3739.25,1
3739.5,0
3740.5,1
3740.75,0
3752.5,1
3761.25,0
3776.0,1
3776.5,0
3776.75,1
3785.25,0
3785.5,1
3785.75,0
3789.25,1
3789.5,0
3800.5,1
3809.5,0
3824.5,1
3833.25,0
3836.5,1
3836.75,0
3895.75,1
3896.0,0
3896.5,1
3905.0,0
3906.0,1
3906.25,0
3907.5,1
3907.75,0
3920.5,1
3930.0,0
3933.0,1
3933.25,0
3944.75,1
3953.75,0
3967.5,1
3968.0,0
3969.0,1
3977.5,0
3991.5,1
3991.75,0
3993.0,1
4001.25,0
4004.75,1
4005.25,0
4064.0,1
4064.25,0
4064.75,1
4073.75,0
4088.25,1
4088.75,0
4089.0,1
4097.5,0
4098.25,1
4098.5,0
4110.25,1
4110.5,0
4112.75,1
4121.0,0
4123.75,1
4124.0,0
4136.75,1
4145.5,0
4160.0,1
4169.5,0
4171.75,1
4172.0,0
4231.75,1
4232.0,0
4232.25,1
4232.5,0
4233.0,1
4241.25,0
4242.0,1
4242.25,0
4243.75,1
4244.25,0
4244.75,1
4245.0,0
4256.25,1
4266.0,0
4268.75,1
4269.0,0
4280.75,1
4289.25,0
4289.5,1
4290.0,0
4304.75,1
4314.0,0
4316.5,1
4316.75,0
4328.25,1
4337.0,0
4337.25,1
4337.5,0
4399.75,1
4400.0,0
4400.25,1
4409.75,0
4447.25,1
4447.5,0
4448.5,1
4457.75,0
4459.0,1
4459.25,0
4469.0,1
4469.25,0
4470.25,1
4470.5,0
4473.0,1
4477.25,0
4477.5,1
4481.25,0
4481.5,1
4481.75,0
4485.75,1
4486.0,0
4496.5,1
4505.5,0
4509.5,1
4509.75,0
4566.75,1
4567.0,0
4568.5,1
4577.0,0
4577.25,1
4577.5,0
4580.5,1
4580.75,0
4592.0,1
4592.25,0
4592.5,1
4602.0,0
4605.0,1
4605.25,0
4614.25,1
4614.5,0
4615.75,1
4616.0,0
4617.0,1
4625.75,0
4628.25,1
4628.5,0
4629.5,1
4630.0,0
4639.75,1
4640.25,0
4640.5,1
4649.75,0
4665.0,1
4674.0,0
4677.75,1
4678.0,0
4734.5,1
4734.75,0
4737.0,1
4745.75,0
4760.25,1
4760.5,0
4760.75,1
4769.75,0
4783.75,1
4793.25,0
4793.5,1
4793.75,0
4797.25,1
4797.5,0
4808.25,1
4815.25,0
4815.5,1
4817.5,0
4832.75,1
4841.0,0
4841.5,1
4841.75,0
4844.25,1
4844.5,0
4904.25,1
4914.0,0
4918.25,1
4918.5,0
4925.75,1
4926.0,0
4926.5,1
4926.75,0
4928.5,1
4937.75,0
4940.25,1
4940.5,0
4952.0,1
4952.5,0
4952.75,1
4961.75,0
4966.25,1
4966.5,0
4976.25,1
4985.5,0
4998.75,1
4999.0,0
5000.5,1
5009.25,0
5009.5,1
5009.75,0
5013.25,1
5013.5,0
5013.75,1
5014.0,0
5014.5,1
5014.75,0
5073.0,1
5081.5,0
5084.0,1
5084.25,0
5096.75,1
5106.0,0
5107.75,1
5108.0,0
5108.25,1
5108.5,0
5119.0,1
5119.25,0
5120.5,1
5129.5,0
5142.25,1
5142.5,0
5144.0,1
5144.25,0
5145.0,1
5153.0,0
5153.25,1
5153.5,0
5157.0,1
5157.25,0
5168.25,1
5168.5,0
5168.75,1
5177.5,0
5240.25,1
5249.75,0
5262.5,1
5262.75,0
5264.75,1
5274.25,0
5287.0,1
5287.25,0
5288.5,1
5297.75,0
5311.5,1
5311.75,0
5312.0,1
5321.75,0
5336.0,1
5336.25,0
5336.75,1
5345.25,0
5408.75,1
5417.25,0
5432.25,1
5432.5,0
5433.0,1
5441.75,0
5444.75,1
5445.0,0
5446.0,1
5446.25,0
5453.75,1
5454.0,0
5455.75,1
5456.0,0
5456.25,1
5465.5,0
5480.75,1
5489.5,0
5504.5,1
5513.5,0
5513.75,1
5514.25,0
5517.0,1
5517.5,0
5576.75,1
5585.0,0
5585.25,1
5585.5,0
5599.25,1
5599.5,0
5600.5,1
5609.5,0
5613.25,1
5613.5,0
5624.75,1
5633.5,0
5636.0,1
5636.25,0
5648.5,1
5653.5,0
5653.75,1
5657.5,0
5660.5,1
5660.75,0
5661.25,1
5661.5,0
5669.5,1
5669.75,0
5671.0,1
5671.25,0
5672.0,1
5672.5,0
5672.75,1
5673.5,0
5673.75,1
5681.25,0
5681.75,1
5682.0,0
5744.75,1
5754.0,0
5768.5,1
5777.0,0
5777.25,1
5777.5,0
5777.75,1
5778.0,0
5792.25,1
5801.25,0
5816.5,1
5825.75,0
5828.75,1
5829.0,0
5829.75,1
5830.0,0
5832.25,1
5832.5,0
5834.75,1
5835.0,0
5840.75,1
5849.75,0
5854.25,1
5854.5,0
5911.5,1
5911.75,0
5912.5,1
5912.75,0
5913.0,1
5921.5,0
5924.5,1
5924.75,0
5958.5,1
5958.75,0
5959.75,1
5960.0,0
5960.25,1
5969.5,0
5985.0,1
5993.0,0
5997.0,1
5997.25,0
6008.5,1
6017.75,0
6079.75,1
6080.0,0
6080.75,1
6089.5,0
6092.75,1
6093.0,0
6104.25,1
6113.25,0
6117.25,1
6117.5,0
6127.25,1
6127.5,0
6128.0,1
6137.75,0
6140.75,1
6141.0,0
6152.25,1
6152.5,0
6152.75,1
6161.25,0
6161.5,1
6161.75,0
6175.0,1
6175.25,0
6176.75,1
6185.75,0
6248.25,1
6258.0,0
6273.0,1
6281.25,0
6281.5,1
6281.75,0
6295.0,1
6295.25,0
6296.25,1
6305.75,0
6309.0,1
6309.25,0
6321.0,1
6329.5,0
6331.25,1
6331.5,0
6342.25,1
6342.5,0
6343.75,1
6344.0,0
6344.25,1
6353.75,0
6416.25,1
6425.5,0
6439.0,1
6439.25,0
6440.5,1
6449.5,0
6453.0,1
6453.25,0
6461.5,1
6461.75,0
6464.75,1
6473.75,0
6485.75,1
6486.0,0
6488.0,1
6497.0,0
6497.5,1
6498.25,0
6500.0,1
6500.25,0
6511.75,1
6512.0,0
6512.25,1
6521.25,0
6584.25,1
6584.5,0
6584.75,1
6593.25,0
6598.25,1
6598.5,0
6608.5,1
6617.5,0
6620.25,1
6620.5,0
6621.25,1
6621.5,0
6632.25,1
6632.5,0
6632.75,1
6641.75,0
6645.0,1
6645.25,0
6656.5,1
6665.5,0
6678.25,1
6678.5,0
6679.75,1
6689.5,0
6692.75,1
6693.0,0
6752.5,1
6761.75,0
6762.0,1
6762.25,0
6765.25,1
6765.5,0
6797.75,1
6798.0,0
6800.75,1
6809.5,0
6824.25,1
6824.5,0
6824.75,1
6833.5,0
6848.75,1
6857.5,0
6860.75,1
6861.0,0
6919.5,1
6919.75,0
6920.5,1
6929.25,0
6931.5,1
6931.75,0
6932.75,1
6933.25,0
6944.5,1
6953.5,0
6969.0,1
6977.5,0
6977.75,1
6978.0,0
6980.0,1
6980.25,0
6993.0,1
7001.5,0
7016.5,1
7025.5,0
7089.0,1
7098.0,0
7111.5,1
7112.0,0
7112.25,1
7121.25,0
7121.5,1
7121.75,0
7124.5,1
7124.75,0
7136.75,1
7145.5,0
7148.25,1
7148.5,0
7149.25,1
7149.5,0
7161.0,1
7169.0,0
7184.25,1
7184.5,0
7184.75,1
7193.0,0
7193.25,1
7193.75,0
7195.75,1
7196.0,0
7255.75,1
7265.75,0
7269.0,1
7269.25,0
7279.0,1
7279.25,0
7280.25,1
7289.0,0
7289.75,1
7290.0,0
7301.75,1
7302.0,0
7302.75,1
7303.0,0
7304.75,1
7313.5,0
7327.25,1
7327.5,0
7328.25,1
7328.5,0
7328.75,1
7338.0,0
7342.5,1
7342.75,0
7350.5,1
7350.75,0
7352.75,1
7361.25,0
7422.25,1
7422.75,0
7424.5,1
7433.25,0
7437.25,1
7437.5,0
7448.25,1
7457.25,0
7457.5,1
7457.75,0
7472.5,1
7472.75,0
7473.0,1
7481.25,0
7482.0,1
7482.25,0
7496.75,1
7505.75,0
7520.5,1
7529.5,0
7529.75,1
7530.0,0
7534.25,1
7534.5,0
7591.25,1
7591.5,0
7592.0,1
7592.25,0
7592.75,1
7601.75,0
7605.5,1
7605.75,0
7616.5,1
7625.25,0
7640.25,1
7649.75,0
7652.25,1
7652.5,0
7664.75,1
7674.0,0
7688.0,1
7688.25,0
7688.75,1
7697.5,0
7760.25,1
7769.5,0
7782.5,1
7782.75,0
7784.5,1
7793.25,0
7807.5,1
7807.75,0
7808.0,1
7816.5,0
7817.0,1
7817.5,0
7821.25,1
7821.5,0
7832.75,1
7842.25,0
7928.25,1
7928.5,0
7928.75,1
7937.75,0
7941.25,1
7941.5,0
7951.75,1
7952.0,0
7952.25,1
7961.5,0
7976.75,1
7985.25,0
8000.75,1
8009.25,0
8013.25,1
8013.5,0
8024.5,1
8033.25,0
8033.5,1
8034.25,0
8036.0,1
8036.25,0
8095.75,1
8105.5,0
8120.5,1
8129.75,0
8145.0,1
8154.0,0
8155.75,1
8156.0,0
8156.5,1
8156.75,0
8168.75,1
8173.0,0
8173.25,1
8177.5,0
8180.75,1
8181.0,0
8190.75,1
8191.0,0
8192.5,1
8201.5,0
8204.75,1
8205.0,0
8264.5,1
8273.0,0
8275.25,1
8275.5,0
8277.0,1
8277.25,0
8288.25,1
8289.25,0
8289.5,1
8298.0,0
8313.0,1
8321.75,0
8334.0,1
8334.25,0
8334.75,1
8335.0,0
8336.25,1
8345.75,0
8348.25,1
8348.5,0
8359.0,1
8359.25,0
8360.0,1
8369.5,0
8372.25,1
8372.5,0
8373.5,1
8373.75,0
8431.75,1
8441.5,0
8456.5,1
8465.75,0
8481.0,1
8489.5,0
8503.75,1
8504.0,0
8504.5,1
8513.25,0
8513.5,1
8513.75,0
8528.25,1
8528.5,0
8528.75,1
8537.75,0
8538.0,1
8538.25,0
8541.25,1
8541.5,0
8624.0,1
8633.5,0
8637.0,1
8637.25,0
8647.5,1
8647.75,0
8648.5,1
8657.25,0
8660.0,1
8660.25,0
8661.25,1
8661.5,0
8661.75,1
8662.0,0
8672.5,1
8681.0,0
8681.5,1
8682.0,0
8695.25,1
8695.5,0
8696.5,1
8705.5,0

float Room-211 (991,2)
0.0,0
57.0,1
60.0,0
60.5,1
62.0,0
64.0,1
65.0,0
88.0,1
89.5,0
126.5,1
128.0,0
129.5,1
131.5,0
132.0,1
135.0,0
136.0,1
137.0,0
200.5,1
202.0,0
202.5,1
204.5,0
209.5,1
210.0,0
225.5,1
227.5,0
229.5,1
232.0,0
232.5,1
233.5,0
272.0,1
273.0,0
277.5,1
279.0,0
297.5,1
298.0,0
301.5,1
303.0,0
303.5,1
304.5,0
368.5,1
369.5,0
370.0,1
370.5,0
372.0,1
372.5,0
373.5,1
374.5,0
375.0,1
377.0,0
393.5,1
397.0,0
397.5,1
398.5,0
401.0,1
401.5,0
440.5,1
441.0,0
441.5,1
443.5,0
468.5,1
470.0,0
537.5,1
538.5,0
540.5,1
545.0,0
562.0,1
564.0,0
568.0,1
569.5,0
609.5,1
611.5,0
612.0,1
613.5,0
614.5,1
615.5,0
638.0,1
639.0,0
704.0,1
704.5,0
706.0,1
707.5,0
709.0,1
710.5,0
729.0,1
730.0,0
731.0,1
732.5,0
734.5,1
735.5,0
737.0,1
738.0,0
757.0,1
758.5,0
759.0,1
759.5,0
760.5,1
761.5,0
777.5,1
779.5,0
780.5,1
782.0,0
782.5,1
784.0,0
802.0,1
803.5,0
928.0,1
929.0,0
946.0,1
948.5,0
950.0,1
951.5,0
953.0,1
953.5,0
971.0,1
972.5,0
973.5,1
975.0,0
976.0,1
977.0,0
1042.0,1
1043.0,0
1065.5,1
1067.5,0
1068.5,1
1069.5,0
1072.0,1
1072.5,0
1136.0,1
1137.0,0
1138.0,1
1140.0,0
1141.0,1
1141.5,0
1143.0,1
1144.0,0
1233.0,1
1234.0,0
1235.0,1
1236.5,0
1238.0,1
1241.0,0
1257.5,1
1258.5,0
1260.0,1
1262.5,0
1281.0,1
1282.5,0
1283.0,1
1285.0,0
1286.0,1
1286.5,0
1287.0,1
1288.0,0
1307.0,1
1307.5,0
1378.0,1
1379.0,0
1379.5,1
1381.5,0
1382.5,1
1383.0,0
1384.0,1
1385.5,0
1405.5,1
1407.0,0
1450.5,1
1454.5,0
1455.0,1
1456.5,0
1473.0,1
1473.5,0
1474.0,1
1476.0,0
1477.0,1
1479.0,0
1542.5,1
1543.5,0
1548.5,1
1549.5,0
1568.0,1
1568.5,0
1569.5,1
1571.0,0
1571.5,1
1572.0,0
1573.5,1
1574.5,0
1593.0,1
1593.5,0
1595.5,1
1596.5,0
1598.5,1
1600.0,0
1618.0,1
1620.0,0
1621.0,1
1622.0,0
1623.5,1
1625.0,0
1640.5,1
1641.5,0
1645.5,1
1646.0,0
1647.5,1
1648.0,0
1712.5,1
1713.5,0
1716.5,1
1717.5,0
1718.0,1
1719.5,0
1721.0,1
1721.5,0
1759.0,1
1761.0,0
1762.5,1
1763.5,0
1768.0,1
1769.5,0
1784.5,1
1785.5,0
1787.0,1
1788.0,0
1881.5,1
1882.5,0
1883.0,1
1886.0,0
1887.5,1
1889.5,0
1906.5,1
1908.0,0
1908.5,1
1909.5,0
1910.0,1
1912.0,0
1912.5,1
1913.0,0
1977.0,1
1979.0,0
1980.0,1
1981.0,0
1982.0,1
1983.0,0
1983.5,1
1985.5,0
2047.0,1
2048.0,0
2052.0,1
2053.0,0
2078.5,1
2079.5,0
2101.0,1
2103.0,0
2121.0,1
2123.0,0
2145.0,1
2148.5,0
2150.0,1
2151.5,0
2219.0,1
2220.5,0
2222.0,1
2224.0,0
2242.0,1
2244.0,0
2266.0,1
2267.0,0
2268.5,1
2269.0,0
2270.5,1
2271.0,0
2272.5,1
2274.0,0
2288.5,1
2291.0,0
2291.5,1
2292.5,0
2293.5,1
2297.5,0
2313.5,1
2315.5,0
2317.5,1
2318.0,0
2387.0,1
2388.5,0
2432.0,1
2434.0,0
2436.0,1
2438.0,0
2439.0,1
2440.5,0
2457.0,1
2461.0,0
2556.5,1
2558.0,0
2560.5,1
2561.5,0
2576.0,1
2579.0,0
2583.0,1
2584.0,0
2584.5,1
2585.0,0
2601.5,1
2602.5,0
2624.5,1
2625.5,0
2626.0,1
2627.5,0
2629.5,1
2631.0,0
2631.5,1
2633.0,0
2721.0,1
2722.0,0
2724.0,1
2726.0,0
2726.5,1
2727.5,0
2728.0,1
2729.5,0
2790.5,1
2792.0,0
2794.5,1
2795.5,0
2799.5,1
2800.0,0
2816.5,1
2820.0,0
2820.5,1
2821.5,0
2822.5,1
2823.5,0
2824.0,1
2825.0,0
2889.0,1
2890.0,0
2891.0,1
2891.5,0
2893.0,1
2894.5,0
2896.0,1
2896.5,0
2913.0,1
2914.0,0
2918.0,1
2919.0,0
2920.5,1
2921.5,0
2937.5,1
2939.0,0
2961.5,1
2962.0,0
2985.5,1
2986.5,0
2987.0,1
2987.5,0
3056.5,1
3059.0,0
3060.0,1
3060.5,0
3061.5,1
3063.5,0
3064.5,1
3065.5,0
3087.0,1
3088.0,0
3107.0,1
3108.0,0
3108.5,1
3110.5,0
3135.5,1
3136.0,0
3222.5,1
3224.0,0
3224.5,1
3225.5,0
3227.0,1
3229.0,0
3230.0,1
3232.0,0
3248.5,1
3249.0,0
3275.0,1
3275.5,0
3277.5,1
3278.5,0
3280.0,1
3281.0,0
3394.0,1
3395.0,0
3395.5,1
3396.0,0
3468.5,1
3470.0,0
3473.0,1
3473.5,0
3611.0,1
3611.5,0
3613.5,1
3615.0,0
3615.5,1
3617.5,0
3637.0,1
3638.0,0
3639.5,1
3641.5,0
3774.5,1
3776.0,0
3781.5,1
3783.0,0
3802.0,1
3803.5,0
3808.0,1
3809.0,0
3824.5,1
3828.0,0
3829.0,1
3830.5,0
3831.5,1
3832.5,0
3922.0,1
3923.0,0
3924.5,1
3925.0,0
3926.0,1
3927.0,0
3944.5,1
3946.0,0
3946.5,1
3947.0,0
3947.5,1
3948.5,0
3949.5,1
3952.0,0
3968.5,1
3969.5,0
3971.0,1
3973.5,0
3975.0,1
3976.5,0
3977.0,1
3977.5,0
3993.5,1
3995.0,0
3995.5,1
3996.0,0
4067.5,1
4069.0,0
4089.0,1
4090.0,0
4090.5,1
4092.0,0
4092.5,1
4094.5,0
4095.0,1
4095.5,0
4096.0,1
4097.5,0
4113.0,1
4114.5,0
4115.5,1
4116.5,0
4136.5,1
4138.5,0
4140.0,1
4141.0,0
4158.5,1
4164.5,0
4166.0,1
4166.5,0
4168.0,1
4169.5,0
4258.0,1
4260.0,0
4262.5,1
4264.0,0
4282.0,1
4284.0,0
4288.5,1
4289.5,0
4307.0,1
4308.5,0
4328.5,1
4332.0,0
4333.0,1
4333.5,0
4334.5,1
4336.0,0
4450.5,1
4452.0,0
4476.0,1
4476.5,0
4478.5,1
4479.5,0
4496.5,1
4500.0,0
4501.0,1
4502.0,0
4569.5,1
4573.0,0
4573.5,1
4575.0,0
4576.0,1
4576.5,0
4592.5,1
4594.0,0
4594.5,1
4598.0,0
4617.5,1
4619.0,0
4644.5,1
4645.5,0
4737.0,1
4738.0,0
4739.5,1
4740.0,0
4741.5,1
4742.5,0
4743.5,1
4744.0,0
4745.0,1
4746.0,0
4761.5,1
4764.5,0
4765.0,1
4767.0,0
4767.5,1
4768.5,0
4786.5,1
4787.0,0
4788.0,1
4789.0,0
4809.0,1
4809.5,0
4813.5,1
4814.0,0
4815.0,1
4816.5,0
4832.5,1
4834.0,0
4835.0,1
4837.0,0
4838.5,1
4840.5,0
4929.5,1
4931.5,0
4953.0,1
4953.5,0
4954.5,1
4955.0,0
4957.0,1
4959.0,0
4977.5,1
4978.5,0
4982.5,1
4984.0,0
5001.0,1
5003.5,0
5004.0,1
5004.5,0
5007.5,1
5008.5,0
5097.5,1
5099.5,0
5100.5,1
5101.0,0
5101.5,1
5105.0,0
5122.5,1
5123.0,0
5149.5,1
5150.5,0
5151.0,1
5152.0,0
5153.0,1
5153.5,0
5168.5,1
5170.5,0
5172.5,1
5173.0,0
5176.0,1
5177.5,0
5240.0,1
5241.5,0
5243.0,1
5249.5,0
5289.5,1
5291.0,0
5291.5,1
5293.0,0
5294.0,1
5295.5,0
5297.0,1
5297.5,0
5338.5,1
5339.5,0
5342.0,1
5343.0,0
5407.5,1
5408.5,0
5411.5,1
5413.0,0
5435.0,1
5438.0,0
5458.5,1
5461.5,0
5463.0,1
5465.0,0
5485.5,1
5487.5,0
5488.0,1
5488.5,0
5504.5,1
5506.0,0
5508.0,1
5508.5,0
5510.0,1
5512.0,0
5579.0,1
5580.5,0
5581.0,1
5584.5,0
5629.5,1
5630.5,0
5672.5,1
5674.0,0
5678.5,1
5679.0,0
5768.0,1
5768.5,0
5769.5,1
5771.0,0
5772.5,1
5773.5,0
5775.0,1
5775.5,0
5776.5,1
5777.0,0
5792.5,1
5794.0,0
5795.5,1
5797.5,0
5798.0,1
5798.5,0
5799.0,1
5801.0,0
5817.5,1
5821.5,0
5822.0,1
5823.5,0
5824.0,1
5824.5,0
5915.5,1
5916.5,0
5968.0,1
5968.5,0
5985.0,1
5986.5,0
5987.0,1
5987.5,0
5989.0,1
5989.5,0
5993.0,1
5993.5,0
6017.0,1
6017.5,0
6080.5,1
6082.5,0
6084.5,1
6086.5,0
6106.0,1
6107.5,0
6108.0,1
6109.0,0
6109.5,1
6110.5,0
6111.5,1
6113.5,0
6129.0,1
6132.0,0
6152.5,1
6154.5,0
6155.0,1
6156.0,0
6156.5,1
6158.5,0
6160.0,1
6161.5,0
6177.5,1
6179.0,0
6180.5,1
6182.0,0
6182.5,1
6185.5,0
6273.0,1
6274.5,0
6275.0,1
6276.5,0
6280.5,1
6281.5,0
6321.5,1
6322.0,0
6325.0,1
6325.5,0
6416.5,1
6417.5,0
6421.5,1
6422.0,0
6423.0,1
6424.0,0
6424.5,1
6425.5,0
6441.0,1
6441.5,0
6444.0,1
6445.0,0
6448.0,1
6449.5,0
6464.5,1
6468.5,0
6470.0,1
6471.5,0
6472.5,1
6473.5,0
6489.0,1
6491.0,0
6513.0,1
6513.5,0
6585.0,1
6586.5,0
6588.5,1
6589.5,0
6590.0,1
6592.5,0
6608.5,1
6609.5,0
6611.5,1
6613.0,0
6613.5,1
6615.5,0
6632.0,1
6633.5,0
6634.0,1
6635.0,0
6637.0,1
6637.5,0
6656.5,1
6658.0,0
6660.0,1
6665.0,0
6681.0,1
6684.0,0
6684.5,1
6685.5,0
6687.5,1
6689.0,0
6753.5,1
6755.0,0
6755.5,1
6757.5,0
6798.5,1
6799.0,0
6806.0,1
6806.5,0
6807.0,1
6809.0,0
6825.0,1
6826.0,0
6851.0,1
6852.5,0
6854.5,1
6856.0,0
6920.0,1
6922.0,0
6925.0,1
6929.0,0
6944.5,1
6946.0,0
6948.5,1
6949.5,0
6969.5,1
6970.5,0
6971.5,1
6973.0,0
6973.5,1
6976.0,0
6976.5,1
6977.5,0
6998.0,1
6998.5,0
7016.5,1
7017.5,0
7093.5,1
7095.0,0
7113.5,1
7115.5,0
7116.5,1
7118.5,0
7119.0,1
7121.0,0
7135.0,1
7135.5,0
7137.0,1
7138.0,0
7139.5,1
7141.0,0
7141.5,1
7142.0,0
7142.5,1
7144.0,0
7187.5,1
7188.0,0
7189.0,1
7192.0,0
7192.5,1
7193.0,0
7259.0,1
7261.5,0
7281.5,1
7284.5,0
7285.0,1
7286.0,0
7287.5,1
7289.5,0
7304.5,1
7305.5,0
7306.5,1
7307.5,0
7309.5,1
7310.0,0
7310.5,1
7311.5,0
7312.5,1
7313.5,0
7333.0,1
7334.0,0
7354.5,1
7355.0,0
7355.5,1
7357.0,0
7359.5,1
7361.5,0
7426.5,1
7428.0,0
7430.0,1
7431.5,0
7448.5,1
7449.5,0
7450.5,1
7451.0,0
7452.0,1
7455.5,0
7496.5,1
7497.0,0
7497.5,1
7501.0,0
7501.5,1
7505.0,0
7520.5,1
7521.0,0
7523.0,1
7526.0,0
7528.0,1
7529.0,0
7594.0,1
7601.0,0
7618.0,1
7620.0,0
7620.5,1
7621.5,0
7624.5,1
7625.5,0
7663.0,1
7664.5,0
7665.0,1
7667.0,0
7672.5,1
7673.5,0
7694.0,1
7694.5,0
7765.0,1
7767.5,0
7769.5,1
7770.0,0
7785.0,1
7786.5,0
7787.5,1
7791.5,0
7810.5,1
7812.5,0
7833.0,1
7834.5,0
7838.0,1
7839.0,0
7840.5,1
7841.5,0
8001.0,1
8002.5,0
8003.0,1
8003.5,0
8023.0,1
8025.0,0
8025.5,1
8026.5,0
8028.0,1
8029.5,0
8031.0,1
8032.5,0
8102.5,1
8103.5,0
8124.0,1
8126.0,0
8126.5,1
8127.5,0
8145.5,1
8146.5,0
8148.0,1
8148.5,0
8149.0,1
8150.0,0
8150.5,1
8153.0,0
8170.0,1
8171.5,0
8173.0,1
8175.0,0
8175.5,1
8177.0,0
8290.5,1
8292.5,0
8296.0,1
8296.5,0
8312.5,1
8313.0,0
8315.5,1
8316.5,0
8343.5,1
8345.5,0
8362.5,1
8364.5,0
8365.5,1
8366.5,0
8433.0,1
8436.5,0
8439.5,1
8441.5,0
8455.0,1
8456.0,0
8458.0,1
8459.0,0
8461.5,1
8463.0,0
8463.5,1
8464.5,0
8478.5,1
8480.5,0
8481.0,1
8482.0,0
8483.5,1
8486.0,0
8487.5,1
8489.0,0
8504.5,1
8505.5,0
8507.5,1
8508.5,0
8536.0,1
8537.0,0
8625.0,1
8627.0,0
8649.0,1
8650.0,0
8651.0,1
8653.5,0
8654.5,1
8656.0,0
8673.5,1
8674.5,0
8676.5,1
8680.0,0
8697.5,1
8699.0,0
8700.0,1
8701.0,0
8702.0,1
8703.0,0
8703.5,1
8704.0,0
8704.5,1
8706.0,0

float Room-216 (1193,2)
0.0,0
32.25,1
41.75,0
42.0,1
42.25,0
56.0,1
65.5,0
69.75,1
70.0,0
79.25,1
79.5,0
80.0,1
80.25,0
80.75,1
89.25,0
89.5,1
89.75,0
102.75,1
103.0,0
104.25,1
104.5,0
104.75,1
114.0,0
127.75,1
128.0,0
128.5,1
137.75,0
199.0,1
199.25,0
200.25,1
209.5,0
210.0,1
210.25,0
212.25,1
212.5,0
213.75,1
214.0,0
224.0,1
233.75,0
248.25,1
257.5,0
260.0,1
260.25,0
261.75,1
262.0,0
270.25,1
270.5,0
272.5,1
282.25,0
294.5,1
294.75,0
295.5,1
295.75,0
296.25,1
305.5,0
366.75,1
367.0,0
368.75,1
377.75,0
378.0,1
378.25,0
381.75,1
382.0,0
390.75,1
391.0,0
392.5,1
402.0,0
406.75,1
407.0,0
437.75,1
438.0,0
438.25,1
438.5,0
440.5,1
450.0,0
464.25,1
474.0,0
536.25,1
536.5,0
536.75,1
545.5,0
549.25,1
549.5,0
560.25,1
569.5,0
584.25,1
593.25,0
593.75,1
594.25,0
608.0,1
617.0,0
632.5,1
642.25,0
704.0,1
713.5,0
728.0,1
737.5,0
738.0,1
738.25,0
740.5,1
740.75,0
752.5,1
762.0,0
774.25,1
774.5,0
776.0,1
786.0,0
787.5,1
787.75,0
800.75,1
810.0,0
813.0,1
813.5,0
870.0,1
870.25,0
871.75,1
872.25,0
872.5,1
881.75,0
884.5,1
884.75,0
896.5,1
905.0,0
905.25,1
906.0,0
920.25,1
930.0,0
944.25,1
954.0,0
969.0,1
977.75,0
980.75,1
981.0,0
1038.75,1
1039.0,0
1040.75,1
1049.75,0
1064.0,1
1074.0,0
1109.75,1
1110.0,0
1111.25,1
1111.5,0
1112.25,1
1121.25,0
1124.5,1
1124.75,0
1133.75,1
1134.0,0
1135.5,1
1146.0,0
1149.0,1
1149.25,0
1209.0,1
1217.5,0
1232.25,1
1241.5,0
1256.25,1
1265.5,0
1274.0,1
1274.25,0
1275.25,1
1275.5,0
1280.5,1
1289.25,0
1289.5,1
1289.75,0
1292.5,1
1292.75,0
1302.75,1
1303.0,0
1304.25,1
1313.25,0
1375.75,1
1376.5,0
1376.75,1
1385.75,0
1388.5,1
1388.75,0
1400.25,1
1409.75,0
1424.75,1
1433.25,0
1448.5,1
1457.5,0
1471.75,1
1472.0,0
1472.75,1
1481.5,0
1544.5,1
1554.0,0
1556.75,1
1557.0,0
1567.75,1
1568.0,0
1568.75,1
1577.25,0
1592.75,1
1600.75,0
1603.25,1
1603.5,0
1615.25,1
1625.75,0
1628.25,1
1628.5,0
1637.25,1
1637.5,0
1640.25,1
1650.0,0
1652.75,1
1653.0,0
1653.75,1
1654.0,0
1710.5,1
1710.75,0
1712.5,1
1721.75,0
1736.5,1
1745.25,0
1745.75,1
1746.0,0
1760.5,1
1769.5,0
1784.25,1
1793.25,0
1806.5,1
1806.75,0
1808.25,1
1817.5,0
1820.25,1
1820.5,0
1880.5,1
1889.75,0
1893.0,1
1893.25,0
1902.0,1
1902.25,0
1904.0,1
1913.5,0
1925.5,1
1925.75,0
1926.5,1
1926.75,0
1928.5,1
1937.5,0
1940.25,1
1940.5,0
1949.25,1
1949.5,0
1952.25,1
1961.75,0
1974.75,1
1975.0,0
1976.0,1
1977.5,0
1977.75,1
1985.25,0
2048.5,1
2057.5,0
2072.5,1
2081.5,0
2095.0,1
2095.25,0
2096.25,1
2105.5,0
2109.0,1
2109.25,0
2110.5,1
2110.75,0
2120.75,1
2129.25,0
2144.75,1
2153.25,0
2216.75,1
2225.75,0
2238.25,1
2238.5,0
2240.25,1
2249.25,0
2249.5,1
2249.75,0
2253.5,1
2253.75,0
2254.0,1
2254.25,0
2264.5,1
2273.75,0
2286.5,1
2286.75,0
2288.0,1
2297.5,0
2310.25,1
2310.5,0
2311.5,1
2311.75,0
2312.25,1
2321.25,0
2321.5,1
2321.75,0
2382.75,1
2383.25,0
2384.0,1
2384.25,0
2384.75,1
2393.25,0
2393.5,1
2393.75,0
2408.5,1
2418.0,0
2421.25,1
2421.5,0
2430.75,1
2431.0,0
2431.75,1
2432.5,0
2432.75,1
2441.25,0
2456.25,1
2465.5,0
2469.0,1
2469.25,0
2469.75,1
2470.0,0
2479.5,1
2479.75,0
2480.5,1
2489.25,0
2552.5,1
2561.75,0
2564.75,1
2565.0,0
2576.5,1
2586.25,0
2600.0,1
2609.75,0
2624.0,1
2633.5,0
2633.75,1
2634.0,0
2636.5,1
2637.0,0
2646.75,1
2647.0,0
2648.5,1
2657.75,0
2661.25,1
2661.5,0
2720.0,1
2720.25,0
2720.5,1
2730.0,0
2742.0,1
2742.25,0
2744.5,1
2754.0,0
2768.5,1
2777.75,0
2792.5,1
2802.0,0
2804.0,1
2804.25,0
2816.0,1
2825.5,0
2888.25,1
2897.25,0
2897.5,1
2897.75,0
2900.25,1
2900.5,0
2912.25,1
2921.25,0
2921.5,1
2922.0,0
2925.25,1
2925.5,0
2936.25,1
2946.5,0
2950.0,1
2950.25,0
2958.5,1
2958.75,0
2959.25,1
2959.5,0
2960.0,1
2969.5,0
2971.75,1
2972.0,0
2984.5,1
2993.25,0
2993.5,1
2994.0,0
2997.25,1
2997.5,0
3054.75,1
3055.0,0
3055.5,1
3055.75,0
3056.5,1
3066.0,0
3067.75,1
3068.0,0
3080.25,1
3089.5,0
3094.0,1
3094.25,0
3102.5,1
3102.75,0
3103.0,1
3104.0,0
3104.5,1
3113.75,0
3116.5,1
3116.75,0
3127.0,1
3127.25,0
3128.0,1
3137.0,0
3137.5,1
3138.0,0
3141.75,1
3142.0,0
3152.25,1
3161.75,0
3162.0,1
3162.25,0
3164.25,1
3164.5,0
3164.75,1
3165.25,0
3224.25,1
3233.5,0
3236.5,1
3236.75,0
3238.0,1
3238.25,0
3248.0,1
3258.0,0
3272.25,1
3272.75,0
3273.0,1
3281.75,0
3286.25,1
3286.5,0
3296.25,1
3305.25,0
3318.75,1
3319.0,0
3320.0,1
3329.25,0
3329.5,1
3329.75,0
3332.5,1
3332.75,0
3392.25,1
3401.75,0
3416.25,1
3425.75,0
3439.75,1
3449.5,0
3450.0,1
3450.25,0
3464.0,1
3473.5,0
3486.5,1
3486.75,0
3487.25,1
3487.5,0
3488.0,1
3497.75,0
3500.75,1
3501.0,0
3501.5,1
3501.75,0
3502.25,1
3502.5,0
3558.0,1
3558.25,0
3560.25,1
3569.75,0
3608.75,1
3617.75,0
3631.75,1
3632.0,0
3632.75,1
3641.5,0
3645.0,1
3645.25,0
3656.0,1
3665.75,0
3668.0,1
3668.25,0
3670.5,1
3670.75,0
3728.75,1
3738.0,0
3739.5,1
3739.75,0
3741.0,1
3741.25,0
3752.25,1
3761.75,0
3764.75,1
3765.0,0
3775.75,1
3785.75,0
3799.0,1
3799.25,0
3800.25,1
3809.75,0
3823.25,1
3824.0,0
3824.25,1
3833.75,0
3836.25,1
3836.5,0
3837.75,1
3838.0,0
3895.75,1
3896.5,0
3896.75,1
3906.0,0
3907.5,1
3907.75,0
3920.5,1
3929.5,0
3932.5,1
3932.75,0
3944.5,1
3953.75,0
3967.0,1
3967.5,0
3968.25,1
3968.75,0
3969.0,1
3977.5,0
3981.25,1
3981.5,0
3992.75,1
4001.5,0
4064.25,1
4073.5,0
4076.25,1
4076.5,0
4088.25,1
4097.25,0
4097.5,1
4097.75,0
4112.0,1
4122.0,0
4124.75,1
4125.0,0
4125.5,1
4125.75,0
4136.25,1
4145.5,0
4160.25,1
4169.5,0
4173.75,1
4174.0,0
4232.0,1
4232.5,0
4232.75,1
4241.5,0
4256.25,1
4266.25,0
4279.0,1
4279.25,0
4280.5,1
4289.5,0
4304.0,1
4304.25,0
4304.75,1
4313.5,0
4317.25,1
4317.5,0
4325.75,1
4326.0,0
4328.25,1
4328.5,0
4328.75,1
4337.75,0
4399.75,1
4400.0,0
4400.75,1
4409.75,0
4412.75,1
4413.0,0
4447.75,1
4448.0,0
4448.5,1
4457.5,0
4460.75,1
4461.0,0
4461.75,1
4462.0,0
4471.25,1
4471.5,0
4472.5,1
4482.0,0
4483.75,1
4484.0,0
4485.5,1
4485.75,0
4496.25,1
4506.0,0
4509.5,1
4509.75,0
4567.75,1
4577.75,0
4590.25,1
4590.5,0
4592.5,1
4602.0,0
4615.5,1
4615.75,0
4616.75,1
4625.75,0
4638.75,1
4639.0,0
4639.25,1
4639.5,0
4640.0,1
4650.25,0
4664.25,1
4664.5,0
4665.0,1
4673.5,0
4735.5,1
4735.75,0
4736.25,1
4745.5,0
4746.0,1
4746.25,0
4747.5,1
4747.75,0
4748.5,1
4748.75,0
4760.75,1
4770.0,0
4772.25,1
4772.75,0
4784.75,1
4793.75,0
4797.5,1
4797.75,0
4807.25,1
4807.5,0
4807.75,1
4817.5,0
4832.5,1
4841.5,0
4904.25,1
4914.0,0
4926.75,1
4927.0,0
4928.5,1
4937.5,0
4937.75,1
4938.0,0
4939.75,1
4940.0,0
4940.75,1
4941.0,0
4952.0,1
4961.5,0
4965.75,1
4966.0,0
4975.75,1
4976.0,0
4976.25,1
4985.75,0
5000.25,1
5010.0,0
5071.0,1
5071.25,0
5072.25,1
5081.75,0
5085.5,1
5085.75,0
5094.5,1
5094.75,0
5096.25,1
5105.5,0
5120.5,1
5129.5,0
5130.0,1
5130.25,0
5131.0,1
5131.25,0
5132.5,1
5132.75,0
5142.75,1
5143.0,0
5144.75,1
5153.0,0
5157.25,1
5157.5,0
5168.25,1
5177.0,0
5177.25,1
5177.75,0
5240.25,1
5249.75,0
5250.0,1
5250.25,0
5264.75,1
5274.25,0
5287.0,1
5287.25,0
5288.25,1
5298.0,0
5312.25,1
5321.25,0
5334.5,1
5334.75,0
5336.5,1
5345.25,0
5408.5,1
5417.25,0
5417.75,1
5418.0,0
5429.75,1
5430.0,0
5430.75,1
5431.0,0
5432.75,1
5441.5,0
5455.75,1
5456.0,0
5456.75,1
5465.5,0
5465.75,1
5466.0,0
5478.25,1
5478.5,0
5479.75,1
5480.5,0
5481.0,1
5489.75,0
5504.5,1
5514.25,0
5576.0,1
5586.0,0
5590.0,1
5590.25,0
5598.75,1
5599.0,0
5600.25,1
5610.25,0
5612.75,1
5613.0,0
5624.5,1
5634.25,0
5635.5,1
5635.75,0
5637.5,1
5637.75,0
5648.75,1
5658.25,0
5672.0,1
5682.0,0
5741.75,1
5742.0,0
5744.75,1
5753.25,0
5768.25,1
5777.25,0
5792.5,1
5801.75,0
5803.75,1
5804.0,0
5814.0,1
5814.25,0
5816.5,1
5825.75,0
5837.5,1
5837.75,0
5840.25,1
5840.5,0
5840.75,1
5849.75,0
5852.75,1
5853.0,0
5912.5,1
5921.75,0
5924.75,1
5925.0,0
5957.5,1
5957.75,0
5958.75,1
5959.0,0
5959.75,1
5960.0,0
5960.25,1
5960.5,0
5960.75,1
5970.5,0
5984.5,1
5993.5,0
5997.25,1
5997.5,0
6008.75,1
6017.75,0
6021.0,1
6021.5,0
6078.75,1
6079.0,0
6079.75,1
6080.0,0
6080.25,1
6089.5,0
6092.5,1
6092.75,0
6104.5,1
6113.75,0
6126.75,1
6127.0,0
6128.25,1
6137.5,0
6150.75,1
6151.0,0
6152.75,1
6161.5,0
6164.25,1
6164.5,0
6175.25,1
6175.5,0
6175.75,1
6176.0,0
6176.25,1
6186.0,0
6188.5,1
6188.75,0
6248.25,1
6258.0,0
6259.75,1
6260.0,0
6271.75,1
6272.0,0
6273.0,1
6282.25,0
6296.5,1
6305.5,0
6305.75,1
6306.0,0
6309.0,1
6309.25,0
6320.0,1
6329.75,0
6332.0,1
6332.25,0
6333.25,1
6333.5,0
6344.25,1
6353.25,0
6353.5,1
6354.0,0
6413.75,1
6414.0,0
6416.0,1
6425.5,0
6439.25,1
6439.5,0
6440.5,1
6450.0,0
6464.5,1
6473.75,0
6476.5,1
6476.75,0
6478.75,1
6479.0,0
6487.5,1
6487.75,0
6488.25,1
6497.75,0
6512.0,1
6522.0,0
6526.25,1
6526.5,0
6584.25,1
6593.5,0
6608.25,1
6617.5,0
6630.25,1
6630.5,0
6632.25,1
6641.5,0
6656.25,1
6666.0,0
6668.75,1
6669.0,0
6674.0,1
6674.25,0
6678.75,1
6679.0,0
6679.25,1
6679.5,0
6680.75,1
6689.25,0
6692.0,1
6692.25,0
6752.75,1
6761.5,0
6764.75,1
6765.0,0
6800.25,1
6809.75,0
6823.0,1
6823.25,0
6824.25,1
6824.5,0
6825.0,1
6833.5,0
6845.75,1
6846.0,0
6847.25,1
6847.5,0
6848.5,1
6858.0,0
6920.5,1
6929.5,0
6929.75,1
6930.0,0
6932.5,1
6932.75,0
6943.0,1
6943.25,0
6944.25,1
6953.0,0
6953.25,1
6953.75,0
6956.5,1
6956.75,0
6967.5,1
6977.75,0
6992.0,1
6992.25,0
6992.5,1
7001.75,0
7006.5,1
7006.75,0
7013.5,1
7013.75,0
7016.0,1
7025.25,0
7028.0,1
7028.25,0
7088.75,1
7098.0,0
7101.0,1
7101.5,0
7112.25,1
7121.5,0
7125.0,1
7125.25,0
7136.5,1
7145.5,0
7149.0,1
7149.25,0
7149.75,1
7150.0,0
7158.5,1
7158.75,0
7160.25,1
7169.75,0
7184.75,1
7193.75,0
7255.75,1
7256.0,0
7256.25,1
7265.5,0
7270.0,1
7270.25,0
7279.5,1
7279.75,0
7280.5,1
7289.25,0
7302.75,1
7303.0,0
7304.25,1
7313.5,0
7328.25,1
7337.25,0
7350.25,1
7350.75,0
7352.5,1
7361.75,0
7365.25,1
7365.5,0
7423.5,1
7423.75,0
7424.25,1
7424.5,0
7425.0,1
7433.25,0
7445.25,1
7445.5,0
7448.5,1
7458.0,0
7460.5,1
7460.75,0
7472.25,1
7481.5,0
7484.75,1
7485.0,0
7494.0,1
7494.25,0
7496.5,1
7505.75,0
7509.75,1
7510.0,0
7518.25,1
7518.5,0
7519.75,1
7520.0,0
7520.5,1
7529.75,0
7591.75,1
7592.25,0
7592.5,1
7601.5,0
7607.5,1
7607.75,0
7616.0,1
7625.0,0
7625.5,1
7625.75,0
7628.75,1
7629.0,0
7632.25,1
7632.5,0
7640.0,1
7640.5,0
7640.75,1
7649.5,0
7650.75,1
7651.0,0
7652.25,1
7652.5,0
7661.25,1
7661.5,0
7663.5,1
7674.0,0
7685.75,1
7686.0,0
7688.25,1
7688.5,0
7689.0,1
7698.25,0
7701.0,1
7701.25,0
7760.0,1
7769.5,0
7773.75,1
7774.0,0
7784.0,1
7794.0,0
7806.5,1
7806.75,0
7808.5,1
7817.75,0
7818.0,1
7818.25,0
7822.0,1
7822.25,0
7831.25,1
7831.5,0
7832.5,1
7841.5,0
7927.75,1
7937.75,0
7951.5,1
7951.75,0
7952.5,1
7961.75,0
7976.25,1
7985.5,0
7989.0,1
7989.25,0
7998.25,1
7998.75,0
8000.25,1
8009.5,0
8024.5,1
8033.75,0
8038.0,1
8038.25,0
8096.0,1
8096.25,0
8096.5,1
8097.0,0
8097.25,1
8105.5,0
8109.0,1
8109.25,0
8120.75,1
8129.5,0
8133.0,1
8133.25,0
8144.0,1
8153.5,0
8154.0,1
8154.25,0
8168.5,1
8177.75,0
8192.25,1
8202.25,0
8204.0,1
8204.25,0
8205.5,1
8205.75,0
8206.25,1
8206.5,0
8257.5,1
8257.75,0
8260.0,1
8260.25,0
8263.75,1
8274.0,0
8276.75,1
8277.0,0
8287.75,1
8297.5,0
8300.0,1
8300.25,0
8309.0,1
8309.25,0
8312.0,1
8321.75,0
8325.0,1
8325.25,0
8334.25,1
8334.5,0
8335.5,1
8346.0,0
8350.25,1
8350.5,0
8358.5,1
8358.75,0
8360.5,1
8369.5,0
8369.75,1
8370.0,0
8432.25,1
8441.25,0
8441.5,1
8441.75,0
8445.5,1
8445.75,0
8456.5,1
8465.25,0
8465.75,1
8466.0,0
8480.5,1
8489.5,0
8491.75,1
8492.0,0
8493.0,1
8493.25,0
8504.0,1
8514.0,0
8517.75,1
8518.0,0
8526.0,1
8526.25,0
8528.75,1
8538.0,0
8541.75,1
8542.0,0
8624.0,1
8634.0,0
8647.0,1
8647.25,0
8648.25,1
8648.5,0
8648.75,1
8657.5,0
8661.75,1
8662.0,0
8671.75,1
8672.25,0
8672.5,1
8681.75,0
8682.0,1
8682.5,0
8684.25,1
8684.5,0
8685.25,1
8685.5,0
8694.5,1
8694.75,0
8696.5,1
8706.0,0

float Room-217A (1193,2)
0.0,0
32.25,1
41.75,0
42.0,1
42.25,0
56.0,1
65.5,0
69.75,1
70.0,0
79.25,1
79.5,0
80.0,1
80.25,0
80.75,1
89.25,0
89.5,1
89.75,0
102.75,1
103.0,0
104.25,1
104.5,0
104.75,1
114.0,0
127.75,1
128.0,0
128.5,1
137.75,0
199.0,1
199.25,0
200.25,1
209.5,0
210.0,1
210.25,0
212.25,1
212.5,0
213.75,1
214.0,0
224.0,1
233.75,0
248.25,1
257.5,0
260.0,1
260.25,0
261.75,1
262.0,0
270.25,1
270.5,0
272.5,1
282.25,0
294.5,1
294.75,0
295.5,1
295.75,0
296.25,1
305.5,0
366.75,1
367.0,0
368.75,1
377.75,0
378.0,1
378.25,0
381.75,1
382.0,0
390.75,1
391.0,0
392.5,1
402.0,0
406.75,1
407.0,0
437.75,1
438.0,0
438.25,1
438.5,0
440.5,1
450.0,0
464.25,1
474.0,0
536.25,1
536.5,0
536.75,1
545.5,0
549.25,1
549.5,0
560.25,1
569.5,0
584.25,1
593.25,0
593.75,1
594.25,0
608.0,1
617.0,0
632.5,1
642.25,0
704.0,1
713.5,0
728.0,1
737.5,0
738.0,1
738.25,0
740.5,1
740.75,0
752.5,1
762.0,0
774.25,1
774.5,0
776.0,1
786.0,0
787.5,1
787.75,0
800.75,1
810.0,0
813.0,1
813.5,0
870.0,1
870.25,0
871.75,1
872.25,0
872.5,1
881.75,0
884.5,1
884.75,0
896.5,1
905.0,0
905.25,1
906.0,0
920.25,1
930.0,0
944.25,1
954.0,0
969.0,1
977.75,0
980.75,1
981.0,0
1038.75,1
1039.0,0
1040.75,1
1049.75,0
1064.0,1
1074.0,0
1109.75,1
1110.0,0
1111.25,1
1111.5,0
1112.25,1
1121.25,0
1124.5,1
1124.75,0
1133.75,1
1134.0,0
1135.5,1
1146.0,0
1149.0,1
1149.25,0
1209.0,1
1217.5,0
1232.25,1
1241.5,0
1256.25,1
1265.5,0
1274.0,1
1274.25,0
1275.25,1
1275.5,0
1280.5,1
1289.25,0
1289.5,1
1289.75,0
1292.5,1
1292.75,0
1302.75,1
1303.0,0
1304.25,1
1313.25,0
1375.75,1
1376.5,0
1376.75,1
1385.75,0
1388.5,1
1388.75,0
1400.25,1
1409.75,0
1424.75,1
1433.25,0
1448.5,1
1457.5,0
1471.75,1
1472.0,0
1472.75,1
1481.5,0
1544.5,1
1554.0,0
1556.75,1
1557.0,0
1567.75,1
1568.0,0
1568.75,1
1577.25,0
1592.75,1
1600.75,0
1603.25,1
1603.5,0
1615.25,1
1625.75,0
1628.25,1
1628.5,0
1637.25,1
1637.5,0
1640.25,1
1650.0,0
1652.75,1
1653.0,0
1653.75,1
1654.0,0
1710.5,1
1710.75,0
1712.5,1
1721.75,0
1736.5,1
1745.25,0
1745.75,1
1746.0,0
1760.5,1
1769.5,0
1784.25,1
1793.25,0
1806.5,1
1806.75,0
1808.25,1
1817.5,0
1820.25,1
1820.5,0
1880.5,1
1889.75,0
1893.0,1
1893.25,0
1902.0,1
1902.25,0
1904.0,1
1913.5,0
1925.5,1
1925.75,0
1926.5,1
1926.75,0
1928.5,1
1937.5,0
1940.25,1
1940.5,0
1949.25,1
1949.5,0
1952.25,1
1961.75,0
1974.75,1
1975.0,0
1976.0,1
1977.5,0
1977.75,1
1985.25,0
2048.5,1
2057.5,0
2072.5,1
2081.5,0
2095.0,1
2095.25,0
2096.25,1
2105.5,0
2109.0,1
2109.25,0
2110.5,1
2110.75,0
2120.75,1
2129.25,0
2144.75,1
2153.25,0
2216.75,1
2225.75,0
2238.25,1
2238.5,0
2240.25,1
2249.25,0
2249.5,1
2249.75,0
2253.5,1
2253.75,0
2254.0,1
2254.25,0
2264.5,1
2273.75,0
2286.5,1
2286.75,0
2288.0,1
2297.5,0
2310.25,1
2310.5,0
2311.5,1
2311.75,0
2312.25,1
2321.25,0
2321.5,1
2321.75,0
2382.75,1
2383.25,0
2384.0,1
2384.25,0
2384.75,1
2393.25,0
2393.5,1
2393.75,0
2408.5,1
2418.0,0
2421.25,1
2421.5,0
2430.75,1
2431.0,0
2431.75,1
2432.5,0
2432.75,1
2441.25,0
2456.25,1
2465.5,0
2469.0,1
2469.25,0
2469.75,1
2470.0,0
2479.5,1
2479.75,0
2480.5,1
2489.25,0
2552.5,1
2561.75,0
2564.75,1
2565.0,0
2576.5,1
2586.25,0
2600.0,1
2609.75,0
2624.0,1
2633.5,0
2633.75,1
2634.0,0
2636.5,1
2637.0,0
2646.75,1
2647.0,0
2648.5,1
2657.75,0
2661.25,1
2661.5,0
2720.0,1
2720.25,0
2720.5,1
2730.0,0
2742.0,1
2742.25,0
2744.5,1
2754.0,0
2768.5,1
2777.75,0
2792.5,1
2802.0,0
2804.0,1
2804.25,0
2816.0,1
2825.5,0
2888.25,1
2897.25,0
2897.5,1
2897.75,0
2900.25,1
2900.5,0
2912.25,1
2921.25,0
2921.5,1
2922.0,0
2925.25,1
2925.5,0
2936.25,1
2946.5,0
2950.0,1
2950.25,0
2958.5,1
2958.75,0
2959.25,1
2959.5,0
2960.0,1
2969.5,0
2971.75,1
2972.0,0
2984.5,1
2993.25,0
2993.5,1
2994.0,0
2997.25,1
2997.5,0
3054.75,1
3055.0,0
3055.5,1
3055.75,0
3056.5,1
3066.0,0
3067.75,1
3068.0,0
3080.25,1
3089.5,0
3094.0,1
3094.25,0
3102.5,1
3102.75,0
3103.0,1
3104.0,0
3104.5,1
3113.75,0
3116.5,1
3116.75,0
3127.0,1
3127.25,0
3128.0,1
3137.0,0
3137.5,1
3138.0,0
3141.75,1
3142.0,0
3152.25,1
3161.75,0
3162.0,1
3162.25,0
3164.25,1
3164.5,0
3164.75,1
3165.25,0
3224.25,1
3233.5,0
3236.5,1
3236.75,0
3238.0,1
3238.25,0
3248.0,1
3258.0,0
3272.25,1
3272.75,0
3273.0,1
3281.75,0
3286.25,1
3286.5,0
3296.25,1
3305.25,0
3318.75,1
3319.0,0
3320.0,1
3329.25,0
3329.5,1
3329.75,0
3332.5,1
3332.75,0
3392.25,1
3401.75,0
3416.25,1
3425.75,0
3439.75,1
3449.5,0
3450.0,1
3450.25,0
3464.0,1
3473.5,0
3486.5,1
3486.75,0
3487.25,1
3487.5,0
3488.0,1
3497.75,0
3500.75,1
3501.0,0
3501.5,1
3501.75,0
3502.25,1
3502.5,0
3558.0,1
3558.25,0
3560.25,1
3569.75,0
3608.75,1
3617.75,0
3631.75,1
3632.0,0
3632.75,1
3641.5,0
3645.0,1
3645.25,0
3656.0,1
3665.75,0
3668.0,1
3668.25,0
3670.5,1
3670.75,0
3728.75,1
3738.0,0
3739.5,1
3739.75,0
3741.0,1
3741.25,0
3752.25,1
3761.75,0
3764.75,1
3765.0,0
3775.75,1
3785.75,0
3799.0,1
3799.25,0
3800.25,1
3809.75,0
3823.25,1
3824.0,0
3824.25,1
3833.75,0
3836.25,1
3836.5,0
3837.75,1
3838.0,0
3895.75,1
3896.5,0
3896.75,1
3906.0,0
3907.5,1
3907.75,0
3920.5,1
3929.5,0
3932.5,1
3932.75,0
3944.5,1
3953.75,0
3967.0,1
3967.5,0
3968.25,1
3968.75,0
3969.0,1
3977.5,0
3981.25,1
3981.5,0
3992.75,1
4001.5,0
4064.25,1
4073.5,0
4076.25,1
4076.5,0
4088.25,1
4097.25,0
4097.5,1
4097.75,0
4112.0,1
4122.0,0
4124.75,1
4125.0,0
4125.5,1
4125.75,0
4136.25,1
4145.5,0
4160.25,1
4169.5,0
4173.75,1
4174.0,0
4232.0,1
4232.5,0
4232.75,1
4241.5,0
4256.25,1
4266.25,0
4279.0,1
4279.25,0
4280.5,1
4289.5,0
4304.0,1
4304.25,0
4304.75,1
4313.5,0
4317.25,1
4317.5,0
4325.75,1
4326.0,0
4328.25,1
4328.5,0
4328.75,1
4337.75,0
4399.75,1
4400.0,0
4400.75,1
4409.75,0
4412.75,1
4413.0,0
4447.75,1
4448.0,0
4448.5,1
4457.5,0
4460.75,1
4461.0,0
4461.75,1
4462.0,0
4471.25,1
4471.5,0
4472.5,1
4482.0,0
4483.75,1
4484.0,0
4485.5,1
4485.75,0
4496.25,1
4506.0,0
4509.5,1
4509.75,0
4567.75,1
4577.75,0
4590.25,1
4590.5,0
4592.5,1
4602.0,0
4615.5,1
4615.75,0
4616.75,1
4625.75,0
4638.75,1
4639.0,0
4639.25,1
4639.5,0
4640.0,1
4650.25,0
4664.25,1
4664.5,0
4665.0,1
4673.5,0
4735.5,1
4735.75,0
4736.25,1
4745.5,0
4746.0,1
4746.25,0
4747.5,1
4747.75,0
4748.5,1
4748.75,0
4760.75,1
4770.0,0
4772.25,1
4772.75,0
4784.75,1
4793.75,0
4797.5,1
4797.75,0
4807.25,1
4807.5,0
4807.75,1
4817.5,0
4832.5,1
4841.5,0
4904.25,1
4914.0,0
4926.75,1
4927.0,0
4928.5,1
4937.5,0
4937.75,1
4938.0,0
4939.75,1
4940.0,0
4940.75,1
4941.0,0
4952.0,1
4961.5,0
4965.75,1
4966.0,0
4975.75,1
4976.0,0
4976.25,1
4985.75,0
5000.25,1
5010.0,0
5071.0,1
5071.25,0
5072.25,1
5081.75,0
5085.5,1
5085.75,0
5094.5,1
5094.75,0
5096.25,1
5105.5,0
5120.5,1
5129.5,0
5130.0,1
5130.25,0
5131.0,1
5131.25,0
5132.5,1
5132.75,0
5142.75,1
5143.0,0
5144.75,1
5153.0,0
5157.25,1
5157.5,0
5168.25,1
5177.0,0
5177.25,1
5177.75,0
5240.25,1
5249.75,0
5250.0,1
5250.25,0
5264.75,1
5274.25,0
5287.0,1
5287.25,0
5288.25,1
5298.0,0
5312.25,1
5321.25,0
5334.5,1
5334.75,0
5336.5,1
5345.25,0
5408.5,1
5417.25,0
5417.75,1
5418.0,0
5429.75,1
5430.0,0
5430.75,1
5431.0,0
5432.75,1
5441.5,0
5455.75,1
5456.0,0
5456.75,1
5465.5,0
5465.75,1
5466.0,0
5478.25,1
5478.5,0
5479.75,1
5480.5,0
5481.0,1
5489.75,0
5504.5,1
5514.25,0
5576.0,1
5586.0,0
5590.0,1
5590.25,0
5598.75,1
5599.0,0
5600.25,1
5610.25,0
5612.75,1
5613.0,0
5624.5,1
5634.25,0
5635.5,1
5635.75,0
5637.5,1
5637.75,0
5648.75,1
5658.25,0
5672.0,1
5682.0,0
5741.75,1
5742.0,0
5744.75,1
5753.25,0
5768.25,1
5777.25,0
5792.5,1
5801.75,0
5803.75,1
5804.0,0
5814.0,1
5814.25,0
5816.5,1
5825.75,0
5837.5,1
5837.75,0
5840.25,1
5840.5,0
5840.75,1
5849.75,0
5852.75,1
5853.0,0
5912.5,1
5921.75,0
5924.75,1
5925.0,0
5957.5,1
5957.75,0
5958.75,1
5959.0,0
5959.75,1
5960.0,0
5960.25,1
5960.5,0
5960.75,1
5970.5,0
5984.5,1
5993.5,0
5997.25,1
5997.5,0
6008.75,1
6017.75,0
6021.0,1
6021.5,0
6078.75,1
6079.0,0
6079.75,1
6080.0,0
6080.25,1
6089.5,0
6092.5,1
6092.75,0
6104.5,1
6113.75,0
6126.75,1
6127.0,0
6128.25,1
6137.5,0
6150.75,1
6151.0,0
6152.75,1
6161.5,0
6164.25,1
6164.5,0
6175.25,1
6175.5,0
6175.75,1
6176.0,0
6176.25,1
6186.0,0
6188.5,1
6188.75,0
6248.25,1
6258.0,0
6259.75,1
6260.0,0
6271.75,1
6272.0,0
6273.0,1
6282.25,0
6296.5,1
6305.5,0
6305.75,1
6306.0,0
6309.0,1
6309.25,0
6320.0,1
6329.75,0
6332.0,1
6332.25,0
6333.25,1
6333.5,0
6344.25,1
6353.25,0
6353.5,1
6354.0,0
6413.75,1
6414.0,0
6416.0,1
6425.5,0
6439.25,1
6439.5,0
6440.5,1
6450.0,0
6464.5,1
6473.75,0
6476.5,1
6476.75,0
6478.75,1
6479.0,0
6487.5,1
6487.75,0
6488.25,1
6497.75,0
6512.0,1
6522.0,0
6526.25,1
6526.5,0
6584.25,1
6593.5,0
6608.25,1
6617.5,0
6630.25,1
6630.5,0
6632.25,1
6641.5,0
6656.25,1
6666.0,0
6668.75,1
6669.0,0
6674.0,1
6674.25,0
6678.75,1
6679.0,0
6679.25,1
6679.5,0
6680.75,1
6689.25,0
6692.0,1
6692.25,0
6752.75,1
6761.5,0
6764.75,1
6765.0,0
6800.25,1
6809.75,0
6823.0,1
6823.25,0
6824.25,1
6824.5,0
6825.0,1
6833.5,0
6845.75,1
6846.0,0
6847.25,1
6847.5,0
6848.5,1
6858.0,0
6920.5,1
6929.5,0
6929.75,1
6930.0,0
6932.5,1
6932.75,0
6943.0,1
6943.25,0
6944.25,1
6953.0,0
6953.25,1
6953.75,0
6956.5,1
6956.75,0
6967.5,1
6977.75,0
6992.0,1
6992.25,0
6992.5,1
7001.75,0
7006.5,1
7006.75,0
7013.5,1
7013.75,0
7016.0,1
7025.25,0
7028.0,1
7028.25,0
7088.75,1
7098.0,0
7101.0,1
7101.5,0
7112.25,1
7121.5,0
7125.0,1
7125.25,0
7136.5,1
7145.5,0
7149.0,1
7149.25,0
7149.75,1
7150.0,0
7158.5,1
7158.75,0
7160.25,1
7169.75,0
7184.75,1
7193.75,0
7255.75,1
7256.0,0
7256.25,1
7265.5,0
7270.0,1
7270.25,0
7279.5,1
7279.75,0
7280.5,1
7289.25,0
7302.75,1
7303.0,0
7304.25,1
7313.5,0
7328.25,1
7337.25,0
7350.25,1
7350.75,0
7352.5,1
7361.75,0
7365.25,1
7365.5,0
7423.5,1
7423.75,0
7424.25,1
7424.5,0
7425.0,1
7433.25,0
7445.25,1
7445.5,0
7448.5,1
7458.0,0
7460.5,1
7460.75,0
7472.25,1
7481.5,0
7484.75,1
7485.0,0
7494.0,1
7494.25,0
7496.5,1
7505.75,0
7509.75,1
7510.0,0
7518.25,1
7518.5,0
7519.75,1
7520.0,0
7520.5,1
7529.75,0
7591.75,1
7592.25,0
7592.5,1
7601.5,0
7607.5,1
7607.75,0
7616.0,1
7625.0,0
7625.5,1
7625.75,0
7628.75,1
7629.0,0
7632.25,1
7632.5,0
7640.0,1
7640.5,0
7640.75,1
7649.5,0
7650.75,1
7651.0,0
7652.25,1
7652.5,0
7661.25,1
7661.5,0
7663.5,1
7674.0,0
7685.75,1
7686.0,0
7688.25,1
7688.5,0
7689.0,1
7698.25,0
7701.0,1
7701.25,0
7760.0,1
7769.5,0
7773.75,1
7774.0,0
7784.0,1
7794.0,0
7806.5,1
7806.75,0
7808.5,1
7817.75,0
7818.0,1
7818.25,0
7822.0,1
7822.25,0
7831.25,1
7831.5,0
7832.5,1
7841.5,0
7927.75,1
7937.75,0
7951.5,1
7951.75,0
7952.5,1
7961.75,0
7976.25,1
7985.5,0
7989.0,1
7989.25,0
7998.25,1
7998.75,0
8000.25,1
8009.5,0
8024.5,1
8033.75,0
8038.0,1
8038.25,0
8096.0,1
8096.25,0
8096.5,1
8097.0,0
8097.25,1
8105.5,0
8109.0,1
8109.25,0
8120.75,1
8129.5,0
8133.0,1
8133.25,0
8144.0,1
8153.5,0
8154.0,1
8154.25,0
8168.5,1
8177.75,0
8192.25,1
8202.25,0
8204.0,1
8204.25,0
8205.5,1
8205.75,0
8206.25,1
8206.5,0
8257.5,1
8257.75,0
8260.0,1
8260.25,0
8263.75,1
8274.0,0
8276.75,1
8277.0,0
8287.75,1
8297.5,0
8300.0,1
8300.25,0
8309.0,1
8309.25,0
8312.0,1
8321.75,0
8325.0,1
8325.25,0
8334.25,1
8334.5,0
8335.5,1
8346.0,0
8350.25,1
8350.5,0
8358.5,1
8358.75,0
8360.5,1
8369.5,0
8369.75,1
8370.0,0
8432.25,1
8441.25,0
8441.5,1
8441.75,0
8445.5,1
8445.75,0
8456.5,1
8465.25,0
8465.75,1
8466.0,0
8480.5,1
8489.5,0
8491.75,1
8492.0,0
8493.0,1
8493.25,0
8504.0,1
8514.0,0
8517.75,1
8518.0,0
8526.0,1
8526.25,0
8528.75,1
8538.0,0
8541.75,1
8542.0,0
8624.0,1
8634.0,0
8647.0,1
8647.25,0
8648.25,1
8648.5,0
8648.75,1
8657.5,0
8661.75,1
8662.0,0
8671.75,1
8672.25,0
8672.5,1
8681.75,0
8682.0,1
8682.5,0
8684.25,1
8684.5,0
8685.25,1
8685.5,0
8694.5,1
8694.75,0
8696.5,1
8706.0,0

float Room-217C (1167,2)
0.0,0
32.25,1
41.75,0
56.5,1
66.0,0
80.5,1
89.75,0
102.0,1
102.25,0
104.0,1
113.75,0
115.0,1
115.5,0
128.25,1
137.75,0
198.5,1
198.75,0
199.0,1
199.25,0
200.75,1
209.75,0
222.75,1
223.0,0
223.75,1
234.0,0
248.0,1
257.25,0
257.5,1
257.75,0
272.25,1
272.5,0
272.75,1
281.25,0
294.25,1
294.5,0
297.0,1
306.0,0
366.5,1
366.75,0
368.0,1
377.25,0
377.5,1
377.75,0
381.25,1
381.5,0
392.0,1
401.5,0
438.25,1
438.5,0
440.25,1
440.5,0
440.75,1
449.25,0
453.75,1
454.0,0
464.5,1
473.25,0
536.5,1
545.5,0
549.25,1
549.5,0
560.75,1
569.5,0
583.25,1
583.5,0
584.25,1
593.75,0
598.0,1
598.5,0
607.25,1
607.5,0
609.0,1
617.5,0
631.25,1
631.5,0
632.25,1
641.0,0
641.25,1
641.75,0
642.0,1
642.25,0
644.25,1
644.5,0
703.75,1
704.0,0
704.25,1
713.75,0
728.25,1
737.75,0
739.25,1
739.5,0
752.25,1
762.0,0
775.25,1
775.5,0
776.5,1
785.75,0
787.75,1
788.0,0
789.25,1
789.75,0
800.75,1
809.5,0
813.25,1
813.5,0
870.5,1
870.75,0
871.0,1
871.25,0
872.75,1
882.25,0
896.75,1
905.5,0
905.75,1
906.75,0
920.5,1
929.25,0
942.5,1
942.75,0
944.75,1
954.0,0
968.0,1
977.0,0
981.75,1
982.0,0
1040.0,1
1049.5,0
1053.25,1
1053.5,0
1064.5,1
1073.75,0
1112.0,1
1121.25,0
1121.5,1
1121.75,0
1125.75,1
1126.25,0
1136.25,1
1145.75,0
1148.75,1
1149.25,0
1208.5,1
1218.0,0
1218.5,1
1218.75,0
1220.25,1
1220.5,0
1232.5,1
1241.5,0
1255.5,1
1265.5,0
1280.5,1
1289.75,0
1290.0,1
1290.25,0
1304.25,1
1314.5,0
1317.0,1
1317.25,0
1375.0,1
1375.25,0
1375.5,1
1376.0,0
1376.25,1
1385.25,0
1385.75,1
1386.0,0
1388.25,1
1389.0,0
1400.25,1
1409.75,0
1422.75,1
1423.0,0
1424.25,1
1433.5,0
1434.0,1
1434.25,0
1448.0,1
1457.25,0
1457.5,1
1457.75,0
1470.0,1
1470.25,0
1472.25,1
1472.5,0
1472.75,1
1481.0,0
1543.5,1
1543.75,0
1544.0,1
1553.75,0
1556.0,1
1556.25,0
1557.25,1
1557.5,0
1567.25,1
1568.0,0
1568.5,1
1578.25,0
1579.5,1
1579.75,0
1592.25,1
1601.75,0
1605.25,1
1605.5,0
1606.0,1
1606.5,0
1616.0,1
1625.75,0
1629.5,1
1629.75,0
1640.25,1
1650.0,0
1652.75,1
1653.0,0
1653.75,1
1654.0,0
1712.75,1
1722.0,0
1733.75,1
1734.0,0
1736.0,1
1745.75,0
1746.0,1
1746.25,0
1760.0,1
1770.0,0
1772.25,1
1772.5,0
1773.0,1
1773.25,0
1773.75,1
1774.0,0
1784.5,1
1793.5,0
1796.75,1
1797.0,0
1805.75,1
1806.0,0
1808.5,1
1818.25,0
1820.5,1
1820.75,0
1822.0,1
1822.25,0
1880.0,1
1889.25,0
1889.5,1
1889.75,0
1892.75,1
1893.0,0
1904.25,1
1904.5,0
1904.75,1
1913.25,0
1926.5,1
1926.75,0
1927.0,1
1927.25,0
1928.75,1
1937.25,0
1940.5,1
1940.75,0
1950.5,1
1950.75,0
1952.0,1
1952.25,0
1952.5,1
1961.5,0
1975.75,1
1976.0,0
1976.5,1
1986.25,0
2048.5,1
2057.5,0
2057.75,1
2058.0,0
2071.75,1
2072.0,0
2072.5,1
2081.75,0
2096.0,1
2105.75,0
2108.75,1
2109.0,0
2119.0,1
2119.5,0
2120.75,1
2130.0,0
2144.75,1
2153.25,0
2153.5,1
2153.75,0
2154.0,1
2154.25,0
2216.5,1
2226.0,0
2239.0,1
2239.25,0
2240.0,1
2250.0,0
2253.0,1
2253.25,0
2264.0,1
2264.25,0
2264.75,1
2273.5,0
2287.5,1
2287.75,0
2288.0,1
2288.25,0
2288.5,1
2297.25,0
2297.5,1
2297.75,0
2302.0,1
2302.25,0
2312.25,1
2321.25,0
2383.0,1
2383.25,0
2384.25,1
2393.5,0
2408.0,1
2408.25,0
2408.5,1
2417.25,0
2420.5,1
2421.0,0
2430.5,1
2431.0,0
2432.75,1
2441.75,0
2456.25,1
2466.0,0
2468.0,1
2468.25,0
2468.75,1
2469.0,0
2478.75,1
2479.0,0
2480.25,1
2489.5,0
2491.75,1
2492.0,0
2552.0,1
2562.0,0
2574.5,1
2574.75,0
2576.25,1
2585.25,0
2599.75,1
2600.0,0
2601.0,1
2609.0,0
2609.25,1
2609.5,0
2613.25,1
2613.5,0
2623.75,1
2624.0,0
2624.5,1
2633.75,0
2636.5,1
2636.75,0
2648.25,1
2657.75,0
2720.5,1
2720.75,0
2721.0,1
2729.0,0
2734.25,1
2734.5,0
2743.0,1
2743.25,0
2744.0,1
2753.25,0
2756.25,1
2756.5,0
2768.25,1
2777.75,0
2792.25,1
2801.75,0
2814.5,1
2814.75,0
2815.5,1
2815.75,0
2816.0,1
2816.5,0
2816.75,1
2825.5,0
2829.0,1
2829.25,0
2888.5,1
2897.5,0
2912.0,1
2912.25,0
2912.5,1
2921.5,0
2935.75,1
2945.5,0
2948.5,1
2948.75,0
2949.0,1
2949.25,0
2959.25,1
2959.5,0
2960.0,1
2969.25,0
2973.5,1
2973.75,0
2984.25,1
2993.75,0
3054.5,1
3054.75,0
3056.75,1
3066.0,0
3078.0,1
3078.25,0
3080.75,1
3089.0,0
3092.75,1
3093.0,0
3102.5,1
3103.25,0
3104.0,1
3113.75,0
3127.75,1
3137.5,0
3139.75,1
3140.0,0
3150.5,1
3150.75,0
3151.5,1
3151.75,0
3152.5,1
3161.75,0
3224.0,1
3224.25,0
3224.5,1
3233.75,0
3246.25,1
3246.5,0
3248.25,1
3257.25,0
3257.5,1
3257.75,0
3259.75,1
3260.0,0
3262.0,1
3262.25,0
3271.0,1
3271.5,0
3272.5,1
3281.5,0
3284.5,1
3284.75,0
3295.5,1
3295.75,0
3296.5,1
3305.75,0
3308.25,1
3308.75,0
3320.25,1
3329.5,0
3333.0,1
3333.25,0
3390.25,1
3390.5,0
3391.0,1
3391.25,0
3392.5,1
3401.5,0
3404.75,1
3405.0,0
3415.0,1
3415.25,0
3416.0,1
3416.25,0
3416.75,1
3425.5,0
3428.75,1
3429.0,0
3437.75,1
3438.0,0
3438.25,1
3438.5,0
3440.5,1
3449.75,0
3464.5,1
3473.5,0
3474.25,1
3474.5,0
3476.5,1
3476.75,0
3478.5,1
3478.75,0
3488.5,1
3498.0,0
3499.75,1
3500.0,0
3501.0,1
3501.25,0
3501.5,1
3501.75,0
3560.25,1
3569.25,0
3573.0,1
3573.25,0
3574.0,1
3574.25,0
3608.0,1
3617.75,0
3618.0,1
3618.25,0
3620.75,1
3621.0,0
3632.5,1
3641.5,0
3654.0,1
3654.25,0
3656.25,1
3665.75,0
3667.5,1
3667.75,0
3668.5,1
3668.75,0
3669.0,1
3669.25,0
3670.0,1
3670.25,0
3728.25,1
3728.75,0
3729.0,1
3737.5,0
3741.75,1
3742.0,0
3750.25,1
3750.5,0
3752.75,1
3761.75,0
3776.25,1
3785.75,0
3800.5,1
3809.5,0
3810.0,1
3810.5,0
3822.5,1
3822.75,0
3824.0,1
3824.5,0
3824.75,1
3833.75,0
3837.75,1
3838.0,0
3838.25,1
3838.5,0
3895.25,1
3895.5,0
3896.25,1
3905.5,0
3907.5,1
3907.75,0
3920.75,1
3929.5,0
3943.25,1
3943.5,0
3944.25,1
3944.5,0
3944.75,1
3954.0,0
3968.75,1
3977.25,0
3992.25,1
4002.0,0
4004.0,1
4004.25,0
4063.25,1
4063.5,0
4064.25,1
4074.0,0
4088.5,1
4097.5,0
4112.0,1
4121.5,0
4134.5,1
4134.75,0
4136.25,1
4146.5,0
4160.25,1
4170.25,0
4172.5,1
4173.25,0
4173.75,1
4174.0,0
4230.25,1
4230.5,0
4231.75,1
4232.0,0
4232.25,1
4241.5,0
4243.75,1
4244.0,0
4256.5,1
4266.0,0
4269.5,1
4269.75,0
4280.5,1
4290.0,0
4302.5,1
4302.75,0
4303.75,1
4313.75,0
4314.0,1
4314.75,0
4327.75,1
4328.5,0
4328.75,1
4337.25,0
4337.5,1
4337.75,0
4340.25,1
4340.5,0
4398.25,1
4398.5,0
4400.5,1
4409.75,0
4448.5,1
4457.5,0
4462.5,1
4462.75,0
4472.5,1
4482.0,0
4495.25,1
4495.5,0
4496.0,1
4505.75,0
4508.75,1
4509.0,0
4568.75,1
4577.75,0
4592.75,1
4601.5,0
4605.0,1
4605.25,0
4614.25,1
4614.5,0
4616.5,1
4625.5,0
4639.75,1
4640.0,0
4640.5,1
4649.0,0
4664.75,1
4674.0,0
4736.75,1
4746.0,0
4749.0,1
4749.25,0
4759.75,1
4760.0,0
4760.25,1
4769.25,0
4769.5,1
4769.75,0
4784.0,1
4794.0,0
4798.5,1
4798.75,0
4808.0,1
4817.75,0
4821.75,1
4822.0,0
4832.5,1
4841.75,0
4845.75,1
4846.0,0
4904.0,1
4913.0,0
4913.25,1
4913.75,0
4927.25,1
4927.5,0
4928.5,1
4937.25,0
4952.25,1
4961.75,0
4965.25,1
4965.5,0
4976.25,1
4985.75,0
4997.75,1
4998.0,0
4998.75,1
4999.0,0
5000.75,1
5009.75,0
5070.75,1
5071.0,0
5072.25,1
5081.75,0
5084.75,1
5085.0,0
5095.5,1
5095.75,0
5096.75,1
5105.75,0
5108.75,1
5109.0,0
5120.5,1
5129.5,0
5131.5,1
5131.75,0
5134.25,1
5134.5,0
5144.5,1
5154.0,0
5168.25,1
5177.75,0
5240.5,1
5249.5,0
5252.0,1
5252.25,0
5264.5,1
5273.5,0
5276.75,1
5277.0,0
5288.5,1
5298.25,0
5310.5,1
5310.75,0
5311.25,1
5311.5,0
5312.5,1
5321.5,0
5326.0,1
5326.25,0
5336.25,1
5345.75,0
5349.25,1
5349.5,0
5408.25,1
5417.25,0
5430.75,1
5431.0,0
5432.5,1
5441.5,0
5444.5,1
5444.75,0
5445.75,1
5446.0,0
5456.5,1
5465.5,0
5466.0,1
5466.25,0
5479.5,1
5480.5,0
5480.75,1
5489.75,0
5503.75,1
5513.5,0
5516.25,1
5516.5,0
5576.25,1
5576.5,0
5576.75,1
5585.25,0
5600.5,1
5609.5,0
5612.5,1
5612.75,0
5614.25,1
5614.5,0
5624.0,1
5633.75,0
5637.5,1
5637.75,0
5647.75,1
5648.0,0
5648.5,1
5657.75,0
5661.75,1
5662.0,0
5662.5,1
5662.75,0
5672.5,1
5681.75,0
5741.75,1
5742.0,0
5742.25,1
5742.5,0
5744.5,1
5753.75,0
5766.75,1
5767.0,0
5768.0,1
5777.75,0
5789.25,1
5789.5,0
5792.25,1
5792.5,0
5792.75,1
5801.75,0
5804.25,1
5804.5,0
5816.0,1
5825.5,0
5840.25,1
5849.5,0
5907.25,1
5907.5,0
5912.25,1
5921.75,0
5958.5,1
5958.75,0
5960.5,1
5969.5,0
5973.25,1
5973.5,0
5984.5,1
5993.5,0
5998.0,1
5998.25,0
6008.0,1
6017.25,0
6017.5,1
6017.75,0
6078.75,1
6079.0,0
6080.0,1
6080.25,0
6080.5,1
6090.0,0
6093.75,1
6094.0,0
6104.0,1
6114.0,0
6128.25,1
6137.75,0
6150.5,1
6150.75,0
6152.25,1
6162.0,0
6176.5,1
6186.25,0
6188.25,1
6188.5,0
6248.5,1
6258.0,0
6272.5,1
6272.75,0
6273.0,1
6282.0,0
6284.25,1
6284.5,0
6296.0,1
6306.0,0
6308.25,1
6308.5,0
6309.5,1
6309.75,0
6320.25,1
6329.75,0
6343.0,1
6343.25,0
6344.0,1
6344.25,0
6344.5,1
6354.25,0
6416.0,1
6416.75,0
6417.0,1
6425.75,0
6439.75,1
6440.5,0
6440.75,1
6449.75,0
6451.5,1
6451.75,0
6453.0,1
6453.25,0
6463.25,1
6463.5,0
6464.5,1
6474.25,0
6476.75,1
6477.25,0
6478.25,1
6478.5,0
6485.75,1
6486.0,0
6488.75,1
6497.25,0
6511.5,1
6511.75,0
6512.25,1
6521.75,0
6526.5,1
6526.75,0
6583.25,1
6583.75,0
6584.25,1
6593.25,0
6598.0,1
6598.5,0
6606.0,1
6606.25,0
6608.0,1
6608.5,0
6608.75,1
6617.5,0
6632.75,1
6642.25,0
6653.75,1
6654.0,0
6656.5,1
6665.75,0
6666.0,1
6666.25,0
6667.5,1
6667.75,0
6670.0,1
6670.25,0
6680.25,1
6680.5,0
6681.0,1
6689.5,0
6691.5,1
6691.75,0
6693.25,1
6693.5,0
6750.75,1
6751.0,0
6752.0,1
6761.75,0
6800.25,1
6810.25,0
6811.0,1
6811.25,0
6824.5,1
6833.5,0
6836.25,1
6836.75,0
6837.25,1
6837.5,0
6848.25,1
6858.0,0
6920.0,1
6929.75,0
6944.25,1
6954.25,0
6966.25,1
6966.5,0
6969.0,1
6977.75,0
6980.25,1
6980.5,0
6992.25,1
7001.75,0
7015.25,1
7015.5,0
7016.5,1
7025.5,0
7025.75,1
7026.0,0
7088.25,1
7097.75,0
7100.5,1
7100.75,0
7112.0,1
7112.5,0
7113.0,1
7121.75,0
7134.5,1
7134.75,0
7135.5,1
7135.75,0
7136.0,1
7145.75,0
7148.0,1
7148.25,0
7159.75,1
7160.0,0
7160.25,1
7169.5,0
7184.0,1
7193.75,0
7256.0,1
7266.0,0
7269.75,1
7270.0,0
7280.25,1
7289.25,0
7289.5,1
7290.0,0
7294.25,1
7294.5,0
7304.0,1
7314.0,0
7328.5,1
7337.75,0
7350.25,1
7350.5,0
7352.5,1
7361.5,0
7424.25,1
7424.5,0
7424.75,1
7433.5,0
7437.25,1
7437.5,0
7446.25,1
7446.5,0
7448.25,1
7457.75,0
7462.0,1
7462.25,0
7472.25,1
7482.0,0
7496.5,1
7505.75,0
7520.25,1
7520.5,0
7520.75,1
7530.0,0
7592.0,1
7592.5,0
7592.75,1
7601.75,0
7615.75,1
7625.25,0
7629.25,1
7629.75,0
7635.0,1
7635.25,0
7638.0,1
7638.25,0
7640.75,1
7649.5,0
7664.5,1
7673.25,0
7673.75,1
7674.0,0
7688.5,1
7697.5,0
7759.5,1
7769.0,0
7769.25,1
7769.5,0
7770.0,1
7770.25,0
7784.25,1
7793.75,0
7808.0,1
7817.25,0
7817.5,1
7817.75,0
7821.75,1
7822.0,0
7831.75,1
7832.0,0
7832.25,1
7841.5,0
7844.25,1
7844.5,0
7846.5,1
7846.75,0
7925.75,1
7926.0,0
7928.5,1
7937.75,0
7952.0,1
7961.75,0
7974.75,1
7975.0,0
7976.25,1
7985.25,0
7985.5,1
7986.0,0
7998.25,1
7998.75,0
8000.5,1
8009.5,0
8024.25,1
8034.0,0
8096.75,1
8105.75,0
8120.75,1
8130.0,0
8132.75,1
8133.0,0
8133.5,1
8133.75,0
8144.5,1
8153.75,0
8168.5,1
8178.0,0
8180.75,1
8181.0,0
8181.25,1
8181.5,0
8192.25,1
8201.25,0
8258.5,1
8258.75,0
8259.5,1
8259.75,0
8261.75,1
8262.0,0
8264.0,1
8273.75,0
8274.5,1
8274.75,0
8276.0,1
8276.5,0
8288.25,1
8298.0,0
8312.5,1
8321.75,0
8322.0,1
8322.75,0
8324.75,1
8325.0,0
8325.25,1
8325.5,0
8336.75,1
8346.0,0
8360.0,1
8369.75,0
8432.0,1
8441.5,0
8444.5,1
8444.75,0
8456.25,1
8464.75,0
8465.0,1
8465.5,0
8466.0,1
8466.25,0
8477.5,1
8477.75,0
8480.25,1
8490.0,0
8493.25,1
8493.5,0
8504.75,1
8514.0,0
8517.25,1
8517.5,0
8526.25,1
8526.5,0
8528.5,1
8537.5,0
8538.0,1
8538.25,0
8541.5,1
8541.75,0
8624.0,1
8633.5,0
8646.5,1
8646.75,0
8648.5,1
8657.75,0
8671.5,1
8681.5,0
8696.5,1
8705.75,0

float Room-224 (2191,2)
0.0,0
33.25,1
36.25,0
36.75,1
41.25,0
46.0,1
46.25,0
55.0,1
55.5,0
57.0,1
61.25,0
61.5,1
62.25,0
62.5,1
62.75,0
63.0,1
65.25,0
69.0,1
69.25,0
70.5,1
70.75,0
79.75,1
80.0,0
80.75,1
84.0,0
84.5,1
87.5,0
87.75,1
89.0,0
92.75,1
93.0,0
105.0,1
107.75,0
108.5,1
114.0,0
114.75,1
115.0,0
127.75,1
128.0,0
128.5,1
133.5,0
133.75,1
137.5,0
141.75,1
142.0,0
201.0,1
203.0,0
203.25,1
203.5,0
204.25,1
209.25,0
224.5,1
228.25,0
228.5,1
232.75,0
234.0,1
234.25,0
249.25,1
253.5,0
253.75,1
256.75,0
257.0,1
257.5,0
272.5,1
272.75,0
273.25,1
276.25,0
276.5,1
276.75,0
277.0,1
279.0,0
279.25,1
280.5,0
291.5,1
291.75,0
296.75,1
297.5,0
297.75,1
300.25,0
300.5,1
304.75,0
305.25,1
305.5,0
308.5,1
308.75,0
369.0,1
377.0,0
392.5,1
401.0,0
401.25,1
401.75,0
404.75,1
405.0,0
406.0,1
406.25,0
441.25,1
449.0,0
449.5,1
449.75,0
465.0,1
467.0,0
467.25,1
473.75,0
537.0,1
544.5,0
544.75,1
545.25,0
558.75,1
559.0,0
560.75,1
564.0,0
564.25,1
565.75,0
566.0,1
569.0,0
572.75,1
573.0,0
585.25,1
586.5,0
586.75,1
588.0,0
588.25,1
589.25,0
589.5,1
593.25,0
598.0,1
598.25,0
609.0,1
612.5,0
612.75,1
617.0,0
620.25,1
620.5,0
633.0,1
633.5,0
633.75,1
634.5,0
634.75,1
635.5,0
635.75,1
640.75,0
641.0,1
641.25,0
641.5,1
642.0,0
703.25,1
703.5,0
704.75,1
705.25,0
705.5,1
711.5,0
711.75,1
713.5,0
717.25,1
717.5,0
728.75,1
729.0,0
729.25,1
733.25,0
733.5,1
735.75,0
736.0,1
737.25,0
740.0,1
740.25,0
753.0,1
753.5,0
753.75,1
757.5,0
757.75,1
761.25,0
776.75,1
785.25,0
788.0,1
788.25,0
799.25,1
799.5,0
800.75,1
804.0,0
804.5,1
807.25,0
807.5,1
808.25,0
808.5,1
809.25,0
812.75,1
813.0,0
873.0,1
874.0,0
874.25,1
877.5,0
877.75,1
881.25,0
883.75,1
884.0,0
896.75,1
900.5,0
900.75,1
902.5,0
902.75,1
903.25,0
903.5,1
905.75,0
908.5,1
908.75,0
909.0,1
909.25,0
917.5,1
917.75,0
919.5,1
919.75,0
920.75,1
922.5,0
922.75,1
924.5,0
924.75,1
925.0,0
925.25,1
927.25,0
927.5,1
929.25,0
944.75,1
945.0,0
945.25,1
948.0,0
948.25,1
953.25,0
953.5,1
954.0,0
969.0,1
974.0,0
974.25,1
975.75,0
976.0,1
976.5,0
976.75,1
977.5,0
981.25,1
981.5,0
1041.0,1
1048.75,0
1049.0,1
1049.5,0
1065.0,1
1068.75,0
1069.0,1
1069.25,0
1069.5,1
1073.25,0
1112.25,1
1112.5,0
1113.0,1
1116.0,0
1116.25,1
1116.75,0
1117.0,1
1121.25,0
1125.25,1
1125.5,0
1135.0,1
1135.25,0
1137.0,1
1137.25,0
1137.5,1
1139.75,0
1140.0,1
1145.25,0
1145.5,1
1145.75,0
1209.0,1
1214.25,0
1214.5,1
1217.25,0
1232.75,1
1235.25,0
1235.5,1
1235.75,0
1236.0,1
1238.5,0
1238.75,1
1241.25,0
1244.0,1
1244.25,0
1245.0,1
1245.25,0
1245.75,1
1246.0,0
1256.0,1
1256.25,0
1257.5,1
1258.25,0
1258.5,1
1260.0,0
1260.25,1
1260.5,0
1261.0,1
1262.0,0
1262.25,1
1264.5,0
1264.75,1
1265.25,0
1269.25,1
1269.5,0
1279.5,1
1279.75,0
1280.75,1
1281.0,0
1281.25,1
1285.25,0
1285.5,1
1289.5,0
1305.0,1
1313.25,0
1316.5,1
1316.75,0
1376.75,1
1377.25,0
1377.5,1
1385.75,0
1388.75,1
1389.0,0
1400.75,1
1408.0,0
1408.25,1
1409.0,0
1409.25,1
1409.5,0
1413.0,1
1413.25,0
1424.5,1
1424.75,0
1425.0,1
1430.25,0
1430.5,1
1432.75,0
1433.25,1
1433.75,0
1436.25,1
1436.5,0
1448.75,1
1453.5,0
1453.75,1
1457.0,0
1457.25,1
1457.5,0
1472.75,1
1473.0,0
1473.25,1
1475.5,0
1475.75,1
1481.5,0
1486.0,1
1486.25,0
1486.5,1
1486.75,0
1543.5,1
1543.75,0
1544.75,1
1545.0,0
1545.25,1
1549.75,0
1550.0,1
1551.75,0
1552.0,1
1553.25,0
1553.5,1
1554.0,0
1566.5,1
1566.75,0
1567.0,1
1567.25,0
1568.75,1
1569.25,0
1569.5,1
1577.5,0
1580.75,1
1581.0,0
1582.0,1
1582.25,0
1589.75,1
1590.0,0
1592.75,1
1600.75,0
1601.25,1
1601.5,0
1617.25,1
1621.0,0
1621.25,1
1624.25,0
1624.5,1
1625.5,0
1628.25,1
1628.5,0
1640.25,1
1640.5,0
1641.25,1
1643.75,0
1644.0,1
1645.5,0
1645.75,1
1647.0,0
1647.25,1
1648.0,0
1648.5,1
1649.25,0
1649.5,1
1649.75,0
1710.5,1
1710.75,0
1712.0,1
1712.25,0
1712.5,1
1716.5,0
1716.75,1
1719.5,0
1719.75,1
1720.75,0
1721.0,1
1721.25,0
1736.75,1
1737.0,0
1737.25,1
1745.5,0
1748.5,1
1748.75,0
1760.75,1
1762.75,0
1763.0,1
1769.0,0
1769.5,1
1770.0,0
1784.0,1
1786.75,0
1787.0,1
1788.0,0
1788.25,1
1788.75,0
1789.0,1
1791.25,0
1791.75,1
1793.5,0
1809.0,1
1809.5,0
1809.75,1
1810.5,0
1810.75,1
1813.0,0
1813.25,1
1815.25,0
1815.5,1
1817.25,0
1817.5,1
1817.75,0
1819.75,1
1820.0,0
1820.5,1
1820.75,0
1881.0,1
1884.5,0
1884.75,1
1888.25,0
1888.5,1
1889.25,0
1889.5,1
1889.75,0
1892.75,1
1893.0,0
1904.5,1
1905.0,0
1905.25,1
1909.75,0
1910.0,1
1913.0,0
1913.25,1
1913.5,0
1927.75,1
1928.0,0
1928.5,1
1931.75,0
1932.0,1
1933.0,0
1933.25,1
1937.0,0
1949.5,1
1949.75,0
1952.75,1
1960.5,0
1960.75,1
1961.0,0
1961.25,1
1961.5,0
1965.25,1
1965.5,0
1974.5,1
1974.75,0
1975.75,1
1976.0,0
1977.0,1
1979.25,0
1979.75,1
1983.0,0
1983.25,1
1983.5,0
1983.75,1
1985.5,0
1988.75,1
1989.0,0
2048.75,1
2052.0,0
2052.25,1
2053.25,0
2053.5,1
2057.0,0
2061.75,1
2062.0,0
2072.25,1
2075.75,0
2076.0,1
2076.5,0
2076.75,1
2078.0,0
2078.25,1
2078.75,0
2079.25,1
2080.5,0
2080.75,1
2081.0,0
2081.25,1
2081.5,0
2096.75,1
2105.5,0
2118.0,1
2118.25,0
2120.5,1
2120.75,0
2121.0,1
2129.5,0
2129.75,1
2130.0,0
2144.75,1
2145.0,0
2145.5,1
2148.25,0
2148.5,1
2153.0,0
2156.5,1
2156.75,0
2216.5,1
2219.5,0
2219.75,1
2225.25,0
2227.75,1
2228.0,0
2228.5,1
2228.75,0
2240.5,1
2240.75,0
2241.0,1
2245.5,0
2245.75,1
2246.5,0
2246.75,1
2248.0,0
2248.25,1
2249.0,0
2265.25,1
2268.0,0
2268.25,1
2273.25,0
2288.75,1
2297.25,0
2301.25,1
2301.5,0
2312.25,1
2312.5,0
2313.0,1
2313.25,0
2313.5,1
2317.25,0
2317.75,1
2320.75,0
2321.25,1
2321.5,0
2325.75,1
2326.0,0
2384.25,1
2384.5,0
2384.75,1
2386.75,0
2387.0,1
2388.0,0
2388.25,1
2390.75,0
2391.25,1
2391.5,0
2391.75,1
2392.0,0
2392.25,1
2393.0,0
2393.25,1
2393.5,0
2396.25,1
2396.5,0
2397.5,1
2398.0,0
2399.5,1
2399.75,0
2409.0,1
2410.0,0
2410.25,1
2412.75,0
2413.0,1
2417.0,0
2417.25,1
2417.5,0
2432.0,1
2432.25,0
2432.75,1
2434.0,0
2434.25,1
2436.0,0
2436.25,1
2441.75,0
2456.75,1
2460.25,0
2460.5,1
2464.5,0
2464.75,1
2465.25,0
2469.75,1
2470.0,0
2480.75,1
2483.75,0
2484.0,1
2486.0,0
2486.5,1
2489.25,0
2552.25,1
2552.5,0
2553.0,1
2554.0,0
2554.25,1
2555.0,0
2555.25,1
2560.0,0
2560.25,1
2561.25,0
2576.75,1
2580.75,0
2581.0,1
2584.75,0
2585.25,1
2585.5,0
2588.75,1
2589.0,0
2600.75,1
2607.25,0
2607.5,1
2609.0,0
2609.25,1
2609.5,0
2625.0,1
2633.75,0
2648.5,1
2651.25,0
2651.5,1
2651.75,0
2653.0,1
2654.0,0
2654.25,1
2655.0,0
2655.25,1
2657.0,0
2657.25,1
2657.75,0
2721.0,1
2725.75,0
2726.0,1
2729.0,0
2729.25,1
2729.75,0
2745.25,1
2748.75,0
2749.25,1
2750.0,0
2750.25,1
2751.5,0
2751.75,1
2753.0,0
2753.25,1
2753.5,0
2769.0,1
2772.5,0
2772.75,1
2773.0,0
2773.25,1
2777.0,0
2777.25,1
2777.5,0
2782.0,1
2782.25,0
2791.0,1
2791.25,0
2793.0,1
2795.5,0
2795.75,1
2797.5,0
2797.75,1
2799.25,0
2799.5,1
2801.75,0
2805.25,1
2805.5,0
2816.75,1
2821.0,0
2821.25,1
2825.5,0
2886.25,1
2886.5,0
2888.5,1
2889.0,0
2889.25,1
2891.25,0
2891.5,1
2892.0,0
2892.25,1
2893.5,0
2893.75,1
2896.0,0
2896.25,1
2897.75,0
2901.25,1
2901.5,0
2912.75,1
2916.5,0
2916.75,1
2917.5,0
2917.75,1
2921.5,0
2937.25,1
2943.25,0
2943.5,1
2945.25,0
2946.0,1
2946.25,0
2947.75,1
2948.0,0
2961.0,1
2964.5,0
2964.75,1
2969.5,0
2969.75,1
2970.0,0
2984.75,1
2987.75,0
2988.0,1
2988.25,0
2988.5,1
2992.25,0
2992.5,1
2993.25,0
2997.25,1
2997.5,0
3056.5,1
3056.75,0
3057.25,1
3060.5,0
3060.75,1
3065.75,0
3070.25,1
3070.5,0
3080.75,1
3082.5,0
3082.75,1
3084.75,0
3085.0,1
3086.75,0
3087.0,1
3089.0,0
3103.5,1
3103.75,0
3105.0,1
3109.25,0
3109.5,1
3112.5,0
3112.75,1
3113.75,0
3118.5,1
3118.75,0
3128.5,1
3130.0,0
3130.25,1
3136.75,0
3137.0,1
3137.25,0
3137.5,1
3137.75,0
3152.75,1
3157.0,0
3157.25,1
3161.5,0
3225.0,1
3233.0,0
3233.5,1
3233.75,0
3245.5,1
3245.75,0
3248.75,1
3256.0,0
3256.25,1
3257.25,0
3261.0,1
3261.25,0
3272.25,1
3272.5,0
3273.0,1
3281.5,0
3284.5,1
3284.75,0
3285.0,1
3285.25,0
3297.5,1
3298.0,0
3298.25,1
3305.25,0
3319.5,1
3319.75,0
3320.5,1
3324.0,0
3324.25,1
3329.5,0
3392.75,1
3393.25,0
3393.5,1
3395.25,0
3395.5,1
3399.75,0
3400.0,1
3401.5,0
3401.75,1
3402.0,0
3417.0,1
3425.25,0
3440.5,1
3444.0,0
3444.25,1
3449.25,0
3464.5,1
3464.75,0
3465.0,1
3468.5,0
3468.75,1
3473.5,0
3487.0,1
3487.25,0
3488.75,1
3497.0,0
3497.25,1
3497.5,0
3561.0,1
3568.0,0
3568.25,1
3569.75,0
3609.25,1
3612.75,0
3613.0,1
3614.0,0
3614.25,1
3617.0,0
3620.75,1
3621.0,0
3622.25,1
3622.5,0
3631.0,1
3631.25,0
3633.0,1
3637.0,0
3637.25,1
3641.25,0
3655.0,1
3655.25,0
3656.75,1
3665.75,0
3670.0,1
3670.25,0
3728.75,1
3737.0,0
3737.25,1
3737.75,0
3740.75,1
3741.0,0
3752.75,1
3756.25,0
3756.5,1
3757.5,0
3757.75,1
3760.75,0
3761.0,1
3761.25,0
3776.0,1
3776.25,0
3777.5,1
3780.0,0
3780.25,1
3782.75,0
3783.0,1
3785.0,0
3785.5,1
3785.75,0
3789.0,1
3789.25,0
3798.75,1
3799.0,0
3800.5,1
3804.25,0
3804.5,1
3809.0,0
3809.25,1
3809.5,0
3821.5,1
3821.75,0
3824.25,1
3824.5,0
3825.0,1
3826.5,0
3826.75,1
3827.25,0
3827.5,1
3828.5,0
3828.75,1
3829.5,0
3829.75,1
3833.25,0
3838.75,1
3839.0,0
3896.5,1
3897.25,0
3897.5,1
3900.75,0
3901.0,1
3905.5,0
3905.75,1
3906.0,0
3908.5,1
3908.75,0
3918.5,1
3918.75,0
3921.0,1
3926.75,0
3927.0,1
3929.0,0
3929.25,1
3929.5,0
3944.5,1
3946.25,0
3946.5,1
3948.75,0
3949.0,1
3953.5,0
3956.5,1
3956.75,0
3966.5,1
3966.75,0
3967.5,1
3967.75,0
3968.25,1
3968.5,0
3969.0,1
3976.0,0
3976.25,1
3976.5,0
3976.75,1
3977.0,0
3977.25,1
3977.5,0
3992.0,1
3992.25,0
3992.75,1
3994.75,0
3995.0,1
3996.5,0
3996.75,1
4001.25,0
4001.5,1
4001.75,0
4005.0,1
4005.25,0
4064.75,1
4067.25,0
4067.5,1
4073.0,0
4088.5,1
4088.75,0
4089.0,1
4090.0,0
4090.25,1
4091.5,0
4091.75,1
4096.75,0
4097.0,1
4097.5,0
4112.25,1
4112.5,0
4112.75,1
4113.0,0
4113.5,1
4121.25,0
4121.5,1
4121.75,0
4124.0,1
4124.25,0
4125.5,1
4125.75,0
4136.75,1
4140.75,0
4141.0,1
4145.0,0
4145.25,1
4145.5,0
4149.75,1
4150.0,0
4161.0,1
4162.5,0
4162.75,1
4163.0,0
4163.25,1
4169.25,0
4170.0,1
4170.25,0
4230.75,1
4231.25,0
4232.0,1
4232.25,0
4232.75,1
4237.5,0
4238.0,1
4241.25,0
4246.5,1
4246.75,0
4257.0,1
4261.0,0
4261.25,1
4265.0,0
4280.5,1
4283.0,0
4283.25,1
4284.0,0
4284.25,1
4285.25,0
4285.5,1
4285.75,0
4286.0,1
4289.25,0
4292.5,1
4292.75,0
4304.25,1
4304.5,0
4304.75,1
4305.25,0
4305.5,1
4308.0,0
4308.25,1
4308.75,0
4309.0,1
4313.0,0
4313.5,1
4313.75,0
4318.5,1
4318.75,0
4328.5,1
4329.0,0
4329.25,1
4330.0,0
4330.25,1
4331.0,0
4331.25,1
4331.75,0
4332.0,1
4337.0,0
4337.25,1
4337.5,0
4342.75,1
4343.0,0
4398.25,1
4398.5,0
4399.5,1
4399.75,0
4400.75,1
4401.0,0
4401.25,1
4402.0,0
4402.25,1
4408.75,0
4409.0,1
4409.25,0
4412.75,1
4413.0,0
4449.0,1
4449.25,0
4449.5,1
4454.5,0
4454.75,1
4457.75,0
4469.75,1
4470.0,0
4473.0,1
4474.75,0
4475.0,1
4479.5,0
4479.75,1
4481.25,0
4481.5,1
4481.75,0
4484.75,1
4485.0,0
4497.0,1
4497.75,0
4498.25,1
4505.75,0
4569.25,1
4571.5,0
4571.75,1
4577.25,0
4593.0,1
4597.0,0
4597.25,1
4601.0,0
4601.25,1
4601.5,0
4605.0,1
4605.25,0
4616.75,1
4621.5,0
4621.75,1
4625.5,0
4626.0,1
4626.25,0
4640.25,1
4640.5,0
4640.75,1
4641.0,0
4641.25,1
4645.75,0
4646.0,1
4648.0,0
4648.25,1
4649.0,0
4649.25,1
4649.5,0
4663.0,1
4663.25,0
4664.75,1
4666.5,0
4666.75,1
4667.25,0
4667.5,1
4668.5,0
4668.75,1
4673.25,0
4678.75,1
4679.0,0
4736.75,1
4743.5,0
4743.75,1
4745.0,0
4745.25,1
4745.5,0
4758.75,1
4759.0,0
4761.0,1
4766.0,0
4766.25,1
4769.25,0
4769.5,1
4769.75,0
4785.5,1
4793.0,0
4793.5,1
4793.75,0
4805.5,1
4805.75,0
4808.0,1
4808.25,0
4809.0,1
4809.25,0
4809.5,1
4810.5,0
4810.75,1
4817.25,0
4817.5,1
4817.75,0
4820.0,1
4820.25,0
4833.25,1
4836.75,0
4837.0,1
4841.5,0
4904.5,1
4908.25,0
4908.75,1
4909.0,0
4909.25,1
4911.0,0
4911.25,1
4913.5,0
4913.75,1
4914.0,0
4928.5,1
4928.75,0
4929.0,1
4929.5,0
4929.75,1
4937.0,0
4941.5,1
4941.75,0
4952.5,1
4957.0,0
4957.25,1
4957.5,0
4958.0,1
4958.5,0
4958.75,1
4961.25,0
4963.25,1
4963.5,0
4975.5,1
4975.75,0
4976.5,1
4980.0,0
4980.25,1
4980.75,0
4981.0,1
4982.0,0
4982.25,1
4985.0,0
5000.75,1
5009.25,0
5072.25,1
5072.5,0
5072.75,1
5079.75,0
5080.0,1
5081.5,0
5096.5,1
5104.0,0
5104.25,1
5104.5,0
5104.75,1
5105.25,0
5118.25,1
5118.5,0
5120.75,1
5121.25,0
5121.5,1
5122.0,0
5122.25,1
5125.0,0
5125.25,1
5126.25,0
5126.5,1
5129.5,0
5133.5,1
5133.75,0
5144.75,1
5149.75,0
5150.25,1
5151.5,0
5151.75,1
5153.0,0
5167.0,1
5167.25,0
5167.5,1
5167.75,0
5169.25,1
5169.75,0
5170.0,1
5172.5,0
5172.75,1
5173.5,0
5173.75,1
5176.25,0
5176.5,1
5177.5,0
5180.0,1
5180.25,0
5239.5,1
5239.75,0
5241.0,1
5248.0,0
5248.25,1
5249.5,0
5253.0,1
5253.25,0
5253.5,1
5254.0,0
5264.75,1
5265.0,0
5265.5,1
5269.75,0
5270.0,1
5273.25,0
5273.5,1
5273.75,0
5277.0,1
5277.25,0
5288.75,1
5289.25,0
5289.5,1
5293.0,0
5293.25,1
5293.75,0
5294.0,1
5297.5,0
5310.25,1
5310.5,0
5313.0,1
5315.5,0
5316.0,1
5321.5,0
5336.75,1
5337.0,0
5337.25,1
5339.0,0
5339.25,1
5339.75,0
5340.0,1
5345.25,0
5349.75,1
5350.0,0
5408.5,1
5408.75,0
5409.0,1
5410.5,0
5410.75,1
5417.25,0
5417.5,1
5417.75,0
5421.25,1
5421.5,0
5433.0,1
5434.5,0
5434.75,1
5436.25,0
5436.5,1
5441.75,0
5456.75,1
5459.0,0
5459.25,1
5465.0,0
5477.25,1
5477.5,0
5481.25,1
5484.0,0
5484.25,1
5484.5,0
5484.75,1
5488.75,0
5489.0,1
5489.25,0
5502.0,1
5502.25,0
5504.5,1
5509.75,0
5510.25,1
5513.0,0
5513.5,1
5513.75,0
5576.5,1
5580.5,0
5580.75,1
5581.75,0
5582.0,1
5585.25,0
5600.0,1
5600.25,0
5600.5,1
5603.25,0
5603.5,1
5604.75,0
5605.0,1
5609.0,0
5609.25,1
5609.5,0
5623.75,1
5624.0,0
5624.5,1
5625.0,0
5625.25,1
5629.0,0
5629.5,1
5632.25,0
5632.5,1
5633.0,0
5633.25,1
5633.5,0
5635.75,1
5636.0,0
5636.5,1
5637.0,0
5638.0,1
5638.25,0
5648.75,1
5649.0,0
5649.5,1
5651.75,0
5652.0,1
5652.5,0
5653.0,1
5657.5,0
5662.25,1
5662.5,0
5669.75,1
5670.0,0
5673.0,1
5673.5,0
5673.75,1
5675.75,0
5676.0,1
5676.25,0
5676.75,1
5677.75,0
5678.0,1
5680.5,0
5680.75,1
5681.25,0
5743.0,1
5743.25,0
5745.25,1
5747.0,0
5747.25,1
5748.5,0
5748.75,1
5750.25,0
5750.5,1
5753.25,0
5766.75,1
5767.0,0
5768.75,1
5772.0,0
5772.25,1
5777.5,0
5781.25,1
5781.5,0
5793.0,1
5797.25,0
5797.5,1
5799.0,0
5799.25,1
5801.25,0
5802.25,1
5802.5,0
5805.5,1
5805.75,0
5817.0,1
5817.75,0
5818.0,1
5819.75,0
5820.0,1
5820.25,0
5820.75,1
5825.25,0
5825.5,1
5826.0,0
5829.5,1
5829.75,0
5830.0,1
5830.25,0
5835.25,1
5835.5,0
5841.0,1
5849.5,0
5904.5,1
5904.75,0
5909.75,1
5910.0,0
5912.75,1
5917.0,0
5917.25,1
5921.0,0
5921.25,1
5921.5,0
5924.25,1
5924.5,0
5925.75,1
5926.0,0
5960.75,1
5963.75,0
5964.0,1
5966.0,0
5966.5,1
5969.25,0
5969.5,1
5969.75,0
5982.25,1
5982.5,0
5985.0,1
5988.25,0
5988.5,1
5993.5,0
5997.5,1
5997.75,0
6009.0,1
6013.25,0
6013.5,1
6013.75,0
6014.0,1
6016.25,0
6016.5,1
6017.5,0
6079.5,1
6079.75,0
6080.0,1
6081.0,0
6081.5,1
6087.25,0
6087.75,1
6088.75,0
6089.0,1
6089.5,0
6091.25,1
6091.5,0
6104.25,1
6104.5,0
6104.75,1
6112.0,0
6112.25,1
6113.5,0
6128.25,1
6128.5,0
6128.75,1
6133.0,0
6133.25,1
6134.5,0
6134.75,1
6137.0,0
6137.25,1
6137.5,0
6152.25,1
6153.25,0
6153.5,1
6159.5,0
6159.75,1
6161.25,0
6161.5,1
6161.75,0
6163.75,1
6164.0,0
6165.75,1
6166.0,0
6174.75,1
6175.0,0
6175.25,1
6175.5,0
6176.5,1
6176.75,0
6177.0,1
6180.0,0
6180.75,1
6185.25,0
6246.0,1
6246.25,0
6248.25,1
6248.5,0
6248.75,1
6250.5,0
6251.0,1
6253.0,0
6253.25,1
6257.25,0
6261.0,1
6261.25,0
6272.5,1
6273.25,0
6273.5,1
6273.75,0
6274.25,1
6275.75,0
6276.0,1
6279.5,0
6279.75,1
6281.25,0
6283.75,1
6284.0,0
6284.75,1
6285.0,0
6285.5,1
6285.75,0
6296.75,1
6297.5,0
6297.75,1
6300.25,0
6300.75,1
6301.25,0
6301.5,1
6305.0,0
6305.25,1
6305.5,0
6318.0,1
6318.25,0
6320.75,1
6322.5,0
6322.75,1
6329.25,0
6343.5,1
6343.75,0
6344.75,1
6345.25,0
6345.5,1
6348.75,0
6349.0,1
6353.25,0
6353.5,1
6353.75,0
6356.75,1
6357.0,0
6417.0,1
6420.5,0
6420.75,1
6421.5,0
6421.75,1
6422.0,0
6422.25,1
6425.25,0
6428.75,1
6429.0,0
6440.75,1
6447.5,0
6447.75,1
6449.5,0
6464.25,1
6464.5,0
6465.0,1
6468.5,0
6468.75,1
6469.0,0
6469.25,1
6470.0,0
6470.25,1
6472.75,0
6473.0,1
6473.5,0
6477.5,1
6477.75,0
6488.75,1
6491.0,0
6491.25,1
6492.5,0
6492.75,1
6497.25,0
6500.75,1
6501.0,0
6512.5,1
6519.75,0
6520.0,1
6520.5,0
6521.0,1
6521.5,0
6524.25,1
6524.5,0
6584.5,1
6591.0,0
6591.25,1
6593.0,0
6609.25,1
6615.5,0
6615.75,1
6617.75,0
6632.5,1
6641.5,0
6642.25,1
6642.5,0
6656.75,1
6657.25,0
6657.5,1
6659.0,0
6659.25,1
6660.5,0
6660.75,1
6665.25,0
6668.75,1
6669.0,0
6675.25,1
6675.5,0
6679.5,1
6679.75,0
6680.75,1
6685.25,0
6685.5,1
6689.0,0
6689.25,1
6689.5,0
6691.0,1
6691.25,0
6692.75,1
6693.0,0
6749.75,1
6750.0,0
6751.5,1
6751.75,0
6752.5,1
6753.25,0
6753.5,1
6758.0,0
6758.25,1
6759.0,0
6759.25,1
6759.5,0
6759.75,1
6761.25,0
6765.5,1
6765.75,0
6766.5,1
6766.75,0
6800.5,1
6809.0,0
6809.25,1
6809.75,0
6812.0,1
6812.25,0
6813.0,1
6813.25,0
6823.0,1
6823.25,0
6824.75,1
6827.75,0
6828.0,1
6832.25,0
6833.0,1
6833.25,0
6837.25,1
6837.5,0
6848.75,1
6851.75,0
6852.0,1
6852.5,0
6853.0,1
6855.0,0
6855.25,1
6858.0,0
6921.0,1
6929.0,0
6931.75,1
6932.0,0
6942.25,1
6942.5,0
6944.75,1
6946.25,0
6946.5,1
6948.5,0
6948.75,1
6949.5,0
6949.75,1
6952.75,0
6953.0,1
6953.5,0
6953.75,1
6954.0,0
6966.25,1
6966.5,0
6967.0,1
6967.25,0
6969.0,1
6971.0,0
6971.5,1
6973.25,0
6973.75,1
6976.75,0
6977.0,1
6977.25,0
6980.0,1
6980.25,0
6992.25,1
6992.5,0
6993.0,1
7001.25,0
7013.75,1
7014.0,0
7015.5,1
7015.75,0
7016.0,1
7016.25,0
7016.75,1
7025.5,0
7088.25,1
7088.5,0
7089.0,1
7092.0,0
7092.25,1
7097.0,0
7097.25,1
7097.5,0
7109.25,1
7109.5,0
7112.25,1
7112.5,0
7112.75,1
7116.25,0
7116.5,1
7117.75,0
7118.0,1
7119.25,0
7119.75,1
7121.5,0
7136.5,1
7139.75,0
7140.0,1
7140.75,0
7141.0,1
7144.75,0
7145.0,1
7145.25,0
7148.25,1
7148.5,0
7150.0,1
7150.25,0
7160.5,1
7161.0,0
7161.25,1
7161.5,0
7161.75,1
7163.0,0
7163.25,1
7168.25,0
7168.5,1
7169.5,0
7185.0,1
7186.25,0
7186.5,1
7189.5,0
7189.75,1
7191.25,0
7191.5,1
7193.25,0
7256.5,1
7260.0,0
7260.5,1
7265.25,0
7281.0,1
7283.25,0
7283.5,1
7285.25,0
7285.5,1
7288.0,0
7288.25,1
7289.0,0
7293.0,1
7293.25,0
7302.5,1
7302.75,0
7304.75,1
7306.25,0
7306.5,1
7307.0,0
7307.25,1
7309.75,0
7310.0,1
7311.0,0
7311.5,1
7313.25,0
7328.75,1
7333.0,0
7333.25,1
7336.5,0
7336.75,1
7337.25,0
7351.5,1
7351.75,0
7353.0,1
7353.5,0
7353.75,1
7357.5,0
7357.75,1
7361.25,0
7361.5,1
7361.75,0
7424.0,1
7424.25,0
7425.0,1
7427.0,0
7427.25,1
7433.25,0
7449.0,1
7450.75,0
7451.25,1
7453.25,0
7453.5,1
7457.25,0
7460.25,1
7460.5,0
7472.75,1
7474.5,0
7474.75,1
7475.75,0
7476.0,1
7481.25,0
7496.75,1
7500.25,0
7500.5,1
7501.25,0
7501.5,1
7505.0,0
7521.0,1
7522.75,0
7523.0,1
7528.75,0
7529.0,1
7529.5,0
7591.75,1
7592.0,0
7592.75,1
7596.75,0
7597.25,1
7598.5,0
7598.75,1
7601.25,0
7601.5,1
7601.75,0
7616.5,1
7616.75,0
7617.25,1
7621.0,0
7621.25,1
7624.5,0
7629.0,1
7629.25,0
7629.5,1
7629.75,0
7632.5,1
7632.75,0
7641.0,1
7643.25,0
7643.5,1
7648.5,0
7648.75,1
7649.75,0
7653.75,1
7654.0,0
7664.25,1
7664.5,0
7664.75,1
7667.25,0
7667.5,1
7673.25,0
7688.5,1
7693.0,0
7693.25,1
7697.25,0
7758.5,1
7758.75,0
7760.25,1
7764.5,0
7765.0,1
7769.5,0
7774.25,1
7774.5,0
7784.5,1
7790.0,0
7790.25,1
7793.25,0
7808.5,1
7810.0,0
7810.25,1
7811.75,0
7812.0,1
7812.25,0
7812.5,1
7817.0,0
7817.25,1
7817.75,0
7832.25,1
7832.75,0
7834.0,1
7837.75,0
7838.25,1
7841.0,0
7841.5,1
7841.75,0
7927.75,1
7928.0,0
7928.5,1
7928.75,0
7929.0,1
7933.5,0
7933.75,1
7937.5,0
7951.25,1
7951.5,0
7952.5,1
7956.25,0
7956.5,1
7961.25,0
7961.5,1
7961.75,0
7964.75,1
7965.0,0
7976.75,1
7979.25,0
7979.5,1
7980.0,0
7980.25,1
7980.5,0
7980.75,1
7981.75,0
7982.0,1
7985.25,0
8000.25,1
8000.5,0
8000.75,1
8004.25,0
8004.5,1
8005.0,0
8005.25,1
8007.5,0
8007.75,1
8009.0,0
8012.25,1
8012.5,0
8022.5,1
8022.75,0
8024.5,1
8029.75,0
8030.0,1
8033.0,0
8038.0,1
8038.25,0
8097.0,1
8100.25,0
8100.5,1
8105.5,0
8110.0,1
8110.25,0
8120.75,1
8122.0,0
8122.5,1
8123.25,0
8123.5,1
8129.0,0
8129.25,1
8129.5,0
8132.75,1
8133.0,0
8134.25,1
8134.5,0
8144.75,1
8149.25,0
8149.75,1
8151.0,0
8151.25,1
8153.25,0
8168.75,1
8169.0,0
8169.25,1
8177.5,0
8192.75,1
8197.25,0
8197.5,1
8200.25,0
8200.5,1
8201.25,0
8201.5,1
8201.75,0
8206.75,1
8207.0,0
8263.25,1
8263.5,0
8264.75,1
8273.25,0
8273.5,1
8273.75,0
8274.75,1
8275.0,0
8287.25,1
8287.5,0
8289.0,1
8293.75,0
8294.0,1
8294.75,0
8295.0,1
8297.5,0
8300.25,1
8300.5,0
8312.75,1
8313.5,0
8313.75,1
8315.0,0
8315.25,1
8316.0,0
8316.5,1
8321.5,0
8333.75,1
8334.0,0
8336.0,1
8336.25,0
8336.75,1
8340.0,0
8340.25,1
8340.5,0
8341.25,1
8345.25,0
8345.5,1
8345.75,0
8349.0,1
8349.25,0
8360.75,1
8361.0,0
8361.25,1
8365.0,0
8365.25,1
8366.5,0
8366.75,1
8367.0,0
8367.25,1
8368.75,0
8369.0,1
8369.25,0
8369.5,1
8369.75,0
8433.0,1
8440.75,0
8456.75,1
8460.0,0
8460.25,1
8465.25,0
8469.5,1
8469.75,0
8470.0,1
8470.25,0
8479.25,1
8479.5,0
8480.5,1
8484.5,0
8485.0,1
8487.75,0
8488.0,1
8489.0,0
8489.25,1
8489.5,0
8493.5,1
8493.75,0
8503.75,1
8504.0,0
8505.0,1
8513.75,0
8525.75,1
8526.0,0
8528.75,1
8530.75,0
8531.0,1
8532.25,0
8532.75,1
8537.5,0
8625.0,1
8626.0,0
8626.25,1
8633.25,0
8633.75,1
8634.0,0
8635.25,1
8635.5,0
8646.25,1
8646.5,0
8647.0,1
8647.25,0
8648.75,1
8652.5,0
8652.75,1
8657.0,0
8657.25,1
8657.5,0
8661.0,1
8661.25,0
8669.75,1
8670.0,0
8672.25,1
8672.5,0
8673.0,1
8673.25,0
8673.5,1
8673.75,0
8674.0,1
8677.0,0
8677.25,1
8681.25,0
8696.75,1
8702.75,0
8703.0,1
8704.75,0
8705.0,1
8705.25,0
8705.75,1
8706.0,0

float Room-219 (1043,2)
0.0,0
32.5,1
33.5,0
36.5,1
38.5,0
57.0,1
58.5,0
59.5,1
60.5,0
61.0,1
63.0,0
64.0,1
65.0,0
103.0,1
104.5,0
105.0,1
107.0,0
107.5,1
108.5,0
109.5,1
110.0,0
110.5,1
112.5,0
131.0,1
131.5,0
132.0,1
133.5,0
136.5,1
137.0,0
207.0,1
208.0,0
224.5,1
225.5,0
227.0,1
230.0,0
232.0,1
233.5,0
296.5,1
297.5,0
304.0,1
305.0,0
368.5,1
370.0,0
371.0,1
372.0,0
372.5,1
374.0,0
374.5,1
375.0,0
394.5,1
396.0,0
442.0,1
443.0,0
443.5,1
444.5,0
445.0,1
446.5,0
448.0,1
448.5,0
537.5,1
538.5,0
540.0,1
543.0,0
583.0,1
584.5,0
585.0,1
586.5,0
588.0,1
589.5,0
590.5,1
592.0,0
607.5,1
608.5,0
610.0,1
610.5,0
612.5,1
613.0,0
616.0,1
617.5,0
632.0,1
633.0,0
634.5,1
636.5,0
637.5,1
638.5,0
639.0,1
640.0,0
641.0,1
641.5,0
729.0,1
730.0,0
733.0,1
735.0,0
752.5,1
753.5,0
755.5,1
757.5,0
872.5,1
873.5,0
874.0,1
875.5,0
876.0,1
876.5,0
877.5,1
878.5,0
899.5,1
901.5,0
926.0,1
927.0,0
945.0,1
946.0,0
949.0,1
951.0,0
951.5,1
953.5,0
970.0,1
971.0,0
972.0,1
973.5,0
974.0,1
975.5,0
977.0,1
977.5,0
1041.0,1
1042.0,0
1064.5,1
1068.0,0
1070.0,1
1070.5,0
1114.0,1
1115.5,0
1116.0,1
1118.5,0
1120.0,1
1121.5,0
1140.0,1
1142.5,0
1209.0,1
1211.5,0
1212.5,1
1215.0,0
1216.5,1
1217.5,0
1232.5,1
1234.5,0
1236.5,1
1237.5,0
1257.5,1
1259.5,0
1261.5,1
1262.5,0
1263.0,1
1263.5,0
1264.0,1
1265.5,0
1282.0,1
1283.0,0
1284.0,1
1284.5,0
1285.0,1
1286.5,0
1287.5,1
1289.5,0
1376.0,1
1378.5,0
1379.0,1
1381.0,0
1383.5,1
1384.5,0
1400.5,1
1403.0,0
1404.5,1
1406.0,0
1408.0,1
1409.0,0
1425.0,1
1430.0,0
1431.0,1
1432.5,0
1544.5,1
1545.5,0
1547.5,1
1549.0,0
1571.0,1
1572.0,0
1573.0,1
1574.0,0
1592.0,1
1592.5,0
1596.0,1
1598.0,0
1599.5,1
1600.5,0
1621.0,1
1621.5,0
1642.5,1
1643.5,0
1647.0,1
1647.5,0
1713.0,1
1714.0,0
1737.0,1
1738.5,0
1739.5,1
1741.5,0
1742.0,1
1744.5,0
1761.5,1
1764.0,0
1767.5,1
1768.5,0
1787.0,1
1787.5,0
1791.0,1
1794.0,0
1807.5,1
1809.0,0
1809.5,1
1811.0,0
1812.0,1
1812.5,0
1813.0,1
1816.5,0
1887.5,1
1889.5,0
1907.0,1
1908.0,0
1908.5,1
1910.0,0
1912.5,1
1913.5,0
1928.5,1
1930.0,0
1931.5,1
1933.5,0
1934.5,1
1937.0,0
2049.0,1
2049.5,0
2052.0,1
2054.0,0
2055.0,1
2056.5,0
2057.0,1
2057.5,0
2074.5,1
2075.5,0
2076.0,1
2077.0,0
2078.0,1
2080.0,0
2081.0,1
2082.0,0
2096.5,1
2097.0,0
2122.0,1
2123.0,0
2216.0,1
2216.5,0
2218.0,1
2218.5,0
2263.0,1
2264.0,0
2264.5,1
2266.0,0
2268.0,1
2269.0,0
2270.5,1
2272.5,0
2297.0,1
2297.5,0
2317.0,1
2318.5,0
2319.0,1
2319.5,0
2321.0,1
2321.5,0
2386.5,1
2388.0,0
2388.5,1
2390.0,0
2391.0,1
2392.0,0
2408.5,1
2412.5,0
2413.0,1
2413.5,0
2415.0,1
2416.5,0
2433.0,1
2435.0,0
2435.5,1
2436.5,0
2437.0,1
2438.5,0
2457.0,1
2458.5,0
2463.5,1
2464.5,0
2480.0,1
2482.0,0
2486.0,1
2488.5,0
2553.5,1
2556.5,0
2558.5,1
2559.5,0
2577.5,1
2579.0,0
2584.0,1
2584.5,0
2600.5,1
2601.5,0
2603.0,1
2604.5,0
2626.0,1
2627.0,0
2627.5,1
2629.5,0
2630.0,1
2631.5,0
2632.0,1
2633.0,0
2650.0,1
2651.5,0
2652.5,1
2653.5,0
2723.0,1
2725.0,0
2751.5,1
2752.0,0
2769.0,1
2770.0,0
2770.5,1
2771.5,0
2774.5,1
2776.0,0
2777.0,1
2777.5,0
2797.0,1
2798.0,0
2798.5,1
2800.0,0
2819.5,1
2821.0,0
2823.0,1
2823.5,0
2887.0,1
2888.0,0
2888.5,1
2889.5,0
2890.5,1
2891.5,0
2893.5,1
2894.0,0
2896.0,1
2897.5,0
2913.0,1
2913.5,0
2917.5,1
2919.5,0
2983.5,1
2984.5,0
2987.0,1
2987.5,0
2988.0,1
2989.0,0
2989.5,1
2990.0,0
2990.5,1
2991.5,0
3057.0,1
3058.0,0
3059.0,1
3060.0,0
3063.5,1
3065.5,0
3081.0,1
3082.0,0
3112.5,1
3113.0,0
3129.5,1
3131.0,0
3133.0,1
3137.5,0
3154.0,1
3155.0,0
3155.5,1
3157.0,0
3160.5,1
3161.0,0
3227.0,1
3227.5,0
3254.0,1
3255.5,0
3272.5,1
3274.0,0
3277.0,1
3278.0,0
3278.5,1
3281.0,0
3297.5,1
3298.0,0
3392.0,1
3393.0,0
3393.5,1
3396.0,0
3396.5,1
3398.0,0
3398.5,1
3400.5,0
3416.0,1
3417.0,0
3420.5,1
3421.5,0
3424.5,1
3425.0,0
3441.0,1
3442.0,0
3447.0,1
3449.5,0
3566.0,1
3566.5,0
3608.5,1
3609.5,0
3610.0,1
3612.0,0
3612.5,1
3613.5,0
3614.5,1
3616.5,0
3634.0,1
3635.0,0
3636.5,1
3638.5,0
3639.5,1
3641.0,0
3655.0,1
3655.5,0
3664.5,1
3665.0,0
3729.0,1
3730.0,0
3734.0,1
3735.0,0
3752.5,1
3756.0,0
3756.5,1
3757.5,0
3758.0,1
3759.5,0
3808.5,1
3809.5,0
3824.5,1
3825.0,0
3826.0,1
3828.0,0
3830.0,1
3831.0,0
3831.5,1
3832.5,0
3896.5,1
3897.5,0
3898.5,1
3900.0,0
3901.5,1
3903.0,0
3924.0,1
3925.5,0
3944.5,1
3947.5,0
3951.0,1
3952.0,0
3952.5,1
3953.5,0
3971.5,1
3973.5,0
3975.0,1
3976.0,0
3990.5,1
3992.0,0
3994.0,1
3995.0,0
3997.0,1
3998.5,0
4000.0,1
4001.5,0
4065.5,1
4067.0,0
4072.5,1
4073.5,0
4136.5,1
4139.0,0
4140.0,1
4141.0,0
4141.5,1
4142.5,0
4143.0,1
4145.0,0
4160.5,1
4161.5,0
4164.0,1
4165.5,0
4166.0,1
4167.0,0
4168.5,1
4169.5,0
4235.0,1
4236.0,0
4286.5,1
4288.0,0
4307.0,1
4309.0,0
4310.5,1
4311.5,0
4312.5,1
4313.5,0
4328.5,1
4329.5,0
4332.0,1
4334.0,0
4335.0,1
4337.0,0
4401.0,1
4402.5,0
4407.0,1
4408.5,0
4448.5,1
4450.0,0
4451.5,1
4452.5,0
4453.5,1
4456.0,0
4472.5,1
4474.5,0
4475.5,1
4476.5,0
4477.0,1
4479.0,0
4479.5,1
4481.0,0
4497.5,1
4499.0,0
4501.5,1
4503.5,0
4569.5,1
4570.5,0
4572.5,1
4573.5,0
4576.0,1
4577.5,0
4594.5,1
4595.0,0
4596.5,1
4597.5,0
4598.0,1
4599.0,0
4599.5,1
4600.5,0
4622.5,1
4624.0,0
4624.5,1
4625.0,0
4642.5,1
4643.0,0
4645.5,1
4647.0,0
4664.5,1
4665.5,0
4666.0,1
4667.0,0
4669.0,1
4670.5,0
4672.0,1
4673.5,0
4735.0,1
4736.0,0
4737.5,1
4739.5,0
4744.0,1
4745.0,0
4760.5,1
4762.5,0
4763.5,1
4764.0,0
4764.5,1
4766.5,0
4788.0,1
4789.5,0
4792.0,1
4793.0,0
4808.5,1
4809.5,0
4810.0,1
4811.0,0
4811.5,1
4813.5,0
4815.0,1
4817.0,0
4836.5,1
4838.5,0
4904.5,1
4905.0,0
4909.0,1
4910.5,0
4926.0,1
4926.5,0
4930.5,1
4931.5,0
4933.5,1
4934.5,0
4936.0,1
4937.5,0
4959.0,1
4960.5,0
4976.0,1
4977.0,0
5007.5,1
5009.0,0
5079.0,1
5080.0,0
5080.5,1
5081.5,0
5097.0,1
5098.5,0
5102.5,1
5103.0,0
5144.5,1
5145.5,0
5149.0,1
5150.0,0
5152.0,1
5153.5,0
5241.0,1
5243.5,0
5246.5,1
5247.0,0
5248.5,1
5249.5,0
5266.0,1
5267.5,0
5268.0,1
5269.5,0
5270.0,1
5273.0,0
5289.0,1
5290.0,0
5291.0,1
5291.5,0
5292.0,1
5293.5,0
5313.5,1
5318.0,0
5319.0,1
5320.0,0
5337.0,1
5339.0,0
5340.0,1
5341.0,0
5342.0,1
5344.0,0
5409.5,1
5410.0,0
5411.0,1
5411.5,0
5412.5,1
5413.0,0
5415.5,1
5416.5,0
5432.5,1
5433.5,0
5436.0,1
5436.5,0
5438.0,1
5440.0,0
5458.5,1
5464.5,0
5480.5,1
5481.0,0
5483.5,1
5485.0,0
5488.5,1
5490.0,0
5505.0,1
5507.0,0
5508.0,1
5509.5,0
5510.0,1
5511.5,0
5583.0,1
5584.0,0
5585.5,1
5586.0,0
5603.5,1
5605.0,0
5606.0,1
5606.5,0
5625.0,1
5625.5,0
5626.5,1
5628.5,0
5629.5,1
5631.5,0
5632.0,1
5633.0,0
5673.5,1
5674.0,0
5675.0,1
5675.5,0
5677.0,1
5678.5,0
5680.0,1
5682.0,0
5747.5,1
5748.0,0
5750.5,1
5752.0,0
5767.0,1
5767.5,0
5768.5,1
5771.0,0
5773.0,1
5774.5,0
5776.0,1
5777.0,0
5791.5,1
5792.5,0
5794.0,1
5795.0,0
5795.5,1
5796.0,0
5796.5,1
5797.0,0
5800.0,1
5801.5,0
5819.0,1
5819.5,0
5823.5,1
5824.0,0
5842.0,1
5843.0,0
5844.0,1
5847.0,0
5914.0,1
5914.5,0
5916.5,1
5918.0,0
5918.5,1
5920.0,0
5962.0,1
5963.5,0
6008.5,1
6009.0,0
6013.0,1
6015.0,0
6016.0,1
6017.5,0
6081.5,1
6082.0,0
6085.0,1
6085.5,0
6086.0,1
6087.5,0
6089.0,1
6089.5,0
6107.0,1
6107.5,0
6108.0,1
6109.5,0
6110.0,1
6111.5,0
6112.0,1
6113.5,0
6176.0,1
6178.5,0
6180.0,1
6184.5,0
6249.0,1
6250.0,0
6253.0,1
6254.0,0
6255.5,1
6257.0,0
6272.5,1
6274.0,0
6295.5,1
6297.0,0
6300.5,1
6302.0,0
6351.5,1
6352.0,0
6417.5,1
6418.0,0
6489.5,1
6491.5,0
6493.0,1
6496.0,0
6497.0,1
6497.5,0
6510.5,1
6511.5,0
6513.0,1
6517.0,0
6584.5,1
6585.5,0
6587.5,1
6588.5,0
6589.5,1
6592.5,0
6609.0,1
6612.5,0
6613.5,1
6614.5,0
6615.5,1
6616.0,0
6637.0,1
6638.0,0
6800.0,1
6802.0,0
6803.5,1
6804.5,0
6805.0,1
6806.0,0
6824.5,1
6828.5,0
6829.0,1
6831.0,0
6832.0,1
6833.5,0
6854.5,1
6856.5,0
6926.5,1
6928.0,0
6945.5,1
6948.5,0
6949.0,1
6950.0,0
6950.5,1
6951.5,0
6970.0,1
6972.0,0
6973.0,1
6973.5,0
6975.5,1
6976.5,0
7017.0,1
7019.0,0
7019.5,1
7023.0,0
7023.5,1
7025.0,0
7087.0,1
7090.0,0
7091.5,1
7093.0,0
7093.5,1
7094.0,0
7095.5,1
7097.0,0
7136.5,1
7137.5,0
7138.5,1
7140.5,0
7141.5,1
7144.0,0
7163.0,1
7166.0,0
7169.0,1
7169.5,0
7185.0,1
7186.5,0
7187.0,1
7190.0,0
7191.0,1
7192.5,0
7193.0,1
7193.5,0
7256.5,1
7257.5,0
7307.0,1
7308.5,0
7310.5,1
7311.5,0
7312.0,1
7313.5,0
7329.0,1
7330.0,0
7354.5,1
7355.0,0
7357.0,1
7357.5,0
7360.5,1
7361.5,0
7425.5,1
7427.5,0
7428.0,1
7431.0,0
7431.5,1
7433.0,0
7449.0,1
7449.5,0
7451.0,1
7453.0,0
7472.5,1
7477.0,0
7480.5,1
7481.5,0
7496.5,1
7498.0,0
7498.5,1
7499.5,0
7500.5,1
7502.0,0
7503.0,1
7504.5,0
7520.5,1
7521.5,0
7523.0,1
7524.5,0
7525.5,1
7527.5,0
7594.5,1
7595.5,0
7597.0,1
7598.5,0
7600.0,1
7601.5,0
7623.5,1
7624.5,0
7640.5,1
7642.0,0
7644.5,1
7646.5,0
7667.0,1
7667.5,0
7668.5,1
7670.5,0
7693.0,1
7694.0,0
7696.0,1
7697.5,0
7784.5,1
7786.5,0
7788.0,1
7788.5,0
7789.0,1
7790.5,0
7791.0,1
7792.5,0
7930.0,1
7932.0,0
7957.0,1
7958.5,0
7978.0,1
7978.5,0
7982.0,1
7984.0,0
8002.5,1
8004.5,0
8006.0,1
8006.5,0
8026.0,1
8026.5,0
8030.0,1
8033.5,0
8098.5,1
8100.0,0
8102.5,1
8103.5,0
8120.0,1
8121.0,0
8121.5,1
8122.0,0
8126.0,1
8127.0,0
8127.5,1
8129.0,0
8145.0,1
8146.0,0
8151.5,1
8153.0,0
8173.5,1
8174.5,0
8193.0,1
8193.5,0
8198.5,1
8199.5,0
8200.0,1
8201.5,0
8270.0,1
8271.0,0
8271.5,1
8273.5,0
8288.5,1
8289.5,0
8290.0,1
8292.0,0
8297.0,1
8297.5,0
8343.5,1
8344.0,0
8364.5,1
8365.0,0
8368.0,1
8369.5,0
8431.0,1
8432.0,0
8434.0,1
8434.5,0
8436.0,1
8436.5,0
8437.5,1
8438.5,0
8439.0,1
8440.0,0
8460.5,1
8462.5,0
8464.0,1
8465.0,0
8502.5,1
8503.5,0
8507.0,1
8508.0,0
8529.0,1
8534.0,0
8534.5,1
8535.5,0
8537.5,1
8538.0,0
8625.0,1
8626.0,0
8626.5,1
8629.5,0
8631.0,1
8633.5,0
8651.5,1
8653.0,0
8656.0,1
8657.0,0
8678.5,1
8680.0,0
8703.5,1
8704.5,0
